2026-05-27 13:58:41 - uniquant.shared.cache.cache_factory - INFO - 2026-05-27 13:58:41 - uniquant.shared.cache.cache_factory - INFO - Creating MemoryCacheBackend with max_size=5000
2026-05-27 13:58:41 - uniquant.shared.cache.backends - INFO - 2026-05-27 13:58:41 - uniquant.shared.cache.backends - INFO - MemoryCacheBackend initialized with max_size: 5000
2026-05-27 14:13:03 - uniquant.shared.cache.cache_factory - INFO - 2026-05-27 14:13:03 - uniquant.shared.cache.cache_factory - INFO - Creating MemoryCacheBackend with max_size=5000
2026-05-27 14:13:03 - uniquant.shared.cache.backends - INFO - 2026-05-27 14:13:03 - uniquant.shared.cache.backends - INFO - MemoryCacheBackend initialized with max_size: 5000
2026-05-27 14:13:05 - uniquant.shared.cache.cache_factory - INFO - 2026-05-27 14:13:05 - uniquant.shared.cache.cache_factory - INFO - Creating MemoryCacheBackend with max_size=5000
2026-05-27 14:13:05 - uniquant.shared.cache.backends - INFO - 2026-05-27 14:13:05 - uniquant.shared.cache.backends - INFO - MemoryCacheBackend initialized with max_size: 5000
2026-05-27 14:13:06 - uniquant.shared.cache.cache_factory - INFO - 2026-05-27 14:13:06 - uniquant.shared.cache.cache_factory - INFO - Creating MemoryCacheBackend with max_size=5000
2026-05-27 14:13:06 - uniquant.shared.cache.backends - INFO - 2026-05-27 14:13:06 - uniquant.shared.cache.backends - INFO - MemoryCacheBackend initialized with max_size: 5000
2026-05-27 14:13:08 - uniquant.shared.cache.cache_factory - INFO - 2026-05-27 14:13:08 - uniquant.shared.cache.cache_factory - INFO - Creating MemoryCacheBackend with max_size=5000
2026-05-27 14:13:08 - uniquant.shared.cache.backends - INFO - 2026-05-27 14:13:08 - uniquant.shared.cache.backends - INFO - MemoryCacheBackend initialized with max_size: 5000
2026-05-27 14:13:09 - uniquant.shared.cache.cache_factory - INFO - 2026-05-27 14:13:09 - uniquant.shared.cache.cache_factory - INFO - Creating MemoryCacheBackend with max_size=5000
2026-05-27 14:13:09 - uniquant.shared.cache.backends - INFO - 2026-05-27 14:13:09 - uniquant.shared.cache.backends - INFO - MemoryCacheBackend initialized with max_size: 5000
2026-05-27 14:14:12 - uniquant.shared.cache.cache_factory - INFO - 2026-05-27 14:14:12 - uniquant.shared.cache.cache_factory - INFO - Creating MemoryCacheBackend with max_size=5000
2026-05-27 14:14:12 - uniquant.shared.cache.backends - INFO - 2026-05-27 14:14:12 - uniquant.shared.cache.backends - INFO - MemoryCacheBackend initialized with max_size: 5000
2026-05-27 14:40:34 - uniquant.data.utils.akshare_wrapper - ERROR - 2026-05-27 14:40:34 - uniquant.data.utils.akshare_wrapper - ERROR - Failed to initialize akshare: No module named 'akshare'
2026-05-27 14:44:20 - uniquant.shared.cache.cache_factory - INFO - 2026-05-27 14:44:20 - uniquant.shared.cache.cache_factory - INFO - Creating MemoryCacheBackend with max_size=5000
2026-05-27 14:44:20 - uniquant.shared.cache.backends - INFO - 2026-05-27 14:44:20 - uniquant.shared.cache.backends - INFO - MemoryCacheBackend initialized with max_size: 5000
2026-05-27 14:44:20 - uniquant.data.utils.akshare_wrapper - ERROR - 2026-05-27 14:44:20 - uniquant.data.utils.akshare_wrapper - ERROR - Failed to initialize akshare: No module named 'akshare'
2026-05-27 14:44:46 - uniquant.shared.cache.cache_factory - INFO - 2026-05-27 14:44:46 - uniquant.shared.cache.cache_factory - INFO - Creating MemoryCacheBackend with max_size=5000
2026-05-27 14:44:46 - uniquant.shared.cache.backends - INFO - 2026-05-27 14:44:46 - uniquant.shared.cache.backends - INFO - MemoryCacheBackend initialized with max_size: 5000
2026-05-27 14:44:46 - uniquant.data.utils.akshare_wrapper - ERROR - 2026-05-27 14:44:46 - uniquant.data.utils.akshare_wrapper - ERROR - Failed to initialize akshare: No module named 'akshare'
2026-05-27 14:49:28 - uniquant.shared.cache.cache_factory - INFO - 2026-05-27 14:49:28 - uniquant.shared.cache.cache_factory - INFO - Creating MemoryCacheBackend with max_size=5000
2026-05-27 14:49:28 - uniquant.shared.cache.backends - INFO - 2026-05-27 14:49:28 - uniquant.shared.cache.backends - INFO - MemoryCacheBackend initialized with max_size: 5000
2026-05-27 14:49:28 - uniquant.data.utils.akshare_wrapper - ERROR - 2026-05-27 14:49:28 - uniquant.data.utils.akshare_wrapper - ERROR - Failed to initialize akshare: No module named 'akshare'
2026-05-27 14:49:35 - uniquant.shared.cache.cache_factory - INFO - 2026-05-27 14:49:35 - uniquant.shared.cache.cache_factory - INFO - Creating MemoryCacheBackend with max_size=5000
2026-05-27 14:49:35 - uniquant.shared.cache.backends - INFO - 2026-05-27 14:49:35 - uniquant.shared.cache.backends - INFO - MemoryCacheBackend initialized with max_size: 5000
2026-05-27 14:49:35 - uniquant.data.utils.akshare_wrapper - ERROR - 2026-05-27 14:49:35 - uniquant.data.utils.akshare_wrapper - ERROR - Failed to initialize akshare: No module named 'akshare'
2026-05-27 14:50:00 - uniquant.shared.cache.cache_factory - INFO - 2026-05-27 14:50:00 - uniquant.shared.cache.cache_factory - INFO - Creating MemoryCacheBackend with max_size=5000
2026-05-27 14:50:00 - uniquant.shared.cache.backends - INFO - 2026-05-27 14:50:00 - uniquant.shared.cache.backends - INFO - MemoryCacheBackend initialized with max_size: 5000
2026-05-27 14:50:00 - uniquant.data.utils.akshare_wrapper - ERROR - 2026-05-27 14:50:00 - uniquant.data.utils.akshare_wrapper - ERROR - Failed to initialize akshare: No module named 'akshare'
2026-05-27 14:56:26 - uniquant.shared.cache.cache_factory - INFO - 2026-05-27 14:56:26 - uniquant.shared.cache.cache_factory - INFO - Creating MemoryCacheBackend with max_size=5000
2026-05-27 14:56:26 - uniquant.shared.cache.backends - INFO - 2026-05-27 14:56:26 - uniquant.shared.cache.backends - INFO - MemoryCacheBackend initialized with max_size: 5000
2026-05-27 14:56:27 - uniquant.data.utils.akshare_wrapper - ERROR - 2026-05-27 14:56:27 - uniquant.data.utils.akshare_wrapper - ERROR - Failed to initialize akshare: No module named 'akshare'
2026-05-27 14:59:25 - uniquant.shared.cache.cache_factory - INFO - 2026-05-27 14:59:25 - uniquant.shared.cache.cache_factory - INFO - Creating MemoryCacheBackend with max_size=5000
2026-05-27 14:59:25 - uniquant.shared.cache.backends - INFO - 2026-05-27 14:59:25 - uniquant.shared.cache.backends - INFO - MemoryCacheBackend initialized with max_size: 5000
2026-05-27 14:59:25 - uniquant.data.utils.akshare_wrapper - ERROR - 2026-05-27 14:59:25 - uniquant.data.utils.akshare_wrapper - ERROR - Failed to initialize akshare: No module named 'akshare'
2026-05-27 15:00:35 - uniquant.shared.cache.cache_factory - INFO - 2026-05-27 15:00:35 - uniquant.shared.cache.cache_factory - INFO - Creating MemoryCacheBackend with max_size=5000
2026-05-27 15:00:35 - uniquant.shared.cache.backends - INFO - 2026-05-27 15:00:35 - uniquant.shared.cache.backends - INFO - MemoryCacheBackend initialized with max_size: 5000
2026-05-27 15:00:35 - uniquant.data.utils.akshare_wrapper - ERROR - 2026-05-27 15:00:35 - uniquant.data.utils.akshare_wrapper - ERROR - Failed to initialize akshare: No module named 'akshare'
2026-05-27 15:28:55 - uniquant.shared.cache.cache_factory - INFO - 2026-05-27 15:28:55 - uniquant.shared.cache.cache_factory - INFO - Creating MemoryCacheBackend with max_size=5000
2026-05-27 15:28:55 - uniquant.shared.cache.backends - INFO - 2026-05-27 15:28:55 - uniquant.shared.cache.backends - INFO - MemoryCacheBackend initialized with max_size: 5000
2026-05-27 15:28:55 - uniquant.data.utils.akshare_wrapper - ERROR - 2026-05-27 15:28:55 - uniquant.data.utils.akshare_wrapper - ERROR - Failed to initialize akshare: No module named 'akshare'
2026-05-27 15:51:27 - uniquant.shared.cache.cache_factory - INFO - 2026-05-27 15:51:27 - uniquant.shared.cache.cache_factory - INFO - Creating MemoryCacheBackend with max_size=5000
2026-05-27 15:51:27 - uniquant.shared.cache.backends - INFO - 2026-05-27 15:51:27 - uniquant.shared.cache.backends - INFO - MemoryCacheBackend initialized with max_size: 5000
2026-05-27 15:51:27 - uniquant.data.utils.akshare_wrapper - ERROR - 2026-05-27 15:51:27 - uniquant.data.utils.akshare_wrapper - ERROR - Failed to initialize akshare: No module named 'akshare'
2026-05-27 15:51:29 - FactorRegistry - INFO - 2026-05-27 15:51:29 - FactorRegistry - INFO - ✅ 因子注册成功: momentum_20d (technical) weight=1.0
2026-05-27 15:51:29 - FactorRegistry - INFO - 2026-05-27 15:51:29 - FactorRegistry - INFO - ✅ 因子注册成功: momentum_60d (technical) weight=0.9
2026-05-27 15:51:29 - FactorRegistry - INFO - 2026-05-27 15:51:29 - FactorRegistry - INFO - ✅ 因子注册成功: volatility_20d (technical) weight=0.8
2026-05-27 15:51:45 - uniquant.shared.cache.cache_factory - INFO - 2026-05-27 15:51:45 - uniquant.shared.cache.cache_factory - INFO - Creating MemoryCacheBackend with max_size=5000
2026-05-27 15:51:45 - uniquant.shared.cache.backends - INFO - 2026-05-27 15:51:45 - uniquant.shared.cache.backends - INFO - MemoryCacheBackend initialized with max_size: 5000
2026-05-27 15:51:46 - uniquant.data.utils.akshare_wrapper - ERROR - 2026-05-27 15:51:46 - uniquant.data.utils.akshare_wrapper - ERROR - Failed to initialize akshare: No module named 'akshare'
2026-05-27 15:51:56 - uniquant.shared.cache.cache_factory - INFO - 2026-05-27 15:51:56 - uniquant.shared.cache.cache_factory - INFO - Creating MemoryCacheBackend with max_size=5000
2026-05-27 15:51:56 - uniquant.shared.cache.backends - INFO - 2026-05-27 15:51:56 - uniquant.shared.cache.backends - INFO - MemoryCacheBackend initialized with max_size: 5000
2026-05-27 15:51:57 - uniquant.data.utils.akshare_wrapper - ERROR - 2026-05-27 15:51:57 - uniquant.data.utils.akshare_wrapper - ERROR - Failed to initialize akshare: No module named 'akshare'
2026-05-27 15:52:06 - uniquant.shared.cache.cache_factory - INFO - 2026-05-27 15:52:06 - uniquant.shared.cache.cache_factory - INFO - Creating MemoryCacheBackend with max_size=5000
2026-05-27 15:52:06 - uniquant.shared.cache.backends - INFO - 2026-05-27 15:52:06 - uniquant.shared.cache.backends - INFO - MemoryCacheBackend initialized with max_size: 5000
2026-05-27 15:52:06 - uniquant.data.utils.akshare_wrapper - ERROR - 2026-05-27 15:52:06 - uniquant.data.utils.akshare_wrapper - ERROR - Failed to initialize akshare: No module named 'akshare'
2026-05-27 15:53:27 - uniquant.shared.cache.cache_factory - INFO - 2026-05-27 15:53:27 - uniquant.shared.cache.cache_factory - INFO - Creating MemoryCacheBackend with max_size=5000
2026-05-27 15:53:27 - uniquant.shared.cache.backends - INFO - 2026-05-27 15:53:27 - uniquant.shared.cache.backends - INFO - MemoryCacheBackend initialized with max_size: 5000
2026-05-27 15:53:28 - uniquant.data.utils.akshare_wrapper - ERROR - 2026-05-27 15:53:28 - uniquant.data.utils.akshare_wrapper - ERROR - Failed to initialize akshare: No module named 'akshare'
2026-05-27 15:53:29 - uniquant.shared.cache.cache_factory - INFO - 2026-05-27 15:53:29 - uniquant.shared.cache.cache_factory - INFO - Creating MemoryCacheBackend with max_size=5000
2026-05-27 15:53:29 - uniquant.shared.cache.backends - INFO - 2026-05-27 15:53:29 - uniquant.shared.cache.backends - INFO - MemoryCacheBackend initialized with max_size: 5000
2026-05-27 15:53:29 - FactorRegistry - INFO - 2026-05-27 15:53:29 - FactorRegistry - INFO - ✅ 因子注册成功: momentum_20d (technical) weight=1.0
2026-05-27 15:53:29 - FactorRegistry - INFO - 2026-05-27 15:53:29 - FactorRegistry - INFO - ✅ 因子注册成功: momentum_60d (technical) weight=0.9
2026-05-27 15:53:29 - FactorRegistry - INFO - 2026-05-27 15:53:29 - FactorRegistry - INFO - ✅ 因子注册成功: volatility_20d (technical) weight=0.8
2026-05-27 15:53:29 - FactorRegistry - INFO - 2026-05-27 15:53:29 - FactorRegistry - INFO - ✅ 因子注册成功: volatility_60d (technical) weight=0.7
2026-05-27 15:53:29 - FactorRegistry - INFO - 2026-05-27 15:53:29 - FactorRegistry - INFO - ✅ 因子注册成功: ma_ratio_5_20 (technical) weight=0.85
2026-05-27 15:53:29 - FactorRegistry - INFO - 2026-05-27 15:53:29 - FactorRegistry - INFO - ✅ 因子注册成功: ma_ratio_10_60 (technical) weight=0.75
2026-05-27 15:53:29 - FactorRegistry - INFO - 2026-05-27 15:53:29 - FactorRegistry - INFO - ✅ 因子注册成功: volume_ratio_5_20 (technical) weight=0.6
2026-05-27 15:53:29 - FactorRegistry - INFO - 2026-05-27 15:53:29 - FactorRegistry - INFO - ✅ 因子注册成功: rsi_14 (technical) weight=0.8
2026-05-27 15:53:29 - FactorRegistry - INFO - 2026-05-27 15:53:29 - FactorRegistry - INFO - ✅ 因子注册成功: price_position_20d (technical) weight=0.7
2026-05-27 15:53:29 - FactorRegistry - INFO - 2026-05-27 15:53:29 - FactorRegistry - INFO - ✅ 因子注册成功: turnover_momentum_20d (technical) weight=0.85
2026-05-27 15:53:30 - uniquant.data.utils.akshare_wrapper - INFO - 2026-05-27 15:53:30 - uniquant.data.utils.akshare_wrapper - INFO - AkShare initialized successfully
2026-05-27 15:53:31 - FactorRegistry - INFO - 2026-05-27 15:53:31 - FactorRegistry - INFO - ✅ 因子注册成功: momentum_20d (technical) weight=1.0
2026-05-27 15:53:31 - FactorRegistry - INFO - 2026-05-27 15:53:31 - FactorRegistry - INFO - ✅ 因子注册成功: momentum_60d (technical) weight=0.9
2026-05-27 15:53:31 - FactorRegistry - INFO - 2026-05-27 15:53:31 - FactorRegistry - INFO - ✅ 因子注册成功: volatility_20d (technical) weight=0.8
2026-05-27 15:53:31 - FactorRegistry - INFO - 2026-05-27 15:53:31 - FactorRegistry - INFO - ✅ 因子注册成功: volatility_60d (technical) weight=0.7
2026-05-27 15:53:31 - FactorRegistry - INFO - 2026-05-27 15:53:31 - FactorRegistry - INFO - ✅ 因子注册成功: ma_ratio_5_20 (technical) weight=0.85
2026-05-27 15:53:31 - FactorRegistry - INFO - 2026-05-27 15:53:31 - FactorRegistry - INFO - ✅ 因子注册成功: ma_ratio_10_60 (technical) weight=0.75
2026-05-27 15:53:31 - FactorRegistry - INFO - 2026-05-27 15:53:31 - FactorRegistry - INFO - ✅ 因子注册成功: volume_ratio_5_20 (technical) weight=0.6
2026-05-27 15:53:31 - FactorRegistry - INFO - 2026-05-27 15:53:31 - FactorRegistry - INFO - ✅ 因子注册成功: rsi_14 (technical) weight=0.8
2026-05-27 15:53:31 - FactorRegistry - INFO - 2026-05-27 15:53:31 - FactorRegistry - INFO - ✅ 因子注册成功: price_position_20d (technical) weight=0.7
2026-05-27 15:53:31 - FactorRegistry - INFO - 2026-05-27 15:53:31 - FactorRegistry - INFO - ✅ 因子注册成功: turnover_momentum_20d (technical) weight=0.85
2026-05-27 15:53:31 - uniquant.shared.cache.cache_factory - INFO - 2026-05-27 15:53:31 - uniquant.shared.cache.cache_factory - INFO - Creating MemoryCacheBackend with max_size=5000
2026-05-27 15:53:31 - uniquant.shared.cache.backends - INFO - 2026-05-27 15:53:31 - uniquant.shared.cache.backends - INFO - MemoryCacheBackend initialized with max_size: 5000
2026-05-27 15:53:31 - uniquant.data.utils.akshare_wrapper - INFO - 2026-05-27 15:53:31 - uniquant.data.utils.akshare_wrapper - INFO - AkShare initialized successfully
2026-05-27 15:53:32 - FactorRegistry - INFO - 2026-05-27 15:53:32 - FactorRegistry - INFO - ✅ 因子注册成功: momentum_20d (technical) weight=1.0
2026-05-27 15:53:32 - FactorRegistry - INFO - 2026-05-27 15:53:32 - FactorRegistry - INFO - ✅ 因子注册成功: momentum_60d (technical) weight=0.9
2026-05-27 15:53:32 - FactorRegistry - INFO - 2026-05-27 15:53:32 - FactorRegistry - INFO - ✅ 因子注册成功: volatility_20d (technical) weight=0.8
2026-05-27 15:53:32 - FactorRegistry - INFO - 2026-05-27 15:53:32 - FactorRegistry - INFO - ✅ 因子注册成功: volatility_60d (technical) weight=0.7
2026-05-27 15:53:32 - FactorRegistry - INFO - 2026-05-27 15:53:32 - FactorRegistry - INFO - ✅ 因子注册成功: ma_ratio_5_20 (technical) weight=0.85
2026-05-27 15:53:32 - FactorRegistry - INFO - 2026-05-27 15:53:32 - FactorRegistry - INFO - ✅ 因子注册成功: ma_ratio_10_60 (technical) weight=0.75
2026-05-27 15:53:32 - FactorRegistry - INFO - 2026-05-27 15:53:32 - FactorRegistry - INFO - ✅ 因子注册成功: volume_ratio_5_20 (technical) weight=0.6
2026-05-27 15:53:32 - FactorRegistry - INFO - 2026-05-27 15:53:32 - FactorRegistry - INFO - ✅ 因子注册成功: rsi_14 (technical) weight=0.8
2026-05-27 15:53:32 - FactorRegistry - INFO - 2026-05-27 15:53:32 - FactorRegistry - INFO - ✅ 因子注册成功: price_position_20d (technical) weight=0.7
2026-05-27 15:53:32 - FactorRegistry - INFO - 2026-05-27 15:53:32 - FactorRegistry - INFO - ✅ 因子注册成功: turnover_momentum_20d (technical) weight=0.85
2026-05-27 16:00:47 - uniquant.shared.cache.cache_factory - INFO - 2026-05-27 16:00:47 - uniquant.shared.cache.cache_factory - INFO - Creating MemoryCacheBackend with max_size=5000
2026-05-27 16:00:47 - uniquant.shared.cache.backends - INFO - 2026-05-27 16:00:47 - uniquant.shared.cache.backends - INFO - MemoryCacheBackend initialized with max_size: 5000
2026-05-27 16:00:48 - uniquant.data.utils.akshare_wrapper - INFO - 2026-05-27 16:00:48 - uniquant.data.utils.akshare_wrapper - INFO - AkShare initialized successfully
2026-05-27 16:00:49 - FactorRegistry - INFO - 2026-05-27 16:00:49 - FactorRegistry - INFO - ✅ 因子注册成功: momentum_20d (technical) weight=1.0
2026-05-27 16:00:49 - FactorRegistry - INFO - 2026-05-27 16:00:49 - FactorRegistry - INFO - ✅ 因子注册成功: momentum_60d (technical) weight=0.9
2026-05-27 16:00:49 - FactorRegistry - INFO - 2026-05-27 16:00:49 - FactorRegistry - INFO - ✅ 因子注册成功: volatility_20d (technical) weight=0.8
2026-05-27 16:00:49 - FactorRegistry - INFO - 2026-05-27 16:00:49 - FactorRegistry - INFO - ✅ 因子注册成功: volatility_60d (technical) weight=0.7
2026-05-27 16:00:49 - FactorRegistry - INFO - 2026-05-27 16:00:49 - FactorRegistry - INFO - ✅ 因子注册成功: ma_ratio_5_20 (technical) weight=0.85
2026-05-27 16:00:49 - FactorRegistry - INFO - 2026-05-27 16:00:49 - FactorRegistry - INFO - ✅ 因子注册成功: ma_ratio_10_60 (technical) weight=0.75
2026-05-27 16:00:49 - FactorRegistry - INFO - 2026-05-27 16:00:49 - FactorRegistry - INFO - ✅ 因子注册成功: volume_ratio_5_20 (technical) weight=0.6
2026-05-27 16:00:49 - FactorRegistry - INFO - 2026-05-27 16:00:49 - FactorRegistry - INFO - ✅ 因子注册成功: rsi_14 (technical) weight=0.8
2026-05-27 16:00:49 - FactorRegistry - INFO - 2026-05-27 16:00:49 - FactorRegistry - INFO - ✅ 因子注册成功: price_position_20d (technical) weight=0.7
2026-05-27 16:00:49 - FactorRegistry - INFO - 2026-05-27 16:00:49 - FactorRegistry - INFO - ✅ 因子注册成功: turnover_momentum_20d (technical) weight=0.85
2026-05-27 16:02:31 - uniquant.shared.cache.cache_factory - INFO - 2026-05-27 16:02:31 - uniquant.shared.cache.cache_factory - INFO - Creating MemoryCacheBackend with max_size=5000
2026-05-27 16:02:31 - uniquant.shared.cache.backends - INFO - 2026-05-27 16:02:31 - uniquant.shared.cache.backends - INFO - MemoryCacheBackend initialized with max_size: 5000
2026-05-27 16:03:12 - uniquant.shared.cache.cache_factory - INFO - 2026-05-27 16:03:12 - uniquant.shared.cache.cache_factory - INFO - Creating MemoryCacheBackend with max_size=5000
2026-05-27 16:03:12 - uniquant.shared.cache.backends - INFO - 2026-05-27 16:03:12 - uniquant.shared.cache.backends - INFO - MemoryCacheBackend initialized with max_size: 5000
2026-05-27 16:05:04 - uniquant.shared.cache.cache_factory - INFO - 2026-05-27 16:05:04 - uniquant.shared.cache.cache_factory - INFO - Creating MemoryCacheBackend with max_size=5000
2026-05-27 16:05:04 - uniquant.shared.cache.backends - INFO - 2026-05-27 16:05:04 - uniquant.shared.cache.backends - INFO - MemoryCacheBackend initialized with max_size: 5000
2026-05-28 08:59:22 - uniquant.shared.cache.cache_factory - INFO - 2026-05-28 08:59:22 - uniquant.shared.cache.cache_factory - INFO - Creating MemoryCacheBackend with max_size=5000
2026-05-28 08:59:22 - uniquant.shared.cache.backends - INFO - 2026-05-28 08:59:22 - uniquant.shared.cache.backends - INFO - MemoryCacheBackend initialized with max_size: 5000
2026-05-28 08:59:22 - uniquant.data.utils.akshare_wrapper - INFO - 2026-05-28 08:59:22 - uniquant.data.utils.akshare_wrapper - INFO - AkShare initialized successfully
2026-05-28 08:59:23 - FactorRegistry - INFO - 2026-05-28 08:59:23 - FactorRegistry - INFO - ✅ 因子注册成功: momentum_20d (technical) weight=1.0
2026-05-28 08:59:23 - FactorRegistry - INFO - 2026-05-28 08:59:23 - FactorRegistry - INFO - ✅ 因子注册成功: momentum_60d (technical) weight=0.9
2026-05-28 08:59:23 - FactorRegistry - INFO - 2026-05-28 08:59:23 - FactorRegistry - INFO - ✅ 因子注册成功: volatility_20d (technical) weight=0.8
2026-05-28 08:59:23 - FactorRegistry - INFO - 2026-05-28 08:59:23 - FactorRegistry - INFO - ✅ 因子注册成功: volatility_60d (technical) weight=0.7
2026-05-28 08:59:23 - FactorRegistry - INFO - 2026-05-28 08:59:23 - FactorRegistry - INFO - ✅ 因子注册成功: ma_ratio_5_20 (technical) weight=0.85
2026-05-28 08:59:23 - FactorRegistry - INFO - 2026-05-28 08:59:23 - FactorRegistry - INFO - ✅ 因子注册成功: ma_ratio_10_60 (technical) weight=0.75
2026-05-28 08:59:23 - FactorRegistry - INFO - 2026-05-28 08:59:23 - FactorRegistry - INFO - ✅ 因子注册成功: volume_ratio_5_20 (technical) weight=0.6
2026-05-28 08:59:23 - FactorRegistry - INFO - 2026-05-28 08:59:23 - FactorRegistry - INFO - ✅ 因子注册成功: rsi_14 (technical) weight=0.8
2026-05-28 08:59:23 - FactorRegistry - INFO - 2026-05-28 08:59:23 - FactorRegistry - INFO - ✅ 因子注册成功: price_position_20d (technical) weight=0.7
2026-05-28 08:59:23 - FactorRegistry - INFO - 2026-05-28 08:59:23 - FactorRegistry - INFO - ✅ 因子注册成功: turnover_momentum_20d (technical) weight=0.85
2026-05-28 09:00:42 - uniquant.shared.cache.cache_factory - INFO - 2026-05-28 09:00:42 - uniquant.shared.cache.cache_factory - INFO - Creating MemoryCacheBackend with max_size=5000
2026-05-28 09:00:42 - uniquant.shared.cache.backends - INFO - 2026-05-28 09:00:42 - uniquant.shared.cache.backends - INFO - MemoryCacheBackend initialized with max_size: 5000
2026-05-28 09:00:43 - FactorRegistry - INFO - 2026-05-28 09:00:43 - FactorRegistry - INFO - ✅ 因子注册成功: momentum_20d (technical) weight=1.0
2026-05-28 09:00:43 - FactorRegistry - INFO - 2026-05-28 09:00:43 - FactorRegistry - INFO - ✅ 因子注册成功: momentum_60d (technical) weight=0.9
2026-05-28 09:00:43 - FactorRegistry - INFO - 2026-05-28 09:00:43 - FactorRegistry - INFO - ✅ 因子注册成功: volatility_20d (technical) weight=0.8
2026-05-28 09:00:43 - FactorRegistry - INFO - 2026-05-28 09:00:43 - FactorRegistry - INFO - ✅ 因子注册成功: volatility_60d (technical) weight=0.7
2026-05-28 09:00:43 - FactorRegistry - INFO - 2026-05-28 09:00:43 - FactorRegistry - INFO - ✅ 因子注册成功: ma_ratio_5_20 (technical) weight=0.85
2026-05-28 09:00:43 - FactorRegistry - INFO - 2026-05-28 09:00:43 - FactorRegistry - INFO - ✅ 因子注册成功: ma_ratio_10_60 (technical) weight=0.75
2026-05-28 09:00:43 - FactorRegistry - INFO - 2026-05-28 09:00:43 - FactorRegistry - INFO - ✅ 因子注册成功: volume_ratio_5_20 (technical) weight=0.6
2026-05-28 09:00:43 - FactorRegistry - INFO - 2026-05-28 09:00:43 - FactorRegistry - INFO - ✅ 因子注册成功: rsi_14 (technical) weight=0.8
2026-05-28 09:00:43 - FactorRegistry - INFO - 2026-05-28 09:00:43 - FactorRegistry - INFO - ✅ 因子注册成功: price_position_20d (technical) weight=0.7
2026-05-28 09:00:43 - FactorRegistry - INFO - 2026-05-28 09:00:43 - FactorRegistry - INFO - ✅ 因子注册成功: turnover_momentum_20d (technical) weight=0.85
2026-05-28 09:01:09 - uniquant.shared.cache.cache_factory - INFO - 2026-05-28 09:01:09 - uniquant.shared.cache.cache_factory - INFO - Creating MemoryCacheBackend with max_size=5000
2026-05-28 09:01:09 - uniquant.shared.cache.backends - INFO - 2026-05-28 09:01:09 - uniquant.shared.cache.backends - INFO - MemoryCacheBackend initialized with max_size: 5000
2026-05-28 09:01:10 - uniquant.data.utils.akshare_wrapper - INFO - 2026-05-28 09:01:10 - uniquant.data.utils.akshare_wrapper - INFO - AkShare initialized successfully
2026-05-28 09:01:11 - FactorRegistry - INFO - 2026-05-28 09:01:11 - FactorRegistry - INFO - ✅ 因子注册成功: momentum_20d (technical) weight=1.0
2026-05-28 09:01:11 - FactorRegistry - INFO - 2026-05-28 09:01:11 - FactorRegistry - INFO - ✅ 因子注册成功: momentum_60d (technical) weight=0.9
2026-05-28 09:01:11 - FactorRegistry - INFO - 2026-05-28 09:01:11 - FactorRegistry - INFO - ✅ 因子注册成功: volatility_20d (technical) weight=0.8
2026-05-28 09:01:11 - FactorRegistry - INFO - 2026-05-28 09:01:11 - FactorRegistry - INFO - ✅ 因子注册成功: volatility_60d (technical) weight=0.7
2026-05-28 09:01:11 - FactorRegistry - INFO - 2026-05-28 09:01:11 - FactorRegistry - INFO - ✅ 因子注册成功: ma_ratio_5_20 (technical) weight=0.85
2026-05-28 09:01:11 - FactorRegistry - INFO - 2026-05-28 09:01:11 - FactorRegistry - INFO - ✅ 因子注册成功: ma_ratio_10_60 (technical) weight=0.75
2026-05-28 09:01:11 - FactorRegistry - INFO - 2026-05-28 09:01:11 - FactorRegistry - INFO - ✅ 因子注册成功: volume_ratio_5_20 (technical) weight=0.6
2026-05-28 09:01:11 - FactorRegistry - INFO - 2026-05-28 09:01:11 - FactorRegistry - INFO - ✅ 因子注册成功: rsi_14 (technical) weight=0.8
2026-05-28 09:01:11 - FactorRegistry - INFO - 2026-05-28 09:01:11 - FactorRegistry - INFO - ✅ 因子注册成功: price_position_20d (technical) weight=0.7
2026-05-28 09:01:11 - FactorRegistry - INFO - 2026-05-28 09:01:11 - FactorRegistry - INFO - ✅ 因子注册成功: turnover_momentum_20d (technical) weight=0.85
2026-05-28 09:01:12 - uniquant.brain.ntf.ntf_engine - INFO - 2026-05-28 09:01:12 - uniquant.brain.ntf.ntf_engine - INFO - NTF SIGNAL: Volume pulsar detected (Ratio: 3.00, Side: SUPPORT, Confidence: 0.85)
2026-05-28 09:01:12 - uniquant.brain.ntf.ntf_engine - INFO - 2026-05-28 09:01:12 - uniquant.brain.ntf.ntf_engine - INFO - NTF SIGNAL: Volume pulsar detected (Ratio: 3.00, Side: RESISTANCE, Confidence: 0.80)
2026-05-28 09:01:12 - uniquant.brain.ntf.ntf_engine - INFO - 2026-05-28 09:01:12 - uniquant.brain.ntf.ntf_engine - INFO - NTF SIGNAL: Volume pulsar detected (Ratio: 3.00, Side: LIQUIDITY_PULSE, Confidence: 0.40)
2026-05-28 09:01:12 - uniquant.brain.ntf.ntf_engine - WARNING - 2026-05-28 09:01:12 - uniquant.brain.ntf.ntf_engine - WARNING - 数据缺少成交量列 (volume/vol)
2026-05-28 09:01:12 - uniquant.brain.ntf.ntf_engine - INFO - 2026-05-28 09:01:12 - uniquant.brain.ntf.ntf_engine - INFO - NTF SIGNAL: Volume pulsar detected (Ratio: 3.00, Side: SUPPORT, Confidence: 0.85)
2026-05-28 09:01:12 - uniquant.brain.ntf.ntf_engine - ERROR - 2026-05-28 09:01:12 - uniquant.brain.ntf.ntf_engine - ERROR - 无法获取 510300.SH 的数据
2026-05-28 09:01:12 - uniquant.brain.ntf.ntf_engine - ERROR - 2026-05-28 09:01:12 - uniquant.brain.ntf.ntf_engine - ERROR - 数据缺少必要列: close 或 volume
2026-05-28 09:01:12 - uniquant.brain.regime.regime_detector - INFO - 2026-05-28 09:01:12 - uniquant.brain.regime.regime_detector - INFO - RegimeDetector初始化: entropy_threshold=0.1, turnover_z_limit=2.5, min_data_points=10
2026-05-28 09:01:12 - uniquant.brain.regime.regime_detector - WARNING - 2026-05-28 09:01:12 - uniquant.brain.regime.regime_detector - WARNING - 输入数据为None
2026-05-28 09:01:12 - uniquant.brain.regime.regime_detector - WARNING - 2026-05-28 09:01:12 - uniquant.brain.regime.regime_detector - WARNING - 输入数据类型错误: <class 'list'>
2026-05-28 09:01:12 - uniquant.brain.regime.regime_detector - WARNING - 2026-05-28 09:01:12 - uniquant.brain.regime.regime_detector - WARNING - 输入数据为空
2026-05-28 09:01:12 - uniquant.brain.regime.regime_detector - WARNING - 2026-05-28 09:01:12 - uniquant.brain.regime.regime_detector - WARNING - 数据点不足: 5 < 10
2026-05-28 09:01:12 - uniquant.brain.regime.regime_detector - WARNING - 2026-05-28 09:01:12 - uniquant.brain.regime.regime_detector - WARNING - 缺少必需列: ['volume']
2026-05-28 09:01:12 - uniquant.brain.regime.regime_detector - WARNING - 2026-05-28 09:01:12 - uniquant.brain.regime.regime_detector - WARNING - 收盘价列全为NaN
2026-05-28 09:01:12 - uniquant.brain.regime.regime_detector - WARNING - 2026-05-28 09:01:12 - uniquant.brain.regime.regime_detector - WARNING - Empty entropy series detected, defaulting to NORMAL regime
2026-05-28 09:01:12 - uniquant.brain.regime.regime_detector - INFO - 2026-05-28 09:01:12 - uniquant.brain.regime.regime_detector - INFO - RegimeDetector初始化: entropy_threshold=0.1, turnover_z_limit=2.5, min_data_points=10
2026-05-28 09:01:12 - uniquant.brain.regime.regime_detector - WARNING - 2026-05-28 09:01:12 - uniquant.brain.regime.regime_detector - WARNING - FROZEN regime detected (Entropy percentile: 0.0000)
2026-05-28 09:01:12 - uniquant.brain.regime.regime_detector - WARNING - 2026-05-28 09:01:12 - uniquant.brain.regime.regime_detector - WARNING - STRESSED regime detected (Turnover Z: 99.00)
2026-05-28 09:01:12 - uniquant.brain.regime.regime_detector - WARNING - 2026-05-28 09:01:12 - uniquant.brain.regime.regime_detector - WARNING - Empty entropy series detected, defaulting to NORMAL regime
2026-05-28 09:01:12 - uniquant.brain.regime.regime_detector - INFO - 2026-05-28 09:01:12 - uniquant.brain.regime.regime_detector - INFO - RegimeDetector初始化: entropy_threshold=0.1, turnover_z_limit=2.5, min_data_points=10
2026-05-28 09:01:12 - uniquant.brain.regime.regime_detector - ERROR - 2026-05-28 09:01:12 - uniquant.brain.regime.regime_detector - ERROR - 无法获取 000001.SZ 的数据
2026-05-28 09:01:12 - uniquant.brain.czsc.czsc_engine - WARNING - 2026-05-28 09:01:12 - uniquant.brain.czsc.czsc_engine - WARNING - open值必须为正数: -10.0
2026-05-28 09:01:12 - uniquant.brain.czsc.czsc_engine - WARNING - 2026-05-28 09:01:12 - uniquant.brain.czsc.czsc_engine - WARNING - K线数据验证失败，跳过本次分析
2026-05-28 09:01:12 - uniquant.brain.czsc.czsc_engine - WARNING - 2026-05-28 09:01:12 - uniquant.brain.czsc.czsc_engine - WARNING - 缺少必需列: {'high', 'open', 'low'}
2026-05-28 09:01:12 - uniquant.brain.czsc.czsc_engine - WARNING - 2026-05-28 09:01:12 - uniquant.brain.czsc.czsc_engine - WARNING - K线数据验证失败，跳过本次分析
2026-05-28 09:01:12 - uniquant.brain.czsc.czsc_engine - WARNING - 2026-05-28 09:01:12 - uniquant.brain.czsc.czsc_engine - WARNING - high值为NaN
2026-05-28 09:01:12 - uniquant.brain.czsc.czsc_engine - WARNING - 2026-05-28 09:01:12 - uniquant.brain.czsc.czsc_engine - WARNING - K线数据验证失败，跳过本次分析
2026-05-28 09:01:12 - uniquant.brain.czsc.czsc_engine - WARNING - 2026-05-28 09:01:12 - uniquant.brain.czsc.czsc_engine - WARNING - 价格逻辑错误: low <= close <= high 不满足
2026-05-28 09:01:12 - uniquant.brain.czsc.czsc_engine - WARNING - 2026-05-28 09:01:12 - uniquant.brain.czsc.czsc_engine - WARNING - 输入数据行为None
2026-05-28 09:01:12 - uniquant.brain.czsc.czsc_engine - WARNING - 2026-05-28 09:01:12 - uniquant.brain.czsc.czsc_engine - WARNING - K线数据验证失败，跳过本次分析
2026-05-28 09:01:12 - uniquant.brain.czsc.czsc_engine - WARNING - 2026-05-28 09:01:12 - uniquant.brain.czsc.czsc_engine - WARNING - 输入数据类型错误: <class 'str'>
2026-05-28 09:01:12 - uniquant.brain.czsc.czsc_engine - WARNING - 2026-05-28 09:01:12 - uniquant.brain.czsc.czsc_engine - WARNING - K线数据验证失败，跳过本次分析
2026-05-28 09:01:12 - uniquant.brain.czsc.czsc_engine - WARNING - 2026-05-28 09:01:12 - uniquant.brain.czsc.czsc_engine - WARNING - open值必须为正数: 0.0
2026-05-28 09:01:12 - uniquant.brain.czsc.czsc_engine - WARNING - 2026-05-28 09:01:12 - uniquant.brain.czsc.czsc_engine - WARNING - K线数据验证失败，跳过本次分析
2026-05-28 09:01:12 - uniquant.brain.czsc.czsc_engine - ERROR - 2026-05-28 09:01:12 - uniquant.brain.czsc.czsc_engine - ERROR - CZSC分析失败: boom
2026-05-28 09:01:12 - uniquant.brain.czsc.czsc_engine - ERROR - 2026-05-28 09:01:12 - uniquant.brain.czsc.czsc_engine - ERROR - Error in get_czsc_signals: 分析失败: boom
Traceback (most recent call last):
  File "/home/james/Documents/Project/UniQuant/src/uniquant/brain/czsc/czsc_engine.py", line 498, in get_czsc_signals
    analyzer = self._initialize_czsc_analyzer(bars)
               ^^^^^^^^^^^^^^^^^^^^^^^^^^^^^^^^^^^^
  File "/usr/lib/python3.12/unittest/mock.py", line 1134, in __call__
    return self._mock_call(*args, **kwargs)
           ^^^^^^^^^^^^^^^^^^^^^^^^^^^^^^^^
  File "/usr/lib/python3.12/unittest/mock.py", line 1138, in _mock_call
    return self._execute_mock_call(*args, **kwargs)
           ^^^^^^^^^^^^^^^^^^^^^^^^^^^^^^^^^^^^^^^^
  File "/usr/lib/python3.12/unittest/mock.py", line 1193, in _execute_mock_call
    raise effect
RuntimeError: boom

The above exception was the direct cause of the following exception:

Traceback (most recent call last):
  File "/home/james/Documents/Project/UniQuant/src/uniquant/shared/error_handling.py", line 87, in wrapper
    return func(*args, **kwargs)
           ^^^^^^^^^^^^^^^^^^^^^
  File "/home/james/Documents/Project/UniQuant/src/uniquant/brain/czsc/czsc_engine.py", line 508, in get_czsc_signals
    raise CZSCAnalysisError(f"分析失败: {e}") from e
uniquant.brain.czsc.czsc_engine.CZSCAnalysisError: 分析失败: boom
2026-05-28 09:01:12 - uniquant.brain.czsc.czsc_engine - WARNING - 2026-05-28 09:01:12 - uniquant.brain.czsc.czsc_engine - WARNING - 跳过异常K线 0: bad rawbar
2026-05-28 09:01:13 - MacroAnalysisService - ERROR - 2026-05-28 09:01:13 - MacroAnalysisService - ERROR - LPPL engine failed: lppl failed
2026-05-28 09:01:13 - uniquant.brain.regime.regime_detector - INFO - 2026-05-28 09:01:13 - uniquant.brain.regime.regime_detector - INFO - RegimeDetector初始化: entropy_threshold=0.1, turnover_z_limit=2.5, min_data_points=30
2026-05-28 09:01:13 - MacroAnalysisService - WARNING - 2026-05-28 09:01:13 - MacroAnalysisService - WARNING - RegimeDetector 分析失败: bad regime dependency
2026-05-28 09:01:13 - MacroAnalysisService - WARNING - 2026-05-28 09:01:13 - MacroAnalysisService - WARNING - NTFEngine 分析失败: bad ntf dependency
2026-05-28 09:01:13 - StorageManager - WARNING - 2026-05-28 09:01:13 - StorageManager - WARNING - 全量股票代码文件不存在: /tmp/pytest-of-james/pytest-0/test_scan_pipeline_load_data_s0/data/all_stock_codes.csv
2026-05-28 09:01:13 - StorageManager - INFO - 2026-05-28 09:01:13 - StorageManager - INFO - 加载了 0 个股票代码
2026-05-28 09:01:13 - StorageManager - INFO - 2026-05-28 09:01:13 - StorageManager - INFO - 初始化存储管理器，数据目录: /tmp/pytest-of-james/pytest-0/test_scan_pipeline_load_data_s0/data
2026-05-28 09:01:13 - FinancialFactorBridge - INFO - 2026-05-28 09:01:13 - FinancialFactorBridge - INFO - FinancialFactorBridge initialized with 25 field mappings
2026-05-28 09:01:13 - FactorAnalyzer - INFO - 2026-05-28 09:01:13 - FactorAnalyzer - INFO - FactorAnalyzer initialized
2026-05-28 09:01:13 - FactorAnalyzer - INFO - 2026-05-28 09:01:13 - FactorAnalyzer - INFO - FactorAnalyzer initialized
2026-05-28 09:01:13 - StockScreener - INFO - 2026-05-28 09:01:13 - StockScreener - INFO - StockScreener initialized with top_n=50
2026-05-28 09:01:13 - ScanPipeline - INFO - 2026-05-28 09:01:13 - ScanPipeline - INFO - ScanPipeline initialized with top_n=50
2026-05-28 09:01:13 - ScanPipeline - INFO - 2026-05-28 09:01:13 - ScanPipeline - INFO - Loading data for 1 symbols...
2026-05-28 09:01:13 - ScanPipeline - WARNING - 2026-05-28 09:01:13 - ScanPipeline - WARNING - Failed to load financial data for 000001.SZ: cannot read /tmp/pytest-of-james/pytest-0/test_scan_pipeline_load_data_s0/data/lake/financial/000001.SZ.parquet
2026-05-28 09:01:13 - ScanPipeline - INFO - 2026-05-28 09:01:13 - ScanPipeline - INFO - Loaded 1 daily and 0 financial datasets
2026-05-28 09:01:13 - uniquant.brain.regime.regime_detector - INFO - 2026-05-28 09:01:13 - uniquant.brain.regime.regime_detector - INFO - RegimeDetector初始化: entropy_threshold=0.1, turnover_z_limit=2.5, min_data_points=30
2026-05-28 09:01:13 - uniquant.services.analysis.regime_analysis_engine - WARNING - 2026-05-28 09:01:13 - uniquant.services.analysis.regime_analysis_engine - WARNING - RegimeDetector 分析失败: bad regime engine
2026-05-28 09:01:13 - uniquant.services.analysis.lppl_analysis_engine - WARNING - 2026-05-28 09:01:13 - uniquant.services.analysis.lppl_analysis_engine - WARNING - LPPLEngine 分析失败: LPPLConfig.__init__() missing 1 required positional argument: 'window_range'
2026-05-28 09:01:13 - uniquant.services.analysis.czsc_analysis_engine - ERROR - 2026-05-28 09:01:13 - uniquant.services.analysis.czsc_analysis_engine - ERROR - CZSC engine failed: czsc failed
2026-05-28 09:01:13 - uniquant.brain.regime.regime_detector - INFO - 2026-05-28 09:01:13 - uniquant.brain.regime.regime_detector - INFO - RegimeDetector初始化: entropy_threshold=0.1, turnover_z_limit=2.5, min_data_points=30
2026-05-28 09:01:13 - uniquant.brain.regime.regime_detector - INFO - 2026-05-28 09:01:13 - uniquant.brain.regime.regime_detector - INFO - RegimeDetector初始化: entropy_threshold=0.5, turnover_z_limit=2.0, min_data_points=50
2026-05-28 09:01:13 - uniquant.services.analysis.ntf_analysis_engine - WARNING - 2026-05-28 09:01:13 - uniquant.services.analysis.ntf_analysis_engine - WARNING - NTFEngine 分析失败: bad ntf engine
2026-05-28 09:01:13 - uniquant.services.analysis.report_generator_engine - ERROR - 2026-05-28 09:01:13 - uniquant.services.analysis.report_generator_engine - ERROR - 000001.SZ 报告生成失败: report failed
2026-05-28 09:01:13 - uniquant.services.analysis.report_generator_engine - ERROR - 2026-05-28 09:01:13 - uniquant.services.analysis.report_generator_engine - ERROR - 批量生成报告失败: batch failed
2026-05-28 09:01:13 - uniquant.services.analysis.report_generator_engine - ERROR - 2026-05-28 09:01:13 - uniquant.services.analysis.report_generator_engine - ERROR - 列出结果文件失败: list failed
2026-05-28 09:01:13 - TechnicalAnalysisService - ERROR - 2026-05-28 09:01:13 - TechnicalAnalysisService - ERROR - CZSC engine failed: czsc failed
2026-05-28 09:01:13 - TechnicalAnalysisService - WARNING - 2026-05-28 09:01:13 - TechnicalAnalysisService - WARNING - CZSCEngine 分析失败: bad czsc dependency
2026-05-28 09:01:50 - uniquant.shared.cache.cache_factory - INFO - 2026-05-28 09:01:50 - uniquant.shared.cache.cache_factory - INFO - Creating MemoryCacheBackend with max_size=5000
2026-05-28 09:01:50 - uniquant.shared.cache.backends - INFO - 2026-05-28 09:01:50 - uniquant.shared.cache.backends - INFO - MemoryCacheBackend initialized with max_size: 5000
2026-05-28 09:01:50 - uniquant.data.utils.akshare_wrapper - INFO - 2026-05-28 09:01:50 - uniquant.data.utils.akshare_wrapper - INFO - AkShare initialized successfully
2026-05-28 09:01:52 - FactorRegistry - INFO - 2026-05-28 09:01:52 - FactorRegistry - INFO - ✅ 因子注册成功: momentum_20d (technical) weight=1.0
2026-05-28 09:01:52 - FactorRegistry - INFO - 2026-05-28 09:01:52 - FactorRegistry - INFO - ✅ 因子注册成功: momentum_60d (technical) weight=0.9
2026-05-28 09:01:52 - FactorRegistry - INFO - 2026-05-28 09:01:52 - FactorRegistry - INFO - ✅ 因子注册成功: volatility_20d (technical) weight=0.8
2026-05-28 09:01:52 - FactorRegistry - INFO - 2026-05-28 09:01:52 - FactorRegistry - INFO - ✅ 因子注册成功: volatility_60d (technical) weight=0.7
2026-05-28 09:01:52 - FactorRegistry - INFO - 2026-05-28 09:01:52 - FactorRegistry - INFO - ✅ 因子注册成功: ma_ratio_5_20 (technical) weight=0.85
2026-05-28 09:01:52 - FactorRegistry - INFO - 2026-05-28 09:01:52 - FactorRegistry - INFO - ✅ 因子注册成功: ma_ratio_10_60 (technical) weight=0.75
2026-05-28 09:01:52 - FactorRegistry - INFO - 2026-05-28 09:01:52 - FactorRegistry - INFO - ✅ 因子注册成功: volume_ratio_5_20 (technical) weight=0.6
2026-05-28 09:01:52 - FactorRegistry - INFO - 2026-05-28 09:01:52 - FactorRegistry - INFO - ✅ 因子注册成功: rsi_14 (technical) weight=0.8
2026-05-28 09:01:52 - FactorRegistry - INFO - 2026-05-28 09:01:52 - FactorRegistry - INFO - ✅ 因子注册成功: price_position_20d (technical) weight=0.7
2026-05-28 09:01:52 - FactorRegistry - INFO - 2026-05-28 09:01:52 - FactorRegistry - INFO - ✅ 因子注册成功: turnover_momentum_20d (technical) weight=0.85
2026-05-28 09:01:52 - uniquant.brain.ntf.ntf_engine - INFO - 2026-05-28 09:01:52 - uniquant.brain.ntf.ntf_engine - INFO - NTF SIGNAL: Volume pulsar detected (Ratio: 3.00, Side: SUPPORT, Confidence: 0.85)
2026-05-28 09:01:52 - uniquant.brain.ntf.ntf_engine - INFO - 2026-05-28 09:01:52 - uniquant.brain.ntf.ntf_engine - INFO - NTF SIGNAL: Volume pulsar detected (Ratio: 3.00, Side: RESISTANCE, Confidence: 0.80)
2026-05-28 09:01:52 - uniquant.brain.ntf.ntf_engine - INFO - 2026-05-28 09:01:52 - uniquant.brain.ntf.ntf_engine - INFO - NTF SIGNAL: Volume pulsar detected (Ratio: 3.00, Side: LIQUIDITY_PULSE, Confidence: 0.40)
2026-05-28 09:01:52 - uniquant.brain.ntf.ntf_engine - WARNING - 2026-05-28 09:01:52 - uniquant.brain.ntf.ntf_engine - WARNING - 数据缺少成交量列 (volume/vol)
2026-05-28 09:01:52 - uniquant.brain.ntf.ntf_engine - INFO - 2026-05-28 09:01:52 - uniquant.brain.ntf.ntf_engine - INFO - NTF SIGNAL: Volume pulsar detected (Ratio: 3.00, Side: SUPPORT, Confidence: 0.85)
2026-05-28 09:01:52 - uniquant.brain.ntf.ntf_engine - ERROR - 2026-05-28 09:01:52 - uniquant.brain.ntf.ntf_engine - ERROR - 无法获取 510300.SH 的数据
2026-05-28 09:01:52 - uniquant.brain.ntf.ntf_engine - ERROR - 2026-05-28 09:01:52 - uniquant.brain.ntf.ntf_engine - ERROR - 数据缺少必要列: close 或 volume
2026-05-28 09:01:52 - uniquant.brain.regime.regime_detector - INFO - 2026-05-28 09:01:52 - uniquant.brain.regime.regime_detector - INFO - RegimeDetector初始化: entropy_threshold=0.1, turnover_z_limit=2.5, min_data_points=10
2026-05-28 09:01:52 - uniquant.brain.regime.regime_detector - WARNING - 2026-05-28 09:01:52 - uniquant.brain.regime.regime_detector - WARNING - 输入数据为None
2026-05-28 09:01:52 - uniquant.brain.regime.regime_detector - WARNING - 2026-05-28 09:01:52 - uniquant.brain.regime.regime_detector - WARNING - 输入数据类型错误: <class 'list'>
2026-05-28 09:01:52 - uniquant.brain.regime.regime_detector - WARNING - 2026-05-28 09:01:52 - uniquant.brain.regime.regime_detector - WARNING - 输入数据为空
2026-05-28 09:01:52 - uniquant.brain.regime.regime_detector - WARNING - 2026-05-28 09:01:52 - uniquant.brain.regime.regime_detector - WARNING - 数据点不足: 5 < 10
2026-05-28 09:01:52 - uniquant.brain.regime.regime_detector - WARNING - 2026-05-28 09:01:52 - uniquant.brain.regime.regime_detector - WARNING - 缺少必需列: ['volume']
2026-05-28 09:01:52 - uniquant.brain.regime.regime_detector - WARNING - 2026-05-28 09:01:52 - uniquant.brain.regime.regime_detector - WARNING - 收盘价列全为NaN
2026-05-28 09:01:52 - uniquant.brain.regime.regime_detector - WARNING - 2026-05-28 09:01:52 - uniquant.brain.regime.regime_detector - WARNING - Empty entropy series detected, defaulting to NORMAL regime
2026-05-28 09:01:52 - uniquant.brain.regime.regime_detector - INFO - 2026-05-28 09:01:52 - uniquant.brain.regime.regime_detector - INFO - RegimeDetector初始化: entropy_threshold=0.1, turnover_z_limit=2.5, min_data_points=10
2026-05-28 09:01:52 - uniquant.brain.regime.regime_detector - WARNING - 2026-05-28 09:01:52 - uniquant.brain.regime.regime_detector - WARNING - FROZEN regime detected (Entropy percentile: 0.0000)
2026-05-28 09:01:52 - uniquant.brain.regime.regime_detector - WARNING - 2026-05-28 09:01:52 - uniquant.brain.regime.regime_detector - WARNING - STRESSED regime detected (Turnover Z: 99.00)
2026-05-28 09:01:52 - uniquant.brain.regime.regime_detector - WARNING - 2026-05-28 09:01:52 - uniquant.brain.regime.regime_detector - WARNING - Empty entropy series detected, defaulting to NORMAL regime
2026-05-28 09:01:52 - uniquant.brain.regime.regime_detector - INFO - 2026-05-28 09:01:52 - uniquant.brain.regime.regime_detector - INFO - RegimeDetector初始化: entropy_threshold=0.1, turnover_z_limit=2.5, min_data_points=10
2026-05-28 09:01:52 - uniquant.brain.regime.regime_detector - ERROR - 2026-05-28 09:01:52 - uniquant.brain.regime.regime_detector - ERROR - 无法获取 000001.SZ 的数据
2026-05-28 09:01:53 - uniquant.brain.czsc.czsc_engine - WARNING - 2026-05-28 09:01:53 - uniquant.brain.czsc.czsc_engine - WARNING - open值必须为正数: -10.0
2026-05-28 09:01:53 - uniquant.brain.czsc.czsc_engine - WARNING - 2026-05-28 09:01:53 - uniquant.brain.czsc.czsc_engine - WARNING - K线数据验证失败，跳过本次分析
2026-05-28 09:01:53 - uniquant.brain.czsc.czsc_engine - WARNING - 2026-05-28 09:01:53 - uniquant.brain.czsc.czsc_engine - WARNING - 缺少必需列: {'low', 'open', 'high'}
2026-05-28 09:01:53 - uniquant.brain.czsc.czsc_engine - WARNING - 2026-05-28 09:01:53 - uniquant.brain.czsc.czsc_engine - WARNING - K线数据验证失败，跳过本次分析
2026-05-28 09:01:53 - uniquant.brain.czsc.czsc_engine - WARNING - 2026-05-28 09:01:53 - uniquant.brain.czsc.czsc_engine - WARNING - high值为NaN
2026-05-28 09:01:53 - uniquant.brain.czsc.czsc_engine - WARNING - 2026-05-28 09:01:53 - uniquant.brain.czsc.czsc_engine - WARNING - K线数据验证失败，跳过本次分析
2026-05-28 09:01:53 - uniquant.brain.czsc.czsc_engine - WARNING - 2026-05-28 09:01:53 - uniquant.brain.czsc.czsc_engine - WARNING - 价格逻辑错误: low <= close <= high 不满足
2026-05-28 09:01:53 - uniquant.brain.czsc.czsc_engine - WARNING - 2026-05-28 09:01:53 - uniquant.brain.czsc.czsc_engine - WARNING - 输入数据行为None
2026-05-28 09:01:53 - uniquant.brain.czsc.czsc_engine - WARNING - 2026-05-28 09:01:53 - uniquant.brain.czsc.czsc_engine - WARNING - K线数据验证失败，跳过本次分析
2026-05-28 09:01:53 - uniquant.brain.czsc.czsc_engine - WARNING - 2026-05-28 09:01:53 - uniquant.brain.czsc.czsc_engine - WARNING - 输入数据类型错误: <class 'str'>
2026-05-28 09:01:53 - uniquant.brain.czsc.czsc_engine - WARNING - 2026-05-28 09:01:53 - uniquant.brain.czsc.czsc_engine - WARNING - K线数据验证失败，跳过本次分析
2026-05-28 09:01:53 - uniquant.brain.czsc.czsc_engine - WARNING - 2026-05-28 09:01:53 - uniquant.brain.czsc.czsc_engine - WARNING - open值必须为正数: 0.0
2026-05-28 09:01:53 - uniquant.brain.czsc.czsc_engine - WARNING - 2026-05-28 09:01:53 - uniquant.brain.czsc.czsc_engine - WARNING - K线数据验证失败，跳过本次分析
2026-05-28 09:01:53 - uniquant.brain.czsc.czsc_engine - ERROR - 2026-05-28 09:01:53 - uniquant.brain.czsc.czsc_engine - ERROR - CZSC分析失败: boom
2026-05-28 09:01:53 - uniquant.brain.czsc.czsc_engine - ERROR - 2026-05-28 09:01:53 - uniquant.brain.czsc.czsc_engine - ERROR - Error in get_czsc_signals: 分析失败: boom
Traceback (most recent call last):
  File "/home/james/Documents/Project/UniQuant/src/uniquant/brain/czsc/czsc_engine.py", line 498, in get_czsc_signals
    analyzer = self._initialize_czsc_analyzer(bars)
               ^^^^^^^^^^^^^^^^^^^^^^^^^^^^^^^^^^^^
  File "/usr/lib/python3.12/unittest/mock.py", line 1134, in __call__
    return self._mock_call(*args, **kwargs)
           ^^^^^^^^^^^^^^^^^^^^^^^^^^^^^^^^
  File "/usr/lib/python3.12/unittest/mock.py", line 1138, in _mock_call
    return self._execute_mock_call(*args, **kwargs)
           ^^^^^^^^^^^^^^^^^^^^^^^^^^^^^^^^^^^^^^^^
  File "/usr/lib/python3.12/unittest/mock.py", line 1193, in _execute_mock_call
    raise effect
RuntimeError: boom

The above exception was the direct cause of the following exception:

Traceback (most recent call last):
  File "/home/james/Documents/Project/UniQuant/src/uniquant/shared/error_handling.py", line 87, in wrapper
    return func(*args, **kwargs)
           ^^^^^^^^^^^^^^^^^^^^^
  File "/home/james/Documents/Project/UniQuant/src/uniquant/brain/czsc/czsc_engine.py", line 508, in get_czsc_signals
    raise CZSCAnalysisError(f"分析失败: {e}") from e
uniquant.brain.czsc.czsc_engine.CZSCAnalysisError: 分析失败: boom
2026-05-28 09:01:53 - uniquant.brain.czsc.czsc_engine - WARNING - 2026-05-28 09:01:53 - uniquant.brain.czsc.czsc_engine - WARNING - 跳过异常K线 0: bad rawbar
2026-05-28 09:01:54 - MacroAnalysisService - ERROR - 2026-05-28 09:01:54 - MacroAnalysisService - ERROR - LPPL engine failed: lppl failed
2026-05-28 09:01:54 - uniquant.brain.regime.regime_detector - INFO - 2026-05-28 09:01:54 - uniquant.brain.regime.regime_detector - INFO - RegimeDetector初始化: entropy_threshold=0.1, turnover_z_limit=2.5, min_data_points=30
2026-05-28 09:01:54 - MacroAnalysisService - WARNING - 2026-05-28 09:01:54 - MacroAnalysisService - WARNING - RegimeDetector 分析失败: bad regime dependency
2026-05-28 09:01:54 - MacroAnalysisService - WARNING - 2026-05-28 09:01:54 - MacroAnalysisService - WARNING - NTFEngine 分析失败: bad ntf dependency
2026-05-28 09:01:54 - StorageManager - WARNING - 2026-05-28 09:01:54 - StorageManager - WARNING - 全量股票代码文件不存在: /tmp/pytest-of-james/pytest-1/test_scan_pipeline_load_data_s0/data/all_stock_codes.csv
2026-05-28 09:01:54 - StorageManager - INFO - 2026-05-28 09:01:54 - StorageManager - INFO - 加载了 0 个股票代码
2026-05-28 09:01:54 - StorageManager - INFO - 2026-05-28 09:01:54 - StorageManager - INFO - 初始化存储管理器，数据目录: /tmp/pytest-of-james/pytest-1/test_scan_pipeline_load_data_s0/data
2026-05-28 09:01:54 - FinancialFactorBridge - INFO - 2026-05-28 09:01:54 - FinancialFactorBridge - INFO - FinancialFactorBridge initialized with 25 field mappings
2026-05-28 09:01:54 - FactorAnalyzer - INFO - 2026-05-28 09:01:54 - FactorAnalyzer - INFO - FactorAnalyzer initialized
2026-05-28 09:01:54 - FactorAnalyzer - INFO - 2026-05-28 09:01:54 - FactorAnalyzer - INFO - FactorAnalyzer initialized
2026-05-28 09:01:54 - StockScreener - INFO - 2026-05-28 09:01:54 - StockScreener - INFO - StockScreener initialized with top_n=50
2026-05-28 09:01:54 - ScanPipeline - INFO - 2026-05-28 09:01:54 - ScanPipeline - INFO - ScanPipeline initialized with top_n=50
2026-05-28 09:01:54 - ScanPipeline - INFO - 2026-05-28 09:01:54 - ScanPipeline - INFO - Loading data for 1 symbols...
2026-05-28 09:01:54 - ScanPipeline - WARNING - 2026-05-28 09:01:54 - ScanPipeline - WARNING - Failed to load financial data for 000001.SZ: cannot read /tmp/pytest-of-james/pytest-1/test_scan_pipeline_load_data_s0/data/lake/financial/000001.SZ.parquet
2026-05-28 09:01:54 - ScanPipeline - INFO - 2026-05-28 09:01:54 - ScanPipeline - INFO - Loaded 1 daily and 0 financial datasets
2026-05-28 09:01:54 - uniquant.brain.regime.regime_detector - INFO - 2026-05-28 09:01:54 - uniquant.brain.regime.regime_detector - INFO - RegimeDetector初始化: entropy_threshold=0.1, turnover_z_limit=2.5, min_data_points=30
2026-05-28 09:01:54 - uniquant.services.analysis.regime_analysis_engine - WARNING - 2026-05-28 09:01:54 - uniquant.services.analysis.regime_analysis_engine - WARNING - RegimeDetector 分析失败: bad regime engine
2026-05-28 09:01:54 - uniquant.services.analysis.lppl_analysis_engine - WARNING - 2026-05-28 09:01:54 - uniquant.services.analysis.lppl_analysis_engine - WARNING - LPPLEngine 分析失败: LPPLEngine.__init__() got an unexpected keyword argument 'config'
2026-05-28 09:01:54 - uniquant.services.analysis.czsc_analysis_engine - ERROR - 2026-05-28 09:01:54 - uniquant.services.analysis.czsc_analysis_engine - ERROR - CZSC engine failed: czsc failed
2026-05-28 09:01:54 - uniquant.brain.regime.regime_detector - INFO - 2026-05-28 09:01:54 - uniquant.brain.regime.regime_detector - INFO - RegimeDetector初始化: entropy_threshold=0.1, turnover_z_limit=2.5, min_data_points=30
2026-05-28 09:01:54 - uniquant.brain.regime.regime_detector - INFO - 2026-05-28 09:01:54 - uniquant.brain.regime.regime_detector - INFO - RegimeDetector初始化: entropy_threshold=0.5, turnover_z_limit=2.0, min_data_points=50
2026-05-28 09:01:54 - uniquant.services.analysis.ntf_analysis_engine - WARNING - 2026-05-28 09:01:54 - uniquant.services.analysis.ntf_analysis_engine - WARNING - NTFEngine 分析失败: bad ntf engine
2026-05-28 09:01:54 - uniquant.services.analysis.report_generator_engine - ERROR - 2026-05-28 09:01:54 - uniquant.services.analysis.report_generator_engine - ERROR - 000001.SZ 报告生成失败: report failed
2026-05-28 09:01:54 - uniquant.services.analysis.report_generator_engine - ERROR - 2026-05-28 09:01:54 - uniquant.services.analysis.report_generator_engine - ERROR - 批量生成报告失败: batch failed
2026-05-28 09:01:54 - uniquant.services.analysis.report_generator_engine - ERROR - 2026-05-28 09:01:54 - uniquant.services.analysis.report_generator_engine - ERROR - 列出结果文件失败: list failed
2026-05-28 09:01:54 - TechnicalAnalysisService - ERROR - 2026-05-28 09:01:54 - TechnicalAnalysisService - ERROR - CZSC engine failed: czsc failed
2026-05-28 09:01:54 - TechnicalAnalysisService - WARNING - 2026-05-28 09:01:54 - TechnicalAnalysisService - WARNING - CZSCEngine 分析失败: bad czsc dependency
2026-05-28 09:01:54 - uniquant.services.analysis.signal_service - WARNING - 2026-05-28 09:01:54 - uniquant.services.analysis.signal_service - WARNING - FSM 分析失败: fsm failed
2026-05-28 09:01:54 - uniquant.services.analysis.signal_service - WARNING - 2026-05-28 09:01:54 - uniquant.services.analysis.signal_service - WARNING - Alpha 分析失败: test_analyze_alpha_sets_default_score_on_value_error.<locals>.raise_value_error() takes from 2 to 3 positional arguments but 4 were given
2026-05-28 09:02:32 - uniquant.shared.cache.cache_factory - INFO - 2026-05-28 09:02:32 - uniquant.shared.cache.cache_factory - INFO - Creating MemoryCacheBackend with max_size=5000
2026-05-28 09:02:32 - uniquant.shared.cache.backends - INFO - 2026-05-28 09:02:32 - uniquant.shared.cache.backends - INFO - MemoryCacheBackend initialized with max_size: 5000
2026-05-28 09:02:32 - uniquant.data.utils.akshare_wrapper - INFO - 2026-05-28 09:02:32 - uniquant.data.utils.akshare_wrapper - INFO - AkShare initialized successfully
2026-05-28 09:02:33 - FactorRegistry - INFO - 2026-05-28 09:02:33 - FactorRegistry - INFO - ✅ 因子注册成功: momentum_20d (technical) weight=1.0
2026-05-28 09:02:33 - FactorRegistry - INFO - 2026-05-28 09:02:33 - FactorRegistry - INFO - ✅ 因子注册成功: momentum_60d (technical) weight=0.9
2026-05-28 09:02:33 - FactorRegistry - INFO - 2026-05-28 09:02:33 - FactorRegistry - INFO - ✅ 因子注册成功: volatility_20d (technical) weight=0.8
2026-05-28 09:02:33 - FactorRegistry - INFO - 2026-05-28 09:02:33 - FactorRegistry - INFO - ✅ 因子注册成功: volatility_60d (technical) weight=0.7
2026-05-28 09:02:33 - FactorRegistry - INFO - 2026-05-28 09:02:33 - FactorRegistry - INFO - ✅ 因子注册成功: ma_ratio_5_20 (technical) weight=0.85
2026-05-28 09:02:33 - FactorRegistry - INFO - 2026-05-28 09:02:33 - FactorRegistry - INFO - ✅ 因子注册成功: ma_ratio_10_60 (technical) weight=0.75
2026-05-28 09:02:33 - FactorRegistry - INFO - 2026-05-28 09:02:33 - FactorRegistry - INFO - ✅ 因子注册成功: volume_ratio_5_20 (technical) weight=0.6
2026-05-28 09:02:33 - FactorRegistry - INFO - 2026-05-28 09:02:33 - FactorRegistry - INFO - ✅ 因子注册成功: rsi_14 (technical) weight=0.8
2026-05-28 09:02:33 - FactorRegistry - INFO - 2026-05-28 09:02:33 - FactorRegistry - INFO - ✅ 因子注册成功: price_position_20d (technical) weight=0.7
2026-05-28 09:02:33 - FactorRegistry - INFO - 2026-05-28 09:02:33 - FactorRegistry - INFO - ✅ 因子注册成功: turnover_momentum_20d (technical) weight=0.85
2026-05-28 09:02:34 - uniquant.brain.ntf.ntf_engine - INFO - 2026-05-28 09:02:34 - uniquant.brain.ntf.ntf_engine - INFO - NTF SIGNAL: Volume pulsar detected (Ratio: 3.00, Side: SUPPORT, Confidence: 0.85)
2026-05-28 09:02:34 - uniquant.brain.ntf.ntf_engine - INFO - 2026-05-28 09:02:34 - uniquant.brain.ntf.ntf_engine - INFO - NTF SIGNAL: Volume pulsar detected (Ratio: 3.00, Side: RESISTANCE, Confidence: 0.80)
2026-05-28 09:02:34 - uniquant.brain.ntf.ntf_engine - INFO - 2026-05-28 09:02:34 - uniquant.brain.ntf.ntf_engine - INFO - NTF SIGNAL: Volume pulsar detected (Ratio: 3.00, Side: LIQUIDITY_PULSE, Confidence: 0.40)
2026-05-28 09:02:34 - uniquant.brain.ntf.ntf_engine - WARNING - 2026-05-28 09:02:34 - uniquant.brain.ntf.ntf_engine - WARNING - 数据缺少成交量列 (volume/vol)
2026-05-28 09:02:34 - uniquant.brain.ntf.ntf_engine - INFO - 2026-05-28 09:02:34 - uniquant.brain.ntf.ntf_engine - INFO - NTF SIGNAL: Volume pulsar detected (Ratio: 3.00, Side: SUPPORT, Confidence: 0.85)
2026-05-28 09:02:34 - uniquant.brain.ntf.ntf_engine - ERROR - 2026-05-28 09:02:34 - uniquant.brain.ntf.ntf_engine - ERROR - 无法获取 510300.SH 的数据
2026-05-28 09:02:34 - uniquant.brain.ntf.ntf_engine - ERROR - 2026-05-28 09:02:34 - uniquant.brain.ntf.ntf_engine - ERROR - 数据缺少必要列: close 或 volume
2026-05-28 09:02:34 - uniquant.brain.regime.regime_detector - INFO - 2026-05-28 09:02:34 - uniquant.brain.regime.regime_detector - INFO - RegimeDetector初始化: entropy_threshold=0.1, turnover_z_limit=2.5, min_data_points=10
2026-05-28 09:02:34 - uniquant.brain.regime.regime_detector - WARNING - 2026-05-28 09:02:34 - uniquant.brain.regime.regime_detector - WARNING - 输入数据为None
2026-05-28 09:02:34 - uniquant.brain.regime.regime_detector - WARNING - 2026-05-28 09:02:34 - uniquant.brain.regime.regime_detector - WARNING - 输入数据类型错误: <class 'list'>
2026-05-28 09:02:34 - uniquant.brain.regime.regime_detector - WARNING - 2026-05-28 09:02:34 - uniquant.brain.regime.regime_detector - WARNING - 输入数据为空
2026-05-28 09:02:34 - uniquant.brain.regime.regime_detector - WARNING - 2026-05-28 09:02:34 - uniquant.brain.regime.regime_detector - WARNING - 数据点不足: 5 < 10
2026-05-28 09:02:34 - uniquant.brain.regime.regime_detector - WARNING - 2026-05-28 09:02:34 - uniquant.brain.regime.regime_detector - WARNING - 缺少必需列: ['volume']
2026-05-28 09:02:34 - uniquant.brain.regime.regime_detector - WARNING - 2026-05-28 09:02:34 - uniquant.brain.regime.regime_detector - WARNING - 收盘价列全为NaN
2026-05-28 09:02:34 - uniquant.brain.regime.regime_detector - WARNING - 2026-05-28 09:02:34 - uniquant.brain.regime.regime_detector - WARNING - Empty entropy series detected, defaulting to NORMAL regime
2026-05-28 09:02:34 - uniquant.brain.regime.regime_detector - INFO - 2026-05-28 09:02:34 - uniquant.brain.regime.regime_detector - INFO - RegimeDetector初始化: entropy_threshold=0.1, turnover_z_limit=2.5, min_data_points=10
2026-05-28 09:02:34 - uniquant.brain.regime.regime_detector - WARNING - 2026-05-28 09:02:34 - uniquant.brain.regime.regime_detector - WARNING - FROZEN regime detected (Entropy percentile: 0.0000)
2026-05-28 09:02:34 - uniquant.brain.regime.regime_detector - WARNING - 2026-05-28 09:02:34 - uniquant.brain.regime.regime_detector - WARNING - STRESSED regime detected (Turnover Z: 99.00)
2026-05-28 09:02:34 - uniquant.brain.regime.regime_detector - WARNING - 2026-05-28 09:02:34 - uniquant.brain.regime.regime_detector - WARNING - Empty entropy series detected, defaulting to NORMAL regime
2026-05-28 09:02:34 - uniquant.brain.regime.regime_detector - INFO - 2026-05-28 09:02:34 - uniquant.brain.regime.regime_detector - INFO - RegimeDetector初始化: entropy_threshold=0.1, turnover_z_limit=2.5, min_data_points=10
2026-05-28 09:02:34 - uniquant.brain.regime.regime_detector - ERROR - 2026-05-28 09:02:34 - uniquant.brain.regime.regime_detector - ERROR - 无法获取 000001.SZ 的数据
2026-05-28 09:02:35 - uniquant.brain.czsc.czsc_engine - WARNING - 2026-05-28 09:02:35 - uniquant.brain.czsc.czsc_engine - WARNING - open值必须为正数: -10.0
2026-05-28 09:02:35 - uniquant.brain.czsc.czsc_engine - WARNING - 2026-05-28 09:02:35 - uniquant.brain.czsc.czsc_engine - WARNING - K线数据验证失败，跳过本次分析
2026-05-28 09:02:35 - uniquant.brain.czsc.czsc_engine - WARNING - 2026-05-28 09:02:35 - uniquant.brain.czsc.czsc_engine - WARNING - 缺少必需列: {'high', 'open', 'low'}
2026-05-28 09:02:35 - uniquant.brain.czsc.czsc_engine - WARNING - 2026-05-28 09:02:35 - uniquant.brain.czsc.czsc_engine - WARNING - K线数据验证失败，跳过本次分析
2026-05-28 09:02:35 - uniquant.brain.czsc.czsc_engine - WARNING - 2026-05-28 09:02:35 - uniquant.brain.czsc.czsc_engine - WARNING - high值为NaN
2026-05-28 09:02:35 - uniquant.brain.czsc.czsc_engine - WARNING - 2026-05-28 09:02:35 - uniquant.brain.czsc.czsc_engine - WARNING - K线数据验证失败，跳过本次分析
2026-05-28 09:02:35 - uniquant.brain.czsc.czsc_engine - WARNING - 2026-05-28 09:02:35 - uniquant.brain.czsc.czsc_engine - WARNING - 价格逻辑错误: low <= close <= high 不满足
2026-05-28 09:02:35 - uniquant.brain.czsc.czsc_engine - WARNING - 2026-05-28 09:02:35 - uniquant.brain.czsc.czsc_engine - WARNING - 输入数据行为None
2026-05-28 09:02:35 - uniquant.brain.czsc.czsc_engine - WARNING - 2026-05-28 09:02:35 - uniquant.brain.czsc.czsc_engine - WARNING - K线数据验证失败，跳过本次分析
2026-05-28 09:02:35 - uniquant.brain.czsc.czsc_engine - WARNING - 2026-05-28 09:02:35 - uniquant.brain.czsc.czsc_engine - WARNING - 输入数据类型错误: <class 'str'>
2026-05-28 09:02:35 - uniquant.brain.czsc.czsc_engine - WARNING - 2026-05-28 09:02:35 - uniquant.brain.czsc.czsc_engine - WARNING - K线数据验证失败，跳过本次分析
2026-05-28 09:02:35 - uniquant.brain.czsc.czsc_engine - WARNING - 2026-05-28 09:02:35 - uniquant.brain.czsc.czsc_engine - WARNING - open值必须为正数: 0.0
2026-05-28 09:02:35 - uniquant.brain.czsc.czsc_engine - WARNING - 2026-05-28 09:02:35 - uniquant.brain.czsc.czsc_engine - WARNING - K线数据验证失败，跳过本次分析
2026-05-28 09:02:35 - uniquant.brain.czsc.czsc_engine - ERROR - 2026-05-28 09:02:35 - uniquant.brain.czsc.czsc_engine - ERROR - CZSC分析失败: boom
2026-05-28 09:02:35 - uniquant.brain.czsc.czsc_engine - ERROR - 2026-05-28 09:02:35 - uniquant.brain.czsc.czsc_engine - ERROR - Error in get_czsc_signals: 分析失败: boom
Traceback (most recent call last):
  File "/home/james/Documents/Project/UniQuant/src/uniquant/brain/czsc/czsc_engine.py", line 498, in get_czsc_signals
    analyzer = self._initialize_czsc_analyzer(bars)
               ^^^^^^^^^^^^^^^^^^^^^^^^^^^^^^^^^^^^
  File "/usr/lib/python3.12/unittest/mock.py", line 1134, in __call__
    return self._mock_call(*args, **kwargs)
           ^^^^^^^^^^^^^^^^^^^^^^^^^^^^^^^^
  File "/usr/lib/python3.12/unittest/mock.py", line 1138, in _mock_call
    return self._execute_mock_call(*args, **kwargs)
           ^^^^^^^^^^^^^^^^^^^^^^^^^^^^^^^^^^^^^^^^
  File "/usr/lib/python3.12/unittest/mock.py", line 1193, in _execute_mock_call
    raise effect
RuntimeError: boom

The above exception was the direct cause of the following exception:

Traceback (most recent call last):
  File "/home/james/Documents/Project/UniQuant/src/uniquant/shared/error_handling.py", line 87, in wrapper
    return func(*args, **kwargs)
           ^^^^^^^^^^^^^^^^^^^^^
  File "/home/james/Documents/Project/UniQuant/src/uniquant/brain/czsc/czsc_engine.py", line 508, in get_czsc_signals
    raise CZSCAnalysisError(f"分析失败: {e}") from e
uniquant.brain.czsc.czsc_engine.CZSCAnalysisError: 分析失败: boom
2026-05-28 09:02:35 - uniquant.brain.czsc.czsc_engine - WARNING - 2026-05-28 09:02:35 - uniquant.brain.czsc.czsc_engine - WARNING - 跳过异常K线 0: bad rawbar
2026-05-28 09:02:35 - MacroAnalysisService - ERROR - 2026-05-28 09:02:35 - MacroAnalysisService - ERROR - LPPL engine failed: lppl failed
2026-05-28 09:02:35 - uniquant.brain.regime.regime_detector - INFO - 2026-05-28 09:02:35 - uniquant.brain.regime.regime_detector - INFO - RegimeDetector初始化: entropy_threshold=0.1, turnover_z_limit=2.5, min_data_points=30
2026-05-28 09:02:35 - MacroAnalysisService - WARNING - 2026-05-28 09:02:35 - MacroAnalysisService - WARNING - RegimeDetector 分析失败: bad regime dependency
2026-05-28 09:02:35 - MacroAnalysisService - WARNING - 2026-05-28 09:02:35 - MacroAnalysisService - WARNING - NTFEngine 分析失败: bad ntf dependency
2026-05-28 09:02:35 - StorageManager - WARNING - 2026-05-28 09:02:35 - StorageManager - WARNING - 全量股票代码文件不存在: /tmp/pytest-of-james/pytest-2/test_scan_pipeline_load_data_s0/data/all_stock_codes.csv
2026-05-28 09:02:35 - StorageManager - INFO - 2026-05-28 09:02:35 - StorageManager - INFO - 加载了 0 个股票代码
2026-05-28 09:02:35 - StorageManager - INFO - 2026-05-28 09:02:35 - StorageManager - INFO - 初始化存储管理器，数据目录: /tmp/pytest-of-james/pytest-2/test_scan_pipeline_load_data_s0/data
2026-05-28 09:02:35 - FinancialFactorBridge - INFO - 2026-05-28 09:02:35 - FinancialFactorBridge - INFO - FinancialFactorBridge initialized with 25 field mappings
2026-05-28 09:02:35 - FactorAnalyzer - INFO - 2026-05-28 09:02:35 - FactorAnalyzer - INFO - FactorAnalyzer initialized
2026-05-28 09:02:35 - FactorAnalyzer - INFO - 2026-05-28 09:02:35 - FactorAnalyzer - INFO - FactorAnalyzer initialized
2026-05-28 09:02:35 - StockScreener - INFO - 2026-05-28 09:02:35 - StockScreener - INFO - StockScreener initialized with top_n=50
2026-05-28 09:02:35 - ScanPipeline - INFO - 2026-05-28 09:02:35 - ScanPipeline - INFO - ScanPipeline initialized with top_n=50
2026-05-28 09:02:35 - ScanPipeline - INFO - 2026-05-28 09:02:35 - ScanPipeline - INFO - Loading data for 1 symbols...
2026-05-28 09:02:35 - ScanPipeline - WARNING - 2026-05-28 09:02:35 - ScanPipeline - WARNING - Failed to load financial data for 000001.SZ: cannot read /tmp/pytest-of-james/pytest-2/test_scan_pipeline_load_data_s0/data/lake/financial/000001.SZ.parquet
2026-05-28 09:02:35 - ScanPipeline - INFO - 2026-05-28 09:02:35 - ScanPipeline - INFO - Loaded 1 daily and 0 financial datasets
2026-05-28 09:02:35 - uniquant.brain.regime.regime_detector - INFO - 2026-05-28 09:02:35 - uniquant.brain.regime.regime_detector - INFO - RegimeDetector初始化: entropy_threshold=0.1, turnover_z_limit=2.5, min_data_points=30
2026-05-28 09:02:35 - uniquant.services.analysis.regime_analysis_engine - WARNING - 2026-05-28 09:02:35 - uniquant.services.analysis.regime_analysis_engine - WARNING - RegimeDetector 分析失败: bad regime engine
2026-05-28 09:02:35 - uniquant.services.analysis.lppl_analysis_engine - WARNING - 2026-05-28 09:02:35 - uniquant.services.analysis.lppl_analysis_engine - WARNING - LPPLEngine 分析失败: LPPLEngine.__init__() got an unexpected keyword argument 'config'
2026-05-28 09:02:35 - uniquant.services.analysis.czsc_analysis_engine - ERROR - 2026-05-28 09:02:35 - uniquant.services.analysis.czsc_analysis_engine - ERROR - CZSC engine failed: czsc failed
2026-05-28 09:02:35 - uniquant.brain.regime.regime_detector - INFO - 2026-05-28 09:02:35 - uniquant.brain.regime.regime_detector - INFO - RegimeDetector初始化: entropy_threshold=0.1, turnover_z_limit=2.5, min_data_points=30
2026-05-28 09:02:35 - uniquant.brain.regime.regime_detector - INFO - 2026-05-28 09:02:35 - uniquant.brain.regime.regime_detector - INFO - RegimeDetector初始化: entropy_threshold=0.5, turnover_z_limit=2.0, min_data_points=50
2026-05-28 09:02:35 - uniquant.services.analysis.ntf_analysis_engine - WARNING - 2026-05-28 09:02:35 - uniquant.services.analysis.ntf_analysis_engine - WARNING - NTFEngine 分析失败: bad ntf engine
2026-05-28 09:02:35 - uniquant.services.analysis.report_generator_engine - ERROR - 2026-05-28 09:02:35 - uniquant.services.analysis.report_generator_engine - ERROR - 000001.SZ 报告生成失败: report failed
2026-05-28 09:02:35 - uniquant.services.analysis.report_generator_engine - ERROR - 2026-05-28 09:02:35 - uniquant.services.analysis.report_generator_engine - ERROR - 批量生成报告失败: batch failed
2026-05-28 09:02:35 - uniquant.services.analysis.report_generator_engine - ERROR - 2026-05-28 09:02:35 - uniquant.services.analysis.report_generator_engine - ERROR - 列出结果文件失败: list failed
2026-05-28 09:02:35 - TechnicalAnalysisService - ERROR - 2026-05-28 09:02:35 - TechnicalAnalysisService - ERROR - CZSC engine failed: czsc failed
2026-05-28 09:02:35 - TechnicalAnalysisService - WARNING - 2026-05-28 09:02:35 - TechnicalAnalysisService - WARNING - CZSCEngine 分析失败: bad czsc dependency
2026-05-28 09:02:35 - uniquant.services.analysis.signal_service - WARNING - 2026-05-28 09:02:35 - uniquant.services.analysis.signal_service - WARNING - FSM 分析失败: fsm failed
2026-05-28 09:02:35 - uniquant.services.analysis.signal_service - WARNING - 2026-05-28 09:02:35 - uniquant.services.analysis.signal_service - WARNING - Alpha 分析失败: test_analyze_alpha_sets_default_score_on_value_error.<locals>.raise_value_error() takes from 2 to 3 positional arguments but 4 were given
2026-05-28 09:09:15 - uniquant.shared.cache.cache_factory - INFO - 2026-05-28 09:09:15 - uniquant.shared.cache.cache_factory - INFO - Creating MemoryCacheBackend with max_size=5000
2026-05-28 09:09:15 - uniquant.shared.cache.backends - INFO - 2026-05-28 09:09:15 - uniquant.shared.cache.backends - INFO - MemoryCacheBackend initialized with max_size: 5000
2026-05-28 09:09:15 - uniquant.data.utils.akshare_wrapper - INFO - 2026-05-28 09:09:15 - uniquant.data.utils.akshare_wrapper - INFO - AkShare initialized successfully
2026-05-28 09:09:16 - uniquant.data.utils.akshare_wrapper - INFO - 2026-05-28 09:09:16 - uniquant.data.utils.akshare_wrapper - INFO - AkShare initialized successfully
2026-05-28 09:09:17 - FactorRegistry - INFO - 2026-05-28 09:09:17 - FactorRegistry - INFO - ✅ 因子注册成功: momentum_20d (technical) weight=1.0
2026-05-28 09:09:17 - FactorRegistry - INFO - 2026-05-28 09:09:17 - FactorRegistry - INFO - ✅ 因子注册成功: momentum_60d (technical) weight=0.9
2026-05-28 09:09:17 - FactorRegistry - INFO - 2026-05-28 09:09:17 - FactorRegistry - INFO - ✅ 因子注册成功: volatility_20d (technical) weight=0.8
2026-05-28 09:09:17 - FactorRegistry - INFO - 2026-05-28 09:09:17 - FactorRegistry - INFO - ✅ 因子注册成功: volatility_60d (technical) weight=0.7
2026-05-28 09:09:17 - FactorRegistry - INFO - 2026-05-28 09:09:17 - FactorRegistry - INFO - ✅ 因子注册成功: ma_ratio_5_20 (technical) weight=0.85
2026-05-28 09:09:17 - FactorRegistry - INFO - 2026-05-28 09:09:17 - FactorRegistry - INFO - ✅ 因子注册成功: ma_ratio_10_60 (technical) weight=0.75
2026-05-28 09:09:17 - FactorRegistry - INFO - 2026-05-28 09:09:17 - FactorRegistry - INFO - ✅ 因子注册成功: volume_ratio_5_20 (technical) weight=0.6
2026-05-28 09:09:17 - FactorRegistry - INFO - 2026-05-28 09:09:17 - FactorRegistry - INFO - ✅ 因子注册成功: rsi_14 (technical) weight=0.8
2026-05-28 09:09:17 - FactorRegistry - INFO - 2026-05-28 09:09:17 - FactorRegistry - INFO - ✅ 因子注册成功: price_position_20d (technical) weight=0.7
2026-05-28 09:09:17 - FactorRegistry - INFO - 2026-05-28 09:09:17 - FactorRegistry - INFO - ✅ 因子注册成功: turnover_momentum_20d (technical) weight=0.85
2026-05-28 09:09:17 - uniquant.data.utils.akshare_wrapper - INFO - 2026-05-28 09:09:17 - uniquant.data.utils.akshare_wrapper - INFO - AkShare initialized successfully
2026-05-28 09:09:17 - uniquant.shared.cache.cache_factory - INFO - 2026-05-28 09:09:17 - uniquant.shared.cache.cache_factory - INFO - Creating MemoryCacheBackend with max_size=5000
2026-05-28 09:09:17 - uniquant.shared.cache.backends - INFO - 2026-05-28 09:09:17 - uniquant.shared.cache.backends - INFO - MemoryCacheBackend initialized with max_size: 5000
2026-05-28 09:09:17 - uniquant.shared.cache.cache_factory - INFO - 2026-05-28 09:09:17 - uniquant.shared.cache.cache_factory - INFO - Creating MemoryCacheBackend with max_size=5000
2026-05-28 09:09:17 - uniquant.shared.cache.backends - INFO - 2026-05-28 09:09:17 - uniquant.shared.cache.backends - INFO - MemoryCacheBackend initialized with max_size: 5000
2026-05-28 09:09:18 - uniquant.shared.cache.cache_factory - INFO - 2026-05-28 09:09:18 - uniquant.shared.cache.cache_factory - INFO - Creating MemoryCacheBackend with max_size=5000
2026-05-28 09:09:18 - uniquant.shared.cache.backends - INFO - 2026-05-28 09:09:18 - uniquant.shared.cache.backends - INFO - MemoryCacheBackend initialized with max_size: 5000
2026-05-28 09:09:18 - uniquant.data.utils.akshare_wrapper - INFO - 2026-05-28 09:09:18 - uniquant.data.utils.akshare_wrapper - INFO - AkShare initialized successfully
2026-05-28 09:09:18 - uniquant.data.utils.akshare_wrapper - INFO - 2026-05-28 09:09:18 - uniquant.data.utils.akshare_wrapper - INFO - AkShare initialized successfully
2026-05-28 09:09:18 - FactorRegistry - INFO - 2026-05-28 09:09:18 - FactorRegistry - INFO - ✅ 因子注册成功: momentum_20d (technical) weight=1.0
2026-05-28 09:09:18 - FactorRegistry - INFO - 2026-05-28 09:09:18 - FactorRegistry - INFO - ✅ 因子注册成功: momentum_60d (technical) weight=0.9
2026-05-28 09:09:18 - FactorRegistry - INFO - 2026-05-28 09:09:18 - FactorRegistry - INFO - ✅ 因子注册成功: volatility_20d (technical) weight=0.8
2026-05-28 09:09:18 - FactorRegistry - INFO - 2026-05-28 09:09:18 - FactorRegistry - INFO - ✅ 因子注册成功: volatility_60d (technical) weight=0.7
2026-05-28 09:09:18 - FactorRegistry - INFO - 2026-05-28 09:09:18 - FactorRegistry - INFO - ✅ 因子注册成功: ma_ratio_5_20 (technical) weight=0.85
2026-05-28 09:09:18 - FactorRegistry - INFO - 2026-05-28 09:09:18 - FactorRegistry - INFO - ✅ 因子注册成功: ma_ratio_10_60 (technical) weight=0.75
2026-05-28 09:09:18 - FactorRegistry - INFO - 2026-05-28 09:09:18 - FactorRegistry - INFO - ✅ 因子注册成功: volume_ratio_5_20 (technical) weight=0.6
2026-05-28 09:09:18 - FactorRegistry - INFO - 2026-05-28 09:09:18 - FactorRegistry - INFO - ✅ 因子注册成功: rsi_14 (technical) weight=0.8
2026-05-28 09:09:18 - FactorRegistry - INFO - 2026-05-28 09:09:18 - FactorRegistry - INFO - ✅ 因子注册成功: price_position_20d (technical) weight=0.7
2026-05-28 09:09:18 - FactorRegistry - INFO - 2026-05-28 09:09:18 - FactorRegistry - INFO - ✅ 因子注册成功: turnover_momentum_20d (technical) weight=0.85
2026-05-28 09:09:20 - FactorRegistry - INFO - 2026-05-28 09:09:20 - FactorRegistry - INFO - ✅ 因子注册成功: momentum_20d (technical) weight=1.0
2026-05-28 09:09:20 - FactorRegistry - INFO - 2026-05-28 09:09:20 - FactorRegistry - INFO - ✅ 因子注册成功: momentum_60d (technical) weight=0.9
2026-05-28 09:09:20 - FactorRegistry - INFO - 2026-05-28 09:09:20 - FactorRegistry - INFO - ✅ 因子注册成功: volatility_20d (technical) weight=0.8
2026-05-28 09:09:20 - FactorRegistry - INFO - 2026-05-28 09:09:20 - FactorRegistry - INFO - ✅ 因子注册成功: volatility_60d (technical) weight=0.7
2026-05-28 09:09:20 - FactorRegistry - INFO - 2026-05-28 09:09:20 - FactorRegistry - INFO - ✅ 因子注册成功: ma_ratio_5_20 (technical) weight=0.85
2026-05-28 09:09:20 - FactorRegistry - INFO - 2026-05-28 09:09:20 - FactorRegistry - INFO - ✅ 因子注册成功: ma_ratio_10_60 (technical) weight=0.75
2026-05-28 09:09:20 - FactorRegistry - INFO - 2026-05-28 09:09:20 - FactorRegistry - INFO - ✅ 因子注册成功: volume_ratio_5_20 (technical) weight=0.6
2026-05-28 09:09:20 - FactorRegistry - INFO - 2026-05-28 09:09:20 - FactorRegistry - INFO - ✅ 因子注册成功: rsi_14 (technical) weight=0.8
2026-05-28 09:09:20 - FactorRegistry - INFO - 2026-05-28 09:09:20 - FactorRegistry - INFO - ✅ 因子注册成功: price_position_20d (technical) weight=0.7
2026-05-28 09:09:20 - FactorRegistry - INFO - 2026-05-28 09:09:20 - FactorRegistry - INFO - ✅ 因子注册成功: turnover_momentum_20d (technical) weight=0.85
2026-05-28 09:09:20 - uniquant.shared.cache.cache_factory - INFO - 2026-05-28 09:09:20 - uniquant.shared.cache.cache_factory - INFO - Creating MemoryCacheBackend with max_size=5000
2026-05-28 09:09:20 - uniquant.shared.cache.backends - INFO - 2026-05-28 09:09:20 - uniquant.shared.cache.backends - INFO - MemoryCacheBackend initialized with max_size: 5000
2026-05-28 09:09:20 - uniquant.brain.ntf.ntf_engine - INFO - 2026-05-28 09:09:20 - uniquant.brain.ntf.ntf_engine - INFO - NTF SIGNAL: Volume pulsar detected (Ratio: 3.00, Side: SUPPORT, Confidence: 0.85)
2026-05-28 09:09:20 - uniquant.brain.ntf.ntf_engine - INFO - 2026-05-28 09:09:20 - uniquant.brain.ntf.ntf_engine - INFO - NTF SIGNAL: Volume pulsar detected (Ratio: 3.00, Side: RESISTANCE, Confidence: 0.80)
2026-05-28 09:09:20 - uniquant.brain.ntf.ntf_engine - INFO - 2026-05-28 09:09:20 - uniquant.brain.ntf.ntf_engine - INFO - NTF SIGNAL: Volume pulsar detected (Ratio: 3.00, Side: LIQUIDITY_PULSE, Confidence: 0.40)
2026-05-28 09:09:20 - uniquant.brain.ntf.ntf_engine - WARNING - 2026-05-28 09:09:20 - uniquant.brain.ntf.ntf_engine - WARNING - 数据缺少成交量列 (volume/vol)
2026-05-28 09:09:20 - uniquant.brain.ntf.ntf_engine - INFO - 2026-05-28 09:09:20 - uniquant.brain.ntf.ntf_engine - INFO - NTF SIGNAL: Volume pulsar detected (Ratio: 3.00, Side: SUPPORT, Confidence: 0.85)
2026-05-28 09:09:20 - uniquant.brain.ntf.ntf_engine - ERROR - 2026-05-28 09:09:20 - uniquant.brain.ntf.ntf_engine - ERROR - 无法获取 510300.SH 的数据
2026-05-28 09:09:20 - uniquant.brain.ntf.ntf_engine - ERROR - 2026-05-28 09:09:20 - uniquant.brain.ntf.ntf_engine - ERROR - 数据缺少必要列: close 或 volume
2026-05-28 09:09:20 - uniquant.brain.regime.regime_detector - INFO - 2026-05-28 09:09:20 - uniquant.brain.regime.regime_detector - INFO - RegimeDetector初始化: entropy_threshold=0.1, turnover_z_limit=2.5, min_data_points=10
2026-05-28 09:09:20 - uniquant.brain.regime.regime_detector - WARNING - 2026-05-28 09:09:20 - uniquant.brain.regime.regime_detector - WARNING - 输入数据为None
2026-05-28 09:09:20 - uniquant.brain.regime.regime_detector - WARNING - 2026-05-28 09:09:20 - uniquant.brain.regime.regime_detector - WARNING - 输入数据类型错误: <class 'list'>
2026-05-28 09:09:20 - uniquant.brain.regime.regime_detector - WARNING - 2026-05-28 09:09:20 - uniquant.brain.regime.regime_detector - WARNING - 输入数据为空
2026-05-28 09:09:20 - uniquant.brain.regime.regime_detector - WARNING - 2026-05-28 09:09:20 - uniquant.brain.regime.regime_detector - WARNING - 数据点不足: 5 < 10
2026-05-28 09:09:20 - uniquant.brain.regime.regime_detector - WARNING - 2026-05-28 09:09:20 - uniquant.brain.regime.regime_detector - WARNING - 缺少必需列: ['volume']
2026-05-28 09:09:20 - uniquant.brain.regime.regime_detector - WARNING - 2026-05-28 09:09:20 - uniquant.brain.regime.regime_detector - WARNING - 收盘价列全为NaN
2026-05-28 09:09:20 - uniquant.brain.regime.regime_detector - WARNING - 2026-05-28 09:09:20 - uniquant.brain.regime.regime_detector - WARNING - Empty entropy series detected, defaulting to NORMAL regime
2026-05-28 09:09:20 - uniquant.brain.regime.regime_detector - INFO - 2026-05-28 09:09:20 - uniquant.brain.regime.regime_detector - INFO - RegimeDetector初始化: entropy_threshold=0.1, turnover_z_limit=2.5, min_data_points=10
2026-05-28 09:09:20 - uniquant.brain.regime.regime_detector - WARNING - 2026-05-28 09:09:20 - uniquant.brain.regime.regime_detector - WARNING - FROZEN regime detected (Entropy percentile: 0.0000)
2026-05-28 09:09:20 - uniquant.brain.regime.regime_detector - WARNING - 2026-05-28 09:09:20 - uniquant.brain.regime.regime_detector - WARNING - STRESSED regime detected (Turnover Z: 99.00)
2026-05-28 09:09:20 - uniquant.brain.regime.regime_detector - WARNING - 2026-05-28 09:09:20 - uniquant.brain.regime.regime_detector - WARNING - Empty entropy series detected, defaulting to NORMAL regime
2026-05-28 09:09:20 - uniquant.brain.regime.regime_detector - INFO - 2026-05-28 09:09:20 - uniquant.brain.regime.regime_detector - INFO - RegimeDetector初始化: entropy_threshold=0.1, turnover_z_limit=2.5, min_data_points=10
2026-05-28 09:09:20 - uniquant.brain.regime.regime_detector - ERROR - 2026-05-28 09:09:20 - uniquant.brain.regime.regime_detector - ERROR - 无法获取 000001.SZ 的数据
2026-05-28 09:09:21 - uniquant.data.utils.akshare_wrapper - INFO - 2026-05-28 09:09:21 - uniquant.data.utils.akshare_wrapper - INFO - AkShare initialized successfully
2026-05-28 09:09:21 - uniquant.brain.czsc.czsc_engine - WARNING - 2026-05-28 09:09:21 - uniquant.brain.czsc.czsc_engine - WARNING - open值必须为正数: -10.0
2026-05-28 09:09:21 - uniquant.brain.czsc.czsc_engine - WARNING - 2026-05-28 09:09:21 - uniquant.brain.czsc.czsc_engine - WARNING - K线数据验证失败，跳过本次分析
2026-05-28 09:09:21 - uniquant.brain.czsc.czsc_engine - WARNING - 2026-05-28 09:09:21 - uniquant.brain.czsc.czsc_engine - WARNING - 缺少必需列: {'low', 'high', 'open'}
2026-05-28 09:09:21 - uniquant.brain.czsc.czsc_engine - WARNING - 2026-05-28 09:09:21 - uniquant.brain.czsc.czsc_engine - WARNING - K线数据验证失败，跳过本次分析
2026-05-28 09:09:21 - uniquant.brain.czsc.czsc_engine - WARNING - 2026-05-28 09:09:21 - uniquant.brain.czsc.czsc_engine - WARNING - high值为NaN
2026-05-28 09:09:21 - uniquant.brain.czsc.czsc_engine - WARNING - 2026-05-28 09:09:21 - uniquant.brain.czsc.czsc_engine - WARNING - K线数据验证失败，跳过本次分析
2026-05-28 09:09:21 - uniquant.brain.czsc.czsc_engine - WARNING - 2026-05-28 09:09:21 - uniquant.brain.czsc.czsc_engine - WARNING - 价格逻辑错误: low <= close <= high 不满足
2026-05-28 09:09:21 - uniquant.brain.czsc.czsc_engine - WARNING - 2026-05-28 09:09:21 - uniquant.brain.czsc.czsc_engine - WARNING - 输入数据行为None
2026-05-28 09:09:21 - uniquant.brain.czsc.czsc_engine - WARNING - 2026-05-28 09:09:21 - uniquant.brain.czsc.czsc_engine - WARNING - K线数据验证失败，跳过本次分析
2026-05-28 09:09:21 - uniquant.brain.czsc.czsc_engine - WARNING - 2026-05-28 09:09:21 - uniquant.brain.czsc.czsc_engine - WARNING - 输入数据类型错误: <class 'str'>
2026-05-28 09:09:21 - uniquant.brain.czsc.czsc_engine - WARNING - 2026-05-28 09:09:21 - uniquant.brain.czsc.czsc_engine - WARNING - K线数据验证失败，跳过本次分析
2026-05-28 09:09:21 - uniquant.brain.czsc.czsc_engine - WARNING - 2026-05-28 09:09:21 - uniquant.brain.czsc.czsc_engine - WARNING - open值必须为正数: 0.0
2026-05-28 09:09:21 - uniquant.brain.czsc.czsc_engine - WARNING - 2026-05-28 09:09:21 - uniquant.brain.czsc.czsc_engine - WARNING - K线数据验证失败，跳过本次分析
2026-05-28 09:09:21 - uniquant.brain.czsc.czsc_engine - ERROR - 2026-05-28 09:09:21 - uniquant.brain.czsc.czsc_engine - ERROR - CZSC分析失败: boom
2026-05-28 09:09:21 - uniquant.brain.czsc.czsc_engine - ERROR - 2026-05-28 09:09:21 - uniquant.brain.czsc.czsc_engine - ERROR - Error in get_czsc_signals: 分析失败: boom
Traceback (most recent call last):
  File "/home/james/Documents/Project/UniQuant/src/uniquant/brain/czsc/czsc_engine.py", line 498, in get_czsc_signals
    analyzer = self._initialize_czsc_analyzer(bars)
               ^^^^^^^^^^^^^^^^^^^^^^^^^^^^^^^^^^^^
  File "/usr/lib/python3.12/unittest/mock.py", line 1134, in __call__
    return self._mock_call(*args, **kwargs)
           ^^^^^^^^^^^^^^^^^^^^^^^^^^^^^^^^
  File "/usr/lib/python3.12/unittest/mock.py", line 1138, in _mock_call
    return self._execute_mock_call(*args, **kwargs)
           ^^^^^^^^^^^^^^^^^^^^^^^^^^^^^^^^^^^^^^^^
  File "/usr/lib/python3.12/unittest/mock.py", line 1193, in _execute_mock_call
    raise effect
RuntimeError: boom

The above exception was the direct cause of the following exception:

Traceback (most recent call last):
  File "/home/james/Documents/Project/UniQuant/src/uniquant/shared/error_handling.py", line 87, in wrapper
    return func(*args, **kwargs)
           ^^^^^^^^^^^^^^^^^^^^^
  File "/home/james/Documents/Project/UniQuant/src/uniquant/brain/czsc/czsc_engine.py", line 508, in get_czsc_signals
    raise CZSCAnalysisError(f"分析失败: {e}") from e
uniquant.brain.czsc.czsc_engine.CZSCAnalysisError: 分析失败: boom
2026-05-28 09:09:21 - uniquant.brain.czsc.czsc_engine - WARNING - 2026-05-28 09:09:21 - uniquant.brain.czsc.czsc_engine - WARNING - 跳过异常K线 0: bad rawbar
2026-05-28 09:09:22 - FactorRegistry - INFO - 2026-05-28 09:09:22 - FactorRegistry - INFO - ✅ 因子注册成功: momentum_20d (technical) weight=1.0
2026-05-28 09:09:22 - FactorRegistry - INFO - 2026-05-28 09:09:22 - FactorRegistry - INFO - ✅ 因子注册成功: momentum_60d (technical) weight=0.9
2026-05-28 09:09:22 - FactorRegistry - INFO - 2026-05-28 09:09:22 - FactorRegistry - INFO - ✅ 因子注册成功: volatility_20d (technical) weight=0.8
2026-05-28 09:09:22 - FactorRegistry - INFO - 2026-05-28 09:09:22 - FactorRegistry - INFO - ✅ 因子注册成功: volatility_60d (technical) weight=0.7
2026-05-28 09:09:22 - FactorRegistry - INFO - 2026-05-28 09:09:22 - FactorRegistry - INFO - ✅ 因子注册成功: ma_ratio_5_20 (technical) weight=0.85
2026-05-28 09:09:22 - FactorRegistry - INFO - 2026-05-28 09:09:22 - FactorRegistry - INFO - ✅ 因子注册成功: ma_ratio_10_60 (technical) weight=0.75
2026-05-28 09:09:22 - FactorRegistry - INFO - 2026-05-28 09:09:22 - FactorRegistry - INFO - ✅ 因子注册成功: volume_ratio_5_20 (technical) weight=0.6
2026-05-28 09:09:22 - FactorRegistry - INFO - 2026-05-28 09:09:22 - FactorRegistry - INFO - ✅ 因子注册成功: rsi_14 (technical) weight=0.8
2026-05-28 09:09:22 - FactorRegistry - INFO - 2026-05-28 09:09:22 - FactorRegistry - INFO - ✅ 因子注册成功: price_position_20d (technical) weight=0.7
2026-05-28 09:09:22 - FactorRegistry - INFO - 2026-05-28 09:09:22 - FactorRegistry - INFO - ✅ 因子注册成功: turnover_momentum_20d (technical) weight=0.85
2026-05-28 09:09:22 - MacroAnalysisService - ERROR - 2026-05-28 09:09:22 - MacroAnalysisService - ERROR - LPPL engine failed: lppl failed
2026-05-28 09:09:22 - uniquant.brain.regime.regime_detector - INFO - 2026-05-28 09:09:22 - uniquant.brain.regime.regime_detector - INFO - RegimeDetector初始化: entropy_threshold=0.1, turnover_z_limit=2.5, min_data_points=30
2026-05-28 09:09:22 - MacroAnalysisService - WARNING - 2026-05-28 09:09:22 - MacroAnalysisService - WARNING - RegimeDetector 分析失败: bad regime dependency
2026-05-28 09:09:22 - MacroAnalysisService - WARNING - 2026-05-28 09:09:22 - MacroAnalysisService - WARNING - NTFEngine 分析失败: bad ntf dependency
2026-05-28 09:09:22 - StorageManager - WARNING - 2026-05-28 09:09:22 - StorageManager - WARNING - 全量股票代码文件不存在: /tmp/pytest-of-james/pytest-3/test_scan_pipeline_load_data_s0/data/all_stock_codes.csv
2026-05-28 09:09:22 - StorageManager - INFO - 2026-05-28 09:09:22 - StorageManager - INFO - 加载了 0 个股票代码
2026-05-28 09:09:22 - StorageManager - INFO - 2026-05-28 09:09:22 - StorageManager - INFO - 初始化存储管理器，数据目录: /tmp/pytest-of-james/pytest-3/test_scan_pipeline_load_data_s0/data
2026-05-28 09:09:22 - FinancialFactorBridge - INFO - 2026-05-28 09:09:22 - FinancialFactorBridge - INFO - FinancialFactorBridge initialized with 25 field mappings
2026-05-28 09:09:22 - FactorAnalyzer - INFO - 2026-05-28 09:09:22 - FactorAnalyzer - INFO - FactorAnalyzer initialized
2026-05-28 09:09:22 - FactorAnalyzer - INFO - 2026-05-28 09:09:22 - FactorAnalyzer - INFO - FactorAnalyzer initialized
2026-05-28 09:09:22 - StockScreener - INFO - 2026-05-28 09:09:22 - StockScreener - INFO - StockScreener initialized with top_n=50
2026-05-28 09:09:22 - ScanPipeline - INFO - 2026-05-28 09:09:22 - ScanPipeline - INFO - ScanPipeline initialized with top_n=50
2026-05-28 09:09:22 - ScanPipeline - INFO - 2026-05-28 09:09:22 - ScanPipeline - INFO - Loading data for 1 symbols...
2026-05-28 09:09:22 - ScanPipeline - WARNING - 2026-05-28 09:09:22 - ScanPipeline - WARNING - Failed to load financial data for 000001.SZ: cannot read /tmp/pytest-of-james/pytest-3/test_scan_pipeline_load_data_s0/data/lake/financial/000001.SZ.parquet
2026-05-28 09:09:22 - ScanPipeline - INFO - 2026-05-28 09:09:22 - ScanPipeline - INFO - Loaded 1 daily and 0 financial datasets
2026-05-28 09:09:22 - uniquant.brain.regime.regime_detector - INFO - 2026-05-28 09:09:22 - uniquant.brain.regime.regime_detector - INFO - RegimeDetector初始化: entropy_threshold=0.1, turnover_z_limit=2.5, min_data_points=30
2026-05-28 09:09:22 - uniquant.services.analysis.regime_analysis_engine - WARNING - 2026-05-28 09:09:22 - uniquant.services.analysis.regime_analysis_engine - WARNING - RegimeDetector 分析失败: bad regime engine
2026-05-28 09:09:22 - uniquant.services.analysis.lppl_analysis_engine - WARNING - 2026-05-28 09:09:22 - uniquant.services.analysis.lppl_analysis_engine - WARNING - LPPLEngine 分析失败: LPPLEngine.__init__() got an unexpected keyword argument 'config'
2026-05-28 09:09:22 - uniquant.services.analysis.czsc_analysis_engine - ERROR - 2026-05-28 09:09:22 - uniquant.services.analysis.czsc_analysis_engine - ERROR - CZSC engine failed: czsc failed
2026-05-28 09:09:22 - uniquant.brain.regime.regime_detector - INFO - 2026-05-28 09:09:22 - uniquant.brain.regime.regime_detector - INFO - RegimeDetector初始化: entropy_threshold=0.1, turnover_z_limit=2.5, min_data_points=30
2026-05-28 09:09:22 - uniquant.brain.regime.regime_detector - INFO - 2026-05-28 09:09:22 - uniquant.brain.regime.regime_detector - INFO - RegimeDetector初始化: entropy_threshold=0.5, turnover_z_limit=2.0, min_data_points=50
2026-05-28 09:09:22 - uniquant.services.analysis.ntf_analysis_engine - WARNING - 2026-05-28 09:09:22 - uniquant.services.analysis.ntf_analysis_engine - WARNING - NTFEngine 分析失败: bad ntf engine
2026-05-28 09:09:22 - uniquant.services.analysis.report_generator_engine - ERROR - 2026-05-28 09:09:22 - uniquant.services.analysis.report_generator_engine - ERROR - 000001.SZ 报告生成失败: report failed
2026-05-28 09:09:22 - uniquant.services.analysis.report_generator_engine - ERROR - 2026-05-28 09:09:22 - uniquant.services.analysis.report_generator_engine - ERROR - 批量生成报告失败: batch failed
2026-05-28 09:09:22 - uniquant.services.analysis.report_generator_engine - ERROR - 2026-05-28 09:09:22 - uniquant.services.analysis.report_generator_engine - ERROR - 列出结果文件失败: list failed
2026-05-28 09:09:22 - TechnicalAnalysisService - ERROR - 2026-05-28 09:09:22 - TechnicalAnalysisService - ERROR - CZSC engine failed: czsc failed
2026-05-28 09:09:22 - TechnicalAnalysisService - WARNING - 2026-05-28 09:09:22 - TechnicalAnalysisService - WARNING - CZSCEngine 分析失败: bad czsc dependency
2026-05-28 09:09:22 - uniquant.services.analysis.signal_service - WARNING - 2026-05-28 09:09:22 - uniquant.services.analysis.signal_service - WARNING - FSM 分析失败: fsm failed
2026-05-28 09:09:22 - uniquant.services.analysis.signal_service - WARNING - 2026-05-28 09:09:22 - uniquant.services.analysis.signal_service - WARNING - Alpha 分析失败: test_analyze_alpha_sets_default_score_on_value_error.<locals>.raise_value_error() takes from 2 to 3 positional arguments but 4 were given
2026-05-28 09:09:24 - uniquant.shared.cache.cache_factory - INFO - 2026-05-28 09:09:24 - uniquant.shared.cache.cache_factory - INFO - Creating MemoryCacheBackend with max_size=5000
2026-05-28 09:09:24 - uniquant.shared.cache.backends - INFO - 2026-05-28 09:09:24 - uniquant.shared.cache.backends - INFO - MemoryCacheBackend initialized with max_size: 5000
2026-05-28 09:09:25 - uniquant.data.utils.akshare_wrapper - INFO - 2026-05-28 09:09:25 - uniquant.data.utils.akshare_wrapper - INFO - AkShare initialized successfully
2026-05-28 09:09:26 - FactorRegistry - INFO - 2026-05-28 09:09:26 - FactorRegistry - INFO - ✅ 因子注册成功: momentum_20d (technical) weight=1.0
2026-05-28 09:09:26 - FactorRegistry - INFO - 2026-05-28 09:09:26 - FactorRegistry - INFO - ✅ 因子注册成功: momentum_60d (technical) weight=0.9
2026-05-28 09:09:26 - FactorRegistry - INFO - 2026-05-28 09:09:26 - FactorRegistry - INFO - ✅ 因子注册成功: volatility_20d (technical) weight=0.8
2026-05-28 09:09:26 - FactorRegistry - INFO - 2026-05-28 09:09:26 - FactorRegistry - INFO - ✅ 因子注册成功: volatility_60d (technical) weight=0.7
2026-05-28 09:09:26 - FactorRegistry - INFO - 2026-05-28 09:09:26 - FactorRegistry - INFO - ✅ 因子注册成功: ma_ratio_5_20 (technical) weight=0.85
2026-05-28 09:09:26 - FactorRegistry - INFO - 2026-05-28 09:09:26 - FactorRegistry - INFO - ✅ 因子注册成功: ma_ratio_10_60 (technical) weight=0.75
2026-05-28 09:09:26 - FactorRegistry - INFO - 2026-05-28 09:09:26 - FactorRegistry - INFO - ✅ 因子注册成功: volume_ratio_5_20 (technical) weight=0.6
2026-05-28 09:09:26 - FactorRegistry - INFO - 2026-05-28 09:09:26 - FactorRegistry - INFO - ✅ 因子注册成功: rsi_14 (technical) weight=0.8
2026-05-28 09:09:26 - FactorRegistry - INFO - 2026-05-28 09:09:26 - FactorRegistry - INFO - ✅ 因子注册成功: price_position_20d (technical) weight=0.7
2026-05-28 09:09:26 - FactorRegistry - INFO - 2026-05-28 09:09:26 - FactorRegistry - INFO - ✅ 因子注册成功: turnover_momentum_20d (technical) weight=0.85
2026-05-28 09:09:27 - uniquant.shared.cache.cache_factory - INFO - 2026-05-28 09:09:27 - uniquant.shared.cache.cache_factory - INFO - Creating MemoryCacheBackend with max_size=5000
2026-05-28 09:09:27 - uniquant.shared.cache.backends - INFO - 2026-05-28 09:09:27 - uniquant.shared.cache.backends - INFO - MemoryCacheBackend initialized with max_size: 5000
2026-05-28 09:09:28 - uniquant.data.utils.akshare_wrapper - INFO - 2026-05-28 09:09:28 - uniquant.data.utils.akshare_wrapper - INFO - AkShare initialized successfully
2026-05-28 09:09:29 - FactorRegistry - INFO - 2026-05-28 09:09:29 - FactorRegistry - INFO - ✅ 因子注册成功: momentum_20d (technical) weight=1.0
2026-05-28 09:09:29 - FactorRegistry - INFO - 2026-05-28 09:09:29 - FactorRegistry - INFO - ✅ 因子注册成功: momentum_60d (technical) weight=0.9
2026-05-28 09:09:29 - FactorRegistry - INFO - 2026-05-28 09:09:29 - FactorRegistry - INFO - ✅ 因子注册成功: volatility_20d (technical) weight=0.8
2026-05-28 09:09:29 - FactorRegistry - INFO - 2026-05-28 09:09:29 - FactorRegistry - INFO - ✅ 因子注册成功: volatility_60d (technical) weight=0.7
2026-05-28 09:09:29 - FactorRegistry - INFO - 2026-05-28 09:09:29 - FactorRegistry - INFO - ✅ 因子注册成功: ma_ratio_5_20 (technical) weight=0.85
2026-05-28 09:09:29 - FactorRegistry - INFO - 2026-05-28 09:09:29 - FactorRegistry - INFO - ✅ 因子注册成功: ma_ratio_10_60 (technical) weight=0.75
2026-05-28 09:09:29 - FactorRegistry - INFO - 2026-05-28 09:09:29 - FactorRegistry - INFO - ✅ 因子注册成功: volume_ratio_5_20 (technical) weight=0.6
2026-05-28 09:09:29 - FactorRegistry - INFO - 2026-05-28 09:09:29 - FactorRegistry - INFO - ✅ 因子注册成功: rsi_14 (technical) weight=0.8
2026-05-28 09:09:29 - FactorRegistry - INFO - 2026-05-28 09:09:29 - FactorRegistry - INFO - ✅ 因子注册成功: price_position_20d (technical) weight=0.7
2026-05-28 09:09:29 - FactorRegistry - INFO - 2026-05-28 09:09:29 - FactorRegistry - INFO - ✅ 因子注册成功: turnover_momentum_20d (technical) weight=0.85
2026-05-28 09:09:30 - uniquant.brain.ntf.ntf_engine - INFO - 2026-05-28 09:09:30 - uniquant.brain.ntf.ntf_engine - INFO - NTF SIGNAL: Volume pulsar detected (Ratio: 3.00, Side: SUPPORT, Confidence: 0.85)
2026-05-28 09:09:30 - uniquant.brain.ntf.ntf_engine - INFO - 2026-05-28 09:09:30 - uniquant.brain.ntf.ntf_engine - INFO - NTF SIGNAL: Volume pulsar detected (Ratio: 3.00, Side: RESISTANCE, Confidence: 0.80)
2026-05-28 09:09:30 - uniquant.brain.ntf.ntf_engine - INFO - 2026-05-28 09:09:30 - uniquant.brain.ntf.ntf_engine - INFO - NTF SIGNAL: Volume pulsar detected (Ratio: 3.00, Side: LIQUIDITY_PULSE, Confidence: 0.40)
2026-05-28 09:09:30 - uniquant.brain.ntf.ntf_engine - WARNING - 2026-05-28 09:09:30 - uniquant.brain.ntf.ntf_engine - WARNING - 数据缺少成交量列 (volume/vol)
2026-05-28 09:09:30 - uniquant.brain.ntf.ntf_engine - INFO - 2026-05-28 09:09:30 - uniquant.brain.ntf.ntf_engine - INFO - NTF SIGNAL: Volume pulsar detected (Ratio: 3.00, Side: SUPPORT, Confidence: 0.85)
2026-05-28 09:09:30 - uniquant.brain.ntf.ntf_engine - ERROR - 2026-05-28 09:09:30 - uniquant.brain.ntf.ntf_engine - ERROR - 无法获取 510300.SH 的数据
2026-05-28 09:09:30 - uniquant.brain.ntf.ntf_engine - ERROR - 2026-05-28 09:09:30 - uniquant.brain.ntf.ntf_engine - ERROR - 数据缺少必要列: close 或 volume
2026-05-28 09:09:30 - uniquant.brain.regime.regime_detector - INFO - 2026-05-28 09:09:30 - uniquant.brain.regime.regime_detector - INFO - RegimeDetector初始化: entropy_threshold=0.1, turnover_z_limit=2.5, min_data_points=10
2026-05-28 09:09:30 - uniquant.brain.regime.regime_detector - WARNING - 2026-05-28 09:09:30 - uniquant.brain.regime.regime_detector - WARNING - 输入数据为None
2026-05-28 09:09:30 - uniquant.brain.regime.regime_detector - WARNING - 2026-05-28 09:09:30 - uniquant.brain.regime.regime_detector - WARNING - 输入数据类型错误: <class 'list'>
2026-05-28 09:09:30 - uniquant.brain.regime.regime_detector - WARNING - 2026-05-28 09:09:30 - uniquant.brain.regime.regime_detector - WARNING - 输入数据为空
2026-05-28 09:09:30 - uniquant.brain.regime.regime_detector - WARNING - 2026-05-28 09:09:30 - uniquant.brain.regime.regime_detector - WARNING - 数据点不足: 5 < 10
2026-05-28 09:09:30 - uniquant.brain.regime.regime_detector - WARNING - 2026-05-28 09:09:30 - uniquant.brain.regime.regime_detector - WARNING - 缺少必需列: ['volume']
2026-05-28 09:09:30 - uniquant.brain.regime.regime_detector - WARNING - 2026-05-28 09:09:30 - uniquant.brain.regime.regime_detector - WARNING - 收盘价列全为NaN
2026-05-28 09:09:30 - uniquant.brain.regime.regime_detector - WARNING - 2026-05-28 09:09:30 - uniquant.brain.regime.regime_detector - WARNING - Empty entropy series detected, defaulting to NORMAL regime
2026-05-28 09:09:30 - uniquant.brain.regime.regime_detector - INFO - 2026-05-28 09:09:30 - uniquant.brain.regime.regime_detector - INFO - RegimeDetector初始化: entropy_threshold=0.1, turnover_z_limit=2.5, min_data_points=10
2026-05-28 09:09:30 - uniquant.brain.regime.regime_detector - WARNING - 2026-05-28 09:09:30 - uniquant.brain.regime.regime_detector - WARNING - FROZEN regime detected (Entropy percentile: 0.0000)
2026-05-28 09:09:30 - uniquant.brain.regime.regime_detector - WARNING - 2026-05-28 09:09:30 - uniquant.brain.regime.regime_detector - WARNING - STRESSED regime detected (Turnover Z: 99.00)
2026-05-28 09:09:30 - uniquant.brain.regime.regime_detector - WARNING - 2026-05-28 09:09:30 - uniquant.brain.regime.regime_detector - WARNING - Empty entropy series detected, defaulting to NORMAL regime
2026-05-28 09:09:30 - uniquant.brain.regime.regime_detector - INFO - 2026-05-28 09:09:30 - uniquant.brain.regime.regime_detector - INFO - RegimeDetector初始化: entropy_threshold=0.1, turnover_z_limit=2.5, min_data_points=10
2026-05-28 09:09:30 - uniquant.brain.regime.regime_detector - ERROR - 2026-05-28 09:09:30 - uniquant.brain.regime.regime_detector - ERROR - 无法获取 000001.SZ 的数据
2026-05-28 09:09:31 - uniquant.brain.czsc.czsc_engine - WARNING - 2026-05-28 09:09:31 - uniquant.brain.czsc.czsc_engine - WARNING - open值必须为正数: -10.0
2026-05-28 09:09:31 - uniquant.brain.czsc.czsc_engine - WARNING - 2026-05-28 09:09:31 - uniquant.brain.czsc.czsc_engine - WARNING - K线数据验证失败，跳过本次分析
2026-05-28 09:09:31 - uniquant.brain.czsc.czsc_engine - WARNING - 2026-05-28 09:09:31 - uniquant.brain.czsc.czsc_engine - WARNING - 缺少必需列: {'open', 'high', 'low'}
2026-05-28 09:09:31 - uniquant.brain.czsc.czsc_engine - WARNING - 2026-05-28 09:09:31 - uniquant.brain.czsc.czsc_engine - WARNING - K线数据验证失败，跳过本次分析
2026-05-28 09:09:31 - uniquant.brain.czsc.czsc_engine - WARNING - 2026-05-28 09:09:31 - uniquant.brain.czsc.czsc_engine - WARNING - high值为NaN
2026-05-28 09:09:31 - uniquant.brain.czsc.czsc_engine - WARNING - 2026-05-28 09:09:31 - uniquant.brain.czsc.czsc_engine - WARNING - K线数据验证失败，跳过本次分析
2026-05-28 09:09:31 - uniquant.brain.czsc.czsc_engine - WARNING - 2026-05-28 09:09:31 - uniquant.brain.czsc.czsc_engine - WARNING - 价格逻辑错误: low <= close <= high 不满足
2026-05-28 09:09:31 - uniquant.brain.czsc.czsc_engine - WARNING - 2026-05-28 09:09:31 - uniquant.brain.czsc.czsc_engine - WARNING - 输入数据行为None
2026-05-28 09:09:31 - uniquant.brain.czsc.czsc_engine - WARNING - 2026-05-28 09:09:31 - uniquant.brain.czsc.czsc_engine - WARNING - K线数据验证失败，跳过本次分析
2026-05-28 09:09:31 - uniquant.shared.cache.cache_factory - INFO - 2026-05-28 09:09:31 - uniquant.shared.cache.cache_factory - INFO - Creating MemoryCacheBackend with max_size=5000
2026-05-28 09:09:31 - uniquant.shared.cache.backends - INFO - 2026-05-28 09:09:31 - uniquant.shared.cache.backends - INFO - MemoryCacheBackend initialized with max_size: 5000
2026-05-28 09:09:32 - uniquant.data.utils.akshare_wrapper - INFO - 2026-05-28 09:09:32 - uniquant.data.utils.akshare_wrapper - INFO - AkShare initialized successfully
2026-05-28 09:09:33 - uniquant.shared.cache.cache_factory - INFO - 2026-05-28 09:09:33 - uniquant.shared.cache.cache_factory - INFO - Creating MemoryCacheBackend with max_size=5000
2026-05-28 09:09:33 - uniquant.shared.cache.backends - INFO - 2026-05-28 09:09:33 - uniquant.shared.cache.backends - INFO - MemoryCacheBackend initialized with max_size: 5000
2026-05-28 09:09:33 - uniquant.data.utils.akshare_wrapper - INFO - 2026-05-28 09:09:33 - uniquant.data.utils.akshare_wrapper - INFO - AkShare initialized successfully
2026-05-28 09:09:34 - FactorRegistry - INFO - 2026-05-28 09:09:34 - FactorRegistry - INFO - ✅ 因子注册成功: momentum_20d (technical) weight=1.0
2026-05-28 09:09:34 - FactorRegistry - INFO - 2026-05-28 09:09:34 - FactorRegistry - INFO - ✅ 因子注册成功: momentum_60d (technical) weight=0.9
2026-05-28 09:09:34 - FactorRegistry - INFO - 2026-05-28 09:09:34 - FactorRegistry - INFO - ✅ 因子注册成功: volatility_20d (technical) weight=0.8
2026-05-28 09:09:34 - FactorRegistry - INFO - 2026-05-28 09:09:34 - FactorRegistry - INFO - ✅ 因子注册成功: volatility_60d (technical) weight=0.7
2026-05-28 09:09:34 - FactorRegistry - INFO - 2026-05-28 09:09:34 - FactorRegistry - INFO - ✅ 因子注册成功: ma_ratio_5_20 (technical) weight=0.85
2026-05-28 09:09:34 - FactorRegistry - INFO - 2026-05-28 09:09:34 - FactorRegistry - INFO - ✅ 因子注册成功: ma_ratio_10_60 (technical) weight=0.75
2026-05-28 09:09:34 - FactorRegistry - INFO - 2026-05-28 09:09:34 - FactorRegistry - INFO - ✅ 因子注册成功: volume_ratio_5_20 (technical) weight=0.6
2026-05-28 09:09:34 - FactorRegistry - INFO - 2026-05-28 09:09:34 - FactorRegistry - INFO - ✅ 因子注册成功: rsi_14 (technical) weight=0.8
2026-05-28 09:09:34 - FactorRegistry - INFO - 2026-05-28 09:09:34 - FactorRegistry - INFO - ✅ 因子注册成功: price_position_20d (technical) weight=0.7
2026-05-28 09:09:34 - FactorRegistry - INFO - 2026-05-28 09:09:34 - FactorRegistry - INFO - ✅ 因子注册成功: turnover_momentum_20d (technical) weight=0.85
2026-05-28 09:09:46 - uniquant.shared.cache.cache_factory - INFO - 2026-05-28 09:09:46 - uniquant.shared.cache.cache_factory - INFO - Creating MemoryCacheBackend with max_size=5000
2026-05-28 09:09:46 - uniquant.shared.cache.backends - INFO - 2026-05-28 09:09:46 - uniquant.shared.cache.backends - INFO - MemoryCacheBackend initialized with max_size: 5000
2026-05-28 09:09:46 - uniquant.shared.cache.cache_factory - INFO - 2026-05-28 09:09:46 - uniquant.shared.cache.cache_factory - INFO - Creating MemoryCacheBackend with max_size=5000
2026-05-28 09:09:46 - uniquant.shared.cache.backends - INFO - 2026-05-28 09:09:46 - uniquant.shared.cache.backends - INFO - MemoryCacheBackend initialized with max_size: 5000
2026-05-28 09:09:46 - uniquant.data.utils.akshare_wrapper - INFO - 2026-05-28 09:09:46 - uniquant.data.utils.akshare_wrapper - INFO - AkShare initialized successfully
2026-05-28 09:09:47 - uniquant.data.utils.akshare_wrapper - INFO - 2026-05-28 09:09:47 - uniquant.data.utils.akshare_wrapper - INFO - AkShare initialized successfully
2026-05-28 09:09:48 - FactorRegistry - INFO - 2026-05-28 09:09:48 - FactorRegistry - INFO - ✅ 因子注册成功: momentum_20d (technical) weight=1.0
2026-05-28 09:09:48 - FactorRegistry - INFO - 2026-05-28 09:09:48 - FactorRegistry - INFO - ✅ 因子注册成功: momentum_60d (technical) weight=0.9
2026-05-28 09:09:48 - FactorRegistry - INFO - 2026-05-28 09:09:48 - FactorRegistry - INFO - ✅ 因子注册成功: volatility_20d (technical) weight=0.8
2026-05-28 09:09:48 - FactorRegistry - INFO - 2026-05-28 09:09:48 - FactorRegistry - INFO - ✅ 因子注册成功: volatility_60d (technical) weight=0.7
2026-05-28 09:09:48 - FactorRegistry - INFO - 2026-05-28 09:09:48 - FactorRegistry - INFO - ✅ 因子注册成功: ma_ratio_5_20 (technical) weight=0.85
2026-05-28 09:09:48 - FactorRegistry - INFO - 2026-05-28 09:09:48 - FactorRegistry - INFO - ✅ 因子注册成功: ma_ratio_10_60 (technical) weight=0.75
2026-05-28 09:09:48 - FactorRegistry - INFO - 2026-05-28 09:09:48 - FactorRegistry - INFO - ✅ 因子注册成功: volume_ratio_5_20 (technical) weight=0.6
2026-05-28 09:09:48 - FactorRegistry - INFO - 2026-05-28 09:09:48 - FactorRegistry - INFO - ✅ 因子注册成功: rsi_14 (technical) weight=0.8
2026-05-28 09:09:48 - FactorRegistry - INFO - 2026-05-28 09:09:48 - FactorRegistry - INFO - ✅ 因子注册成功: price_position_20d (technical) weight=0.7
2026-05-28 09:09:48 - FactorRegistry - INFO - 2026-05-28 09:09:48 - FactorRegistry - INFO - ✅ 因子注册成功: turnover_momentum_20d (technical) weight=0.85
2026-05-28 09:09:48 - FactorRegistry - INFO - 2026-05-28 09:09:48 - FactorRegistry - INFO - ✅ 因子注册成功: momentum_20d (technical) weight=1.0
2026-05-28 09:09:48 - FactorRegistry - INFO - 2026-05-28 09:09:48 - FactorRegistry - INFO - ✅ 因子注册成功: momentum_60d (technical) weight=0.9
2026-05-28 09:09:48 - FactorRegistry - INFO - 2026-05-28 09:09:48 - FactorRegistry - INFO - ✅ 因子注册成功: volatility_20d (technical) weight=0.8
2026-05-28 09:09:48 - FactorRegistry - INFO - 2026-05-28 09:09:48 - FactorRegistry - INFO - ✅ 因子注册成功: volatility_60d (technical) weight=0.7
2026-05-28 09:09:48 - FactorRegistry - INFO - 2026-05-28 09:09:48 - FactorRegistry - INFO - ✅ 因子注册成功: ma_ratio_5_20 (technical) weight=0.85
2026-05-28 09:09:48 - FactorRegistry - INFO - 2026-05-28 09:09:48 - FactorRegistry - INFO - ✅ 因子注册成功: ma_ratio_10_60 (technical) weight=0.75
2026-05-28 09:09:48 - FactorRegistry - INFO - 2026-05-28 09:09:48 - FactorRegistry - INFO - ✅ 因子注册成功: volume_ratio_5_20 (technical) weight=0.6
2026-05-28 09:09:48 - FactorRegistry - INFO - 2026-05-28 09:09:48 - FactorRegistry - INFO - ✅ 因子注册成功: rsi_14 (technical) weight=0.8
2026-05-28 09:09:48 - FactorRegistry - INFO - 2026-05-28 09:09:48 - FactorRegistry - INFO - ✅ 因子注册成功: price_position_20d (technical) weight=0.7
2026-05-28 09:09:48 - FactorRegistry - INFO - 2026-05-28 09:09:48 - FactorRegistry - INFO - ✅ 因子注册成功: turnover_momentum_20d (technical) weight=0.85
2026-05-28 09:10:03 - uniquant.shared.cache.cache_factory - INFO - 2026-05-28 09:10:03 - uniquant.shared.cache.cache_factory - INFO - Creating MemoryCacheBackend with max_size=5000
2026-05-28 09:10:03 - uniquant.shared.cache.backends - INFO - 2026-05-28 09:10:03 - uniquant.shared.cache.backends - INFO - MemoryCacheBackend initialized with max_size: 5000
2026-05-28 09:10:03 - uniquant.data.utils.akshare_wrapper - INFO - 2026-05-28 09:10:03 - uniquant.data.utils.akshare_wrapper - INFO - AkShare initialized successfully
2026-05-28 09:10:22 - uniquant.data.utils.akshare_wrapper - INFO - 2026-05-28 09:10:22 - uniquant.data.utils.akshare_wrapper - INFO - AkShare initialized successfully
2026-05-28 09:10:22 - uniquant.shared.cache.cache_factory - INFO - 2026-05-28 09:10:22 - uniquant.shared.cache.cache_factory - INFO - Creating MemoryCacheBackend with max_size=5000
2026-05-28 09:10:22 - uniquant.shared.cache.backends - INFO - 2026-05-28 09:10:22 - uniquant.shared.cache.backends - INFO - MemoryCacheBackend initialized with max_size: 5000
2026-05-28 09:10:23 - uniquant.shared.cache.cache_factory - INFO - 2026-05-28 09:10:23 - uniquant.shared.cache.cache_factory - INFO - Creating MemoryCacheBackend with max_size=5000
2026-05-28 09:10:23 - uniquant.shared.cache.backends - INFO - 2026-05-28 09:10:23 - uniquant.shared.cache.backends - INFO - MemoryCacheBackend initialized with max_size: 5000
2026-05-28 09:10:24 - uniquant.data.utils.akshare_wrapper - INFO - 2026-05-28 09:10:24 - uniquant.data.utils.akshare_wrapper - INFO - AkShare initialized successfully
2026-05-28 09:10:25 - uniquant.shared.cache.cache_factory - INFO - 2026-05-28 09:10:25 - uniquant.shared.cache.cache_factory - INFO - Creating MemoryCacheBackend with max_size=5000
2026-05-28 09:10:25 - uniquant.shared.cache.backends - INFO - 2026-05-28 09:10:25 - uniquant.shared.cache.backends - INFO - MemoryCacheBackend initialized with max_size: 5000
2026-05-28 09:10:25 - uniquant.data.utils.akshare_wrapper - INFO - 2026-05-28 09:10:25 - uniquant.data.utils.akshare_wrapper - INFO - AkShare initialized successfully
2026-05-28 09:10:26 - uniquant.shared.cache.cache_factory - INFO - 2026-05-28 09:10:26 - uniquant.shared.cache.cache_factory - INFO - Creating MemoryCacheBackend with max_size=5000
2026-05-28 09:10:26 - uniquant.shared.cache.backends - INFO - 2026-05-28 09:10:26 - uniquant.shared.cache.backends - INFO - MemoryCacheBackend initialized with max_size: 5000
2026-05-28 09:10:26 - uniquant.data.utils.akshare_wrapper - INFO - 2026-05-28 09:10:26 - uniquant.data.utils.akshare_wrapper - INFO - AkShare initialized successfully
2026-05-28 09:10:26 - FactorRegistry - INFO - 2026-05-28 09:10:26 - FactorRegistry - INFO - ✅ 因子注册成功: momentum_20d (technical) weight=1.0
2026-05-28 09:10:26 - FactorRegistry - INFO - 2026-05-28 09:10:26 - FactorRegistry - INFO - ✅ 因子注册成功: momentum_60d (technical) weight=0.9
2026-05-28 09:10:26 - FactorRegistry - INFO - 2026-05-28 09:10:26 - FactorRegistry - INFO - ✅ 因子注册成功: volatility_20d (technical) weight=0.8
2026-05-28 09:10:26 - FactorRegistry - INFO - 2026-05-28 09:10:26 - FactorRegistry - INFO - ✅ 因子注册成功: volatility_60d (technical) weight=0.7
2026-05-28 09:10:26 - FactorRegistry - INFO - 2026-05-28 09:10:26 - FactorRegistry - INFO - ✅ 因子注册成功: ma_ratio_5_20 (technical) weight=0.85
2026-05-28 09:10:26 - FactorRegistry - INFO - 2026-05-28 09:10:26 - FactorRegistry - INFO - ✅ 因子注册成功: ma_ratio_10_60 (technical) weight=0.75
2026-05-28 09:10:26 - FactorRegistry - INFO - 2026-05-28 09:10:26 - FactorRegistry - INFO - ✅ 因子注册成功: volume_ratio_5_20 (technical) weight=0.6
2026-05-28 09:10:26 - FactorRegistry - INFO - 2026-05-28 09:10:26 - FactorRegistry - INFO - ✅ 因子注册成功: rsi_14 (technical) weight=0.8
2026-05-28 09:10:26 - FactorRegistry - INFO - 2026-05-28 09:10:26 - FactorRegistry - INFO - ✅ 因子注册成功: price_position_20d (technical) weight=0.7
2026-05-28 09:10:26 - FactorRegistry - INFO - 2026-05-28 09:10:26 - FactorRegistry - INFO - ✅ 因子注册成功: turnover_momentum_20d (technical) weight=0.85
2026-05-28 09:10:27 - FactorRegistry - INFO - 2026-05-28 09:10:27 - FactorRegistry - INFO - ✅ 因子注册成功: momentum_20d (technical) weight=1.0
2026-05-28 09:10:27 - FactorRegistry - INFO - 2026-05-28 09:10:27 - FactorRegistry - INFO - ✅ 因子注册成功: momentum_60d (technical) weight=0.9
2026-05-28 09:10:27 - FactorRegistry - INFO - 2026-05-28 09:10:27 - FactorRegistry - INFO - ✅ 因子注册成功: volatility_20d (technical) weight=0.8
2026-05-28 09:10:27 - FactorRegistry - INFO - 2026-05-28 09:10:27 - FactorRegistry - INFO - ✅ 因子注册成功: volatility_60d (technical) weight=0.7
2026-05-28 09:10:27 - FactorRegistry - INFO - 2026-05-28 09:10:27 - FactorRegistry - INFO - ✅ 因子注册成功: ma_ratio_5_20 (technical) weight=0.85
2026-05-28 09:10:27 - FactorRegistry - INFO - 2026-05-28 09:10:27 - FactorRegistry - INFO - ✅ 因子注册成功: ma_ratio_10_60 (technical) weight=0.75
2026-05-28 09:10:27 - FactorRegistry - INFO - 2026-05-28 09:10:27 - FactorRegistry - INFO - ✅ 因子注册成功: volume_ratio_5_20 (technical) weight=0.6
2026-05-28 09:10:27 - FactorRegistry - INFO - 2026-05-28 09:10:27 - FactorRegistry - INFO - ✅ 因子注册成功: rsi_14 (technical) weight=0.8
2026-05-28 09:10:27 - FactorRegistry - INFO - 2026-05-28 09:10:27 - FactorRegistry - INFO - ✅ 因子注册成功: price_position_20d (technical) weight=0.7
2026-05-28 09:10:27 - FactorRegistry - INFO - 2026-05-28 09:10:27 - FactorRegistry - INFO - ✅ 因子注册成功: turnover_momentum_20d (technical) weight=0.85
2026-05-28 09:14:44 - uniquant.shared.cache.cache_factory - INFO - 2026-05-28 09:14:44 - uniquant.shared.cache.cache_factory - INFO - Creating MemoryCacheBackend with max_size=5000
2026-05-28 09:14:44 - uniquant.shared.cache.backends - INFO - 2026-05-28 09:14:44 - uniquant.shared.cache.backends - INFO - MemoryCacheBackend initialized with max_size: 5000
2026-05-28 09:14:44 - uniquant.data.utils.akshare_wrapper - INFO - 2026-05-28 09:14:44 - uniquant.data.utils.akshare_wrapper - INFO - AkShare initialized successfully
2026-05-28 09:14:45 - FactorRegistry - INFO - 2026-05-28 09:14:45 - FactorRegistry - INFO - ✅ 因子注册成功: momentum_20d (technical) weight=1.0
2026-05-28 09:14:45 - FactorRegistry - INFO - 2026-05-28 09:14:45 - FactorRegistry - INFO - ✅ 因子注册成功: momentum_60d (technical) weight=0.9
2026-05-28 09:14:45 - FactorRegistry - INFO - 2026-05-28 09:14:45 - FactorRegistry - INFO - ✅ 因子注册成功: volatility_20d (technical) weight=0.8
2026-05-28 09:14:45 - FactorRegistry - INFO - 2026-05-28 09:14:45 - FactorRegistry - INFO - ✅ 因子注册成功: volatility_60d (technical) weight=0.7
2026-05-28 09:14:45 - FactorRegistry - INFO - 2026-05-28 09:14:45 - FactorRegistry - INFO - ✅ 因子注册成功: ma_ratio_5_20 (technical) weight=0.85
2026-05-28 09:14:45 - FactorRegistry - INFO - 2026-05-28 09:14:45 - FactorRegistry - INFO - ✅ 因子注册成功: ma_ratio_10_60 (technical) weight=0.75
2026-05-28 09:14:45 - FactorRegistry - INFO - 2026-05-28 09:14:45 - FactorRegistry - INFO - ✅ 因子注册成功: volume_ratio_5_20 (technical) weight=0.6
2026-05-28 09:14:45 - FactorRegistry - INFO - 2026-05-28 09:14:45 - FactorRegistry - INFO - ✅ 因子注册成功: rsi_14 (technical) weight=0.8
2026-05-28 09:14:45 - FactorRegistry - INFO - 2026-05-28 09:14:45 - FactorRegistry - INFO - ✅ 因子注册成功: price_position_20d (technical) weight=0.7
2026-05-28 09:14:45 - FactorRegistry - INFO - 2026-05-28 09:14:45 - FactorRegistry - INFO - ✅ 因子注册成功: turnover_momentum_20d (technical) weight=0.85
2026-05-28 09:14:46 - uniquant.brain.ntf.ntf_engine - INFO - 2026-05-28 09:14:46 - uniquant.brain.ntf.ntf_engine - INFO - NTF SIGNAL: Volume pulsar detected (Ratio: 3.00, Side: SUPPORT, Confidence: 0.85)
2026-05-28 09:14:46 - uniquant.brain.ntf.ntf_engine - INFO - 2026-05-28 09:14:46 - uniquant.brain.ntf.ntf_engine - INFO - NTF SIGNAL: Volume pulsar detected (Ratio: 3.00, Side: RESISTANCE, Confidence: 0.80)
2026-05-28 09:14:46 - uniquant.brain.ntf.ntf_engine - INFO - 2026-05-28 09:14:46 - uniquant.brain.ntf.ntf_engine - INFO - NTF SIGNAL: Volume pulsar detected (Ratio: 3.00, Side: LIQUIDITY_PULSE, Confidence: 0.40)
2026-05-28 09:14:46 - uniquant.brain.ntf.ntf_engine - WARNING - 2026-05-28 09:14:46 - uniquant.brain.ntf.ntf_engine - WARNING - 数据缺少成交量列 (volume/vol)
2026-05-28 09:14:46 - uniquant.brain.ntf.ntf_engine - INFO - 2026-05-28 09:14:46 - uniquant.brain.ntf.ntf_engine - INFO - NTF SIGNAL: Volume pulsar detected (Ratio: 3.00, Side: SUPPORT, Confidence: 0.85)
2026-05-28 09:14:46 - uniquant.brain.ntf.ntf_engine - ERROR - 2026-05-28 09:14:46 - uniquant.brain.ntf.ntf_engine - ERROR - 无法获取 510300.SH 的数据
2026-05-28 09:14:46 - uniquant.brain.ntf.ntf_engine - ERROR - 2026-05-28 09:14:46 - uniquant.brain.ntf.ntf_engine - ERROR - 数据缺少必要列: close 或 volume
2026-05-28 09:14:46 - uniquant.brain.regime.regime_detector - INFO - 2026-05-28 09:14:46 - uniquant.brain.regime.regime_detector - INFO - RegimeDetector初始化: entropy_threshold=0.1, turnover_z_limit=2.5, min_data_points=10
2026-05-28 09:14:46 - uniquant.brain.regime.regime_detector - WARNING - 2026-05-28 09:14:46 - uniquant.brain.regime.regime_detector - WARNING - 输入数据为None
2026-05-28 09:14:46 - uniquant.brain.regime.regime_detector - WARNING - 2026-05-28 09:14:46 - uniquant.brain.regime.regime_detector - WARNING - 输入数据类型错误: <class 'list'>
2026-05-28 09:14:46 - uniquant.brain.regime.regime_detector - WARNING - 2026-05-28 09:14:46 - uniquant.brain.regime.regime_detector - WARNING - 输入数据为空
2026-05-28 09:14:46 - uniquant.brain.regime.regime_detector - WARNING - 2026-05-28 09:14:46 - uniquant.brain.regime.regime_detector - WARNING - 数据点不足: 5 < 10
2026-05-28 09:14:46 - uniquant.brain.regime.regime_detector - WARNING - 2026-05-28 09:14:46 - uniquant.brain.regime.regime_detector - WARNING - 缺少必需列: ['volume']
2026-05-28 09:14:46 - uniquant.brain.regime.regime_detector - WARNING - 2026-05-28 09:14:46 - uniquant.brain.regime.regime_detector - WARNING - 收盘价列全为NaN
2026-05-28 09:14:46 - uniquant.brain.regime.regime_detector - WARNING - 2026-05-28 09:14:46 - uniquant.brain.regime.regime_detector - WARNING - Empty entropy series detected, defaulting to NORMAL regime
2026-05-28 09:14:46 - uniquant.brain.regime.regime_detector - INFO - 2026-05-28 09:14:46 - uniquant.brain.regime.regime_detector - INFO - RegimeDetector初始化: entropy_threshold=0.1, turnover_z_limit=2.5, min_data_points=10
2026-05-28 09:14:46 - uniquant.brain.regime.regime_detector - WARNING - 2026-05-28 09:14:46 - uniquant.brain.regime.regime_detector - WARNING - FROZEN regime detected (Entropy percentile: 0.0000)
2026-05-28 09:14:46 - uniquant.brain.regime.regime_detector - WARNING - 2026-05-28 09:14:46 - uniquant.brain.regime.regime_detector - WARNING - STRESSED regime detected (Turnover Z: 99.00)
2026-05-28 09:14:46 - uniquant.brain.regime.regime_detector - WARNING - 2026-05-28 09:14:46 - uniquant.brain.regime.regime_detector - WARNING - Empty entropy series detected, defaulting to NORMAL regime
2026-05-28 09:14:46 - uniquant.brain.regime.regime_detector - INFO - 2026-05-28 09:14:46 - uniquant.brain.regime.regime_detector - INFO - RegimeDetector初始化: entropy_threshold=0.1, turnover_z_limit=2.5, min_data_points=10
2026-05-28 09:14:46 - uniquant.brain.regime.regime_detector - ERROR - 2026-05-28 09:14:46 - uniquant.brain.regime.regime_detector - ERROR - 无法获取 000001.SZ 的数据
2026-05-28 09:14:47 - uniquant.brain.czsc.czsc_engine - WARNING - 2026-05-28 09:14:47 - uniquant.brain.czsc.czsc_engine - WARNING - open值必须为正数: -10.0
2026-05-28 09:14:47 - uniquant.brain.czsc.czsc_engine - WARNING - 2026-05-28 09:14:47 - uniquant.brain.czsc.czsc_engine - WARNING - K线数据验证失败，跳过本次分析
2026-05-28 09:14:47 - uniquant.brain.czsc.czsc_engine - WARNING - 2026-05-28 09:14:47 - uniquant.brain.czsc.czsc_engine - WARNING - 缺少必需列: {'low', 'open', 'high'}
2026-05-28 09:14:47 - uniquant.brain.czsc.czsc_engine - WARNING - 2026-05-28 09:14:47 - uniquant.brain.czsc.czsc_engine - WARNING - K线数据验证失败，跳过本次分析
2026-05-28 09:14:47 - uniquant.brain.czsc.czsc_engine - WARNING - 2026-05-28 09:14:47 - uniquant.brain.czsc.czsc_engine - WARNING - high值为NaN
2026-05-28 09:14:47 - uniquant.brain.czsc.czsc_engine - WARNING - 2026-05-28 09:14:47 - uniquant.brain.czsc.czsc_engine - WARNING - K线数据验证失败，跳过本次分析
2026-05-28 09:14:47 - uniquant.brain.czsc.czsc_engine - WARNING - 2026-05-28 09:14:47 - uniquant.brain.czsc.czsc_engine - WARNING - 价格逻辑错误: low <= close <= high 不满足
2026-05-28 09:14:47 - uniquant.brain.czsc.czsc_engine - WARNING - 2026-05-28 09:14:47 - uniquant.brain.czsc.czsc_engine - WARNING - 输入数据行为None
2026-05-28 09:14:47 - uniquant.brain.czsc.czsc_engine - WARNING - 2026-05-28 09:14:47 - uniquant.brain.czsc.czsc_engine - WARNING - K线数据验证失败，跳过本次分析
2026-05-28 09:14:47 - uniquant.brain.czsc.czsc_engine - WARNING - 2026-05-28 09:14:47 - uniquant.brain.czsc.czsc_engine - WARNING - 输入数据类型错误: <class 'str'>
2026-05-28 09:14:47 - uniquant.brain.czsc.czsc_engine - WARNING - 2026-05-28 09:14:47 - uniquant.brain.czsc.czsc_engine - WARNING - K线数据验证失败，跳过本次分析
2026-05-28 09:14:47 - uniquant.brain.czsc.czsc_engine - WARNING - 2026-05-28 09:14:47 - uniquant.brain.czsc.czsc_engine - WARNING - open值必须为正数: 0.0
2026-05-28 09:14:47 - uniquant.brain.czsc.czsc_engine - WARNING - 2026-05-28 09:14:47 - uniquant.brain.czsc.czsc_engine - WARNING - K线数据验证失败，跳过本次分析
2026-05-28 09:14:47 - uniquant.brain.czsc.czsc_engine - ERROR - 2026-05-28 09:14:47 - uniquant.brain.czsc.czsc_engine - ERROR - CZSC分析失败: boom
2026-05-28 09:14:47 - uniquant.brain.czsc.czsc_engine - ERROR - 2026-05-28 09:14:47 - uniquant.brain.czsc.czsc_engine - ERROR - Error in get_czsc_signals: 分析失败: boom
Traceback (most recent call last):
  File "/home/james/Documents/Project/UniQuant/src/uniquant/brain/czsc/czsc_engine.py", line 498, in get_czsc_signals
    analyzer = self._initialize_czsc_analyzer(bars)
               ^^^^^^^^^^^^^^^^^^^^^^^^^^^^^^^^^^^^
  File "/usr/lib/python3.12/unittest/mock.py", line 1134, in __call__
    return self._mock_call(*args, **kwargs)
           ^^^^^^^^^^^^^^^^^^^^^^^^^^^^^^^^
  File "/usr/lib/python3.12/unittest/mock.py", line 1138, in _mock_call
    return self._execute_mock_call(*args, **kwargs)
           ^^^^^^^^^^^^^^^^^^^^^^^^^^^^^^^^^^^^^^^^
  File "/usr/lib/python3.12/unittest/mock.py", line 1193, in _execute_mock_call
    raise effect
RuntimeError: boom

The above exception was the direct cause of the following exception:

Traceback (most recent call last):
  File "/home/james/Documents/Project/UniQuant/src/uniquant/shared/error_handling.py", line 87, in wrapper
    return func(*args, **kwargs)
           ^^^^^^^^^^^^^^^^^^^^^
  File "/home/james/Documents/Project/UniQuant/src/uniquant/brain/czsc/czsc_engine.py", line 508, in get_czsc_signals
    raise CZSCAnalysisError(f"分析失败: {e}") from e
uniquant.brain.czsc.czsc_engine.CZSCAnalysisError: 分析失败: boom
2026-05-28 09:14:47 - uniquant.brain.czsc.czsc_engine - WARNING - 2026-05-28 09:14:47 - uniquant.brain.czsc.czsc_engine - WARNING - 跳过异常K线 0: bad rawbar
2026-05-28 09:14:47 - MacroAnalysisService - ERROR - 2026-05-28 09:14:47 - MacroAnalysisService - ERROR - LPPL engine failed: lppl failed
2026-05-28 09:14:47 - uniquant.brain.regime.regime_detector - INFO - 2026-05-28 09:14:47 - uniquant.brain.regime.regime_detector - INFO - RegimeDetector初始化: entropy_threshold=0.1, turnover_z_limit=2.5, min_data_points=30
2026-05-28 09:14:47 - MacroAnalysisService - WARNING - 2026-05-28 09:14:47 - MacroAnalysisService - WARNING - RegimeDetector 分析失败: bad regime dependency
2026-05-28 09:14:47 - MacroAnalysisService - WARNING - 2026-05-28 09:14:47 - MacroAnalysisService - WARNING - NTFEngine 分析失败: bad ntf dependency
2026-05-28 09:14:47 - StorageManager - WARNING - 2026-05-28 09:14:47 - StorageManager - WARNING - 全量股票代码文件不存在: /tmp/pytest-of-james/pytest-4/test_scan_pipeline_load_data_s0/data/all_stock_codes.csv
2026-05-28 09:14:47 - StorageManager - INFO - 2026-05-28 09:14:47 - StorageManager - INFO - 加载了 0 个股票代码
2026-05-28 09:14:47 - StorageManager - INFO - 2026-05-28 09:14:47 - StorageManager - INFO - 初始化存储管理器，数据目录: /tmp/pytest-of-james/pytest-4/test_scan_pipeline_load_data_s0/data
2026-05-28 09:14:47 - FinancialFactorBridge - INFO - 2026-05-28 09:14:47 - FinancialFactorBridge - INFO - FinancialFactorBridge initialized with 25 field mappings
2026-05-28 09:14:47 - FactorAnalyzer - INFO - 2026-05-28 09:14:47 - FactorAnalyzer - INFO - FactorAnalyzer initialized
2026-05-28 09:14:47 - FactorAnalyzer - INFO - 2026-05-28 09:14:47 - FactorAnalyzer - INFO - FactorAnalyzer initialized
2026-05-28 09:14:47 - StockScreener - INFO - 2026-05-28 09:14:47 - StockScreener - INFO - StockScreener initialized with top_n=50
2026-05-28 09:14:47 - ScanPipeline - INFO - 2026-05-28 09:14:47 - ScanPipeline - INFO - ScanPipeline initialized with top_n=50
2026-05-28 09:14:47 - ScanPipeline - INFO - 2026-05-28 09:14:47 - ScanPipeline - INFO - Loading data for 1 symbols...
2026-05-28 09:14:47 - ScanPipeline - WARNING - 2026-05-28 09:14:47 - ScanPipeline - WARNING - Failed to load financial data for 000001.SZ: cannot read /tmp/pytest-of-james/pytest-4/test_scan_pipeline_load_data_s0/data/lake/financial/000001.SZ.parquet
2026-05-28 09:14:47 - ScanPipeline - INFO - 2026-05-28 09:14:47 - ScanPipeline - INFO - Loaded 1 daily and 0 financial datasets
2026-05-28 09:14:47 - uniquant.brain.regime.regime_detector - INFO - 2026-05-28 09:14:47 - uniquant.brain.regime.regime_detector - INFO - RegimeDetector初始化: entropy_threshold=0.1, turnover_z_limit=2.5, min_data_points=30
2026-05-28 09:14:47 - uniquant.services.analysis.regime_analysis_engine - WARNING - 2026-05-28 09:14:47 - uniquant.services.analysis.regime_analysis_engine - WARNING - RegimeDetector 分析失败: bad regime engine
2026-05-28 09:14:47 - uniquant.services.analysis.lppl_analysis_engine - WARNING - 2026-05-28 09:14:47 - uniquant.services.analysis.lppl_analysis_engine - WARNING - LPPLEngine 分析失败: LPPLEngine.__init__() got an unexpected keyword argument 'config'
2026-05-28 09:14:47 - uniquant.services.analysis.czsc_analysis_engine - ERROR - 2026-05-28 09:14:47 - uniquant.services.analysis.czsc_analysis_engine - ERROR - CZSC engine failed: czsc failed
2026-05-28 09:14:47 - uniquant.brain.regime.regime_detector - INFO - 2026-05-28 09:14:47 - uniquant.brain.regime.regime_detector - INFO - RegimeDetector初始化: entropy_threshold=0.1, turnover_z_limit=2.5, min_data_points=30
2026-05-28 09:14:47 - uniquant.brain.regime.regime_detector - INFO - 2026-05-28 09:14:47 - uniquant.brain.regime.regime_detector - INFO - RegimeDetector初始化: entropy_threshold=0.5, turnover_z_limit=2.0, min_data_points=50
2026-05-28 09:14:47 - uniquant.services.analysis.ntf_analysis_engine - WARNING - 2026-05-28 09:14:47 - uniquant.services.analysis.ntf_analysis_engine - WARNING - NTFEngine 分析失败: bad ntf engine
2026-05-28 09:14:47 - uniquant.services.analysis.report_generator_engine - ERROR - 2026-05-28 09:14:47 - uniquant.services.analysis.report_generator_engine - ERROR - 000001.SZ 报告生成失败: report failed
2026-05-28 09:14:47 - uniquant.services.analysis.report_generator_engine - ERROR - 2026-05-28 09:14:47 - uniquant.services.analysis.report_generator_engine - ERROR - 批量生成报告失败: batch failed
2026-05-28 09:14:47 - uniquant.services.analysis.report_generator_engine - ERROR - 2026-05-28 09:14:47 - uniquant.services.analysis.report_generator_engine - ERROR - 列出结果文件失败: list failed
2026-05-28 09:14:47 - TechnicalAnalysisService - ERROR - 2026-05-28 09:14:47 - TechnicalAnalysisService - ERROR - CZSC engine failed: czsc failed
2026-05-28 09:14:47 - TechnicalAnalysisService - WARNING - 2026-05-28 09:14:47 - TechnicalAnalysisService - WARNING - CZSCEngine 分析失败: bad czsc dependency
2026-05-28 09:14:47 - uniquant.services.analysis.signal_service - WARNING - 2026-05-28 09:14:47 - uniquant.services.analysis.signal_service - WARNING - FSM 分析失败: fsm failed
2026-05-28 09:14:47 - uniquant.services.analysis.signal_service - WARNING - 2026-05-28 09:14:47 - uniquant.services.analysis.signal_service - WARNING - Alpha 分析失败: test_analyze_alpha_sets_default_score_on_value_error.<locals>.raise_value_error() takes from 2 to 3 positional arguments but 4 were given
2026-05-28 09:14:53 - uniquant.shared.cache.cache_factory - INFO - 2026-05-28 09:14:53 - uniquant.shared.cache.cache_factory - INFO - Creating MemoryCacheBackend with max_size=5000
2026-05-28 09:14:53 - uniquant.shared.cache.backends - INFO - 2026-05-28 09:14:53 - uniquant.shared.cache.backends - INFO - MemoryCacheBackend initialized with max_size: 5000
2026-05-28 09:14:53 - uniquant.data.utils.akshare_wrapper - INFO - 2026-05-28 09:14:53 - uniquant.data.utils.akshare_wrapper - INFO - AkShare initialized successfully
2026-05-28 09:14:55 - FactorRegistry - INFO - 2026-05-28 09:14:55 - FactorRegistry - INFO - ✅ 因子注册成功: momentum_20d (technical) weight=1.0
2026-05-28 09:14:55 - FactorRegistry - INFO - 2026-05-28 09:14:55 - FactorRegistry - INFO - ✅ 因子注册成功: momentum_60d (technical) weight=0.9
2026-05-28 09:14:55 - FactorRegistry - INFO - 2026-05-28 09:14:55 - FactorRegistry - INFO - ✅ 因子注册成功: volatility_20d (technical) weight=0.8
2026-05-28 09:14:55 - FactorRegistry - INFO - 2026-05-28 09:14:55 - FactorRegistry - INFO - ✅ 因子注册成功: volatility_60d (technical) weight=0.7
2026-05-28 09:14:55 - FactorRegistry - INFO - 2026-05-28 09:14:55 - FactorRegistry - INFO - ✅ 因子注册成功: ma_ratio_5_20 (technical) weight=0.85
2026-05-28 09:14:55 - FactorRegistry - INFO - 2026-05-28 09:14:55 - FactorRegistry - INFO - ✅ 因子注册成功: ma_ratio_10_60 (technical) weight=0.75
2026-05-28 09:14:55 - FactorRegistry - INFO - 2026-05-28 09:14:55 - FactorRegistry - INFO - ✅ 因子注册成功: volume_ratio_5_20 (technical) weight=0.6
2026-05-28 09:14:55 - FactorRegistry - INFO - 2026-05-28 09:14:55 - FactorRegistry - INFO - ✅ 因子注册成功: rsi_14 (technical) weight=0.8
2026-05-28 09:14:55 - FactorRegistry - INFO - 2026-05-28 09:14:55 - FactorRegistry - INFO - ✅ 因子注册成功: price_position_20d (technical) weight=0.7
2026-05-28 09:14:55 - FactorRegistry - INFO - 2026-05-28 09:14:55 - FactorRegistry - INFO - ✅ 因子注册成功: turnover_momentum_20d (technical) weight=0.85
2026-05-28 09:14:56 - uniquant.data.utils.akshare_wrapper - INFO - 2026-05-28 09:14:56 - uniquant.data.utils.akshare_wrapper - INFO - AkShare initialized successfully
2026-05-28 09:14:56 - uniquant.shared.cache.cache_factory - INFO - 2026-05-28 09:14:56 - uniquant.shared.cache.cache_factory - INFO - Creating MemoryCacheBackend with max_size=5000
2026-05-28 09:14:56 - uniquant.shared.cache.backends - INFO - 2026-05-28 09:14:56 - uniquant.shared.cache.backends - INFO - MemoryCacheBackend initialized with max_size: 5000
2026-05-28 09:14:57 - FactorRegistry - INFO - 2026-05-28 09:14:57 - FactorRegistry - INFO - ✅ 因子注册成功: momentum_20d (technical) weight=1.0
2026-05-28 09:14:57 - FactorRegistry - INFO - 2026-05-28 09:14:57 - FactorRegistry - INFO - ✅ 因子注册成功: momentum_60d (technical) weight=0.9
2026-05-28 09:14:57 - FactorRegistry - INFO - 2026-05-28 09:14:57 - FactorRegistry - INFO - ✅ 因子注册成功: volatility_20d (technical) weight=0.8
2026-05-28 09:14:57 - FactorRegistry - INFO - 2026-05-28 09:14:57 - FactorRegistry - INFO - ✅ 因子注册成功: volatility_60d (technical) weight=0.7
2026-05-28 09:14:57 - FactorRegistry - INFO - 2026-05-28 09:14:57 - FactorRegistry - INFO - ✅ 因子注册成功: ma_ratio_5_20 (technical) weight=0.85
2026-05-28 09:14:57 - FactorRegistry - INFO - 2026-05-28 09:14:57 - FactorRegistry - INFO - ✅ 因子注册成功: ma_ratio_10_60 (technical) weight=0.75
2026-05-28 09:14:57 - FactorRegistry - INFO - 2026-05-28 09:14:57 - FactorRegistry - INFO - ✅ 因子注册成功: volume_ratio_5_20 (technical) weight=0.6
2026-05-28 09:14:57 - FactorRegistry - INFO - 2026-05-28 09:14:57 - FactorRegistry - INFO - ✅ 因子注册成功: rsi_14 (technical) weight=0.8
2026-05-28 09:14:57 - FactorRegistry - INFO - 2026-05-28 09:14:57 - FactorRegistry - INFO - ✅ 因子注册成功: price_position_20d (technical) weight=0.7
2026-05-28 09:14:57 - FactorRegistry - INFO - 2026-05-28 09:14:57 - FactorRegistry - INFO - ✅ 因子注册成功: turnover_momentum_20d (technical) weight=0.85
2026-05-28 11:02:54 - uniquant.shared.cache.cache_factory - INFO - 2026-05-28 11:02:54 - uniquant.shared.cache.cache_factory - INFO - Creating MemoryCacheBackend with max_size=5000
2026-05-28 11:02:54 - uniquant.shared.cache.backends - INFO - 2026-05-28 11:02:54 - uniquant.shared.cache.backends - INFO - MemoryCacheBackend initialized with max_size: 5000
2026-05-28 11:02:55 - uniquant.data.utils.akshare_wrapper - INFO - 2026-05-28 11:02:55 - uniquant.data.utils.akshare_wrapper - INFO - AkShare initialized successfully
2026-05-28 11:02:56 - FactorRegistry - INFO - 2026-05-28 11:02:56 - FactorRegistry - INFO - ✅ 因子注册成功: momentum_20d (technical) weight=1.0
2026-05-28 11:02:56 - FactorRegistry - INFO - 2026-05-28 11:02:56 - FactorRegistry - INFO - ✅ 因子注册成功: momentum_60d (technical) weight=0.9
2026-05-28 11:02:56 - FactorRegistry - INFO - 2026-05-28 11:02:56 - FactorRegistry - INFO - ✅ 因子注册成功: volatility_20d (technical) weight=0.8
2026-05-28 11:02:56 - FactorRegistry - INFO - 2026-05-28 11:02:56 - FactorRegistry - INFO - ✅ 因子注册成功: volatility_60d (technical) weight=0.7
2026-05-28 11:02:56 - FactorRegistry - INFO - 2026-05-28 11:02:56 - FactorRegistry - INFO - ✅ 因子注册成功: ma_ratio_5_20 (technical) weight=0.85
2026-05-28 11:02:56 - FactorRegistry - INFO - 2026-05-28 11:02:56 - FactorRegistry - INFO - ✅ 因子注册成功: ma_ratio_10_60 (technical) weight=0.75
2026-05-28 11:02:56 - FactorRegistry - INFO - 2026-05-28 11:02:56 - FactorRegistry - INFO - ✅ 因子注册成功: volume_ratio_5_20 (technical) weight=0.6
2026-05-28 11:02:56 - FactorRegistry - INFO - 2026-05-28 11:02:56 - FactorRegistry - INFO - ✅ 因子注册成功: rsi_14 (technical) weight=0.8
2026-05-28 11:02:56 - FactorRegistry - INFO - 2026-05-28 11:02:56 - FactorRegistry - INFO - ✅ 因子注册成功: price_position_20d (technical) weight=0.7
2026-05-28 11:02:56 - FactorRegistry - INFO - 2026-05-28 11:02:56 - FactorRegistry - INFO - ✅ 因子注册成功: turnover_momentum_20d (technical) weight=0.85
2026-05-28 11:02:56 - uniquant.brain.ntf.ntf_engine - INFO - 2026-05-28 11:02:56 - uniquant.brain.ntf.ntf_engine - INFO - NTF SIGNAL: Volume pulsar detected (Ratio: 3.00, Side: SUPPORT, Confidence: 0.85)
2026-05-28 11:02:56 - uniquant.brain.ntf.ntf_engine - INFO - 2026-05-28 11:02:56 - uniquant.brain.ntf.ntf_engine - INFO - NTF SIGNAL: Volume pulsar detected (Ratio: 3.00, Side: RESISTANCE, Confidence: 0.80)
2026-05-28 11:02:56 - uniquant.brain.ntf.ntf_engine - INFO - 2026-05-28 11:02:56 - uniquant.brain.ntf.ntf_engine - INFO - NTF SIGNAL: Volume pulsar detected (Ratio: 3.00, Side: LIQUIDITY_PULSE, Confidence: 0.40)
2026-05-28 11:02:56 - uniquant.brain.ntf.ntf_engine - WARNING - 2026-05-28 11:02:56 - uniquant.brain.ntf.ntf_engine - WARNING - 数据缺少成交量列 (volume/vol)
2026-05-28 11:02:56 - uniquant.brain.ntf.ntf_engine - INFO - 2026-05-28 11:02:56 - uniquant.brain.ntf.ntf_engine - INFO - NTF SIGNAL: Volume pulsar detected (Ratio: 3.00, Side: SUPPORT, Confidence: 0.85)
2026-05-28 11:02:56 - uniquant.brain.ntf.ntf_engine - ERROR - 2026-05-28 11:02:56 - uniquant.brain.ntf.ntf_engine - ERROR - 无法获取 510300.SH 的数据
2026-05-28 11:02:56 - uniquant.brain.ntf.ntf_engine - ERROR - 2026-05-28 11:02:56 - uniquant.brain.ntf.ntf_engine - ERROR - 数据缺少必要列: close 或 volume
2026-05-28 11:02:56 - uniquant.brain.regime.regime_detector - INFO - 2026-05-28 11:02:56 - uniquant.brain.regime.regime_detector - INFO - RegimeDetector初始化: entropy_threshold=0.1, turnover_z_limit=2.5, min_data_points=10
2026-05-28 11:02:56 - uniquant.brain.regime.regime_detector - WARNING - 2026-05-28 11:02:56 - uniquant.brain.regime.regime_detector - WARNING - 输入数据为None
2026-05-28 11:02:56 - uniquant.brain.regime.regime_detector - WARNING - 2026-05-28 11:02:56 - uniquant.brain.regime.regime_detector - WARNING - 输入数据类型错误: <class 'list'>
2026-05-28 11:02:56 - uniquant.brain.regime.regime_detector - WARNING - 2026-05-28 11:02:56 - uniquant.brain.regime.regime_detector - WARNING - 输入数据为空
2026-05-28 11:02:56 - uniquant.brain.regime.regime_detector - WARNING - 2026-05-28 11:02:56 - uniquant.brain.regime.regime_detector - WARNING - 数据点不足: 5 < 10
2026-05-28 11:02:56 - uniquant.brain.regime.regime_detector - WARNING - 2026-05-28 11:02:56 - uniquant.brain.regime.regime_detector - WARNING - 缺少必需列: ['volume']
2026-05-28 11:02:56 - uniquant.brain.regime.regime_detector - WARNING - 2026-05-28 11:02:56 - uniquant.brain.regime.regime_detector - WARNING - 收盘价列全为NaN
2026-05-28 11:02:56 - uniquant.brain.regime.regime_detector - WARNING - 2026-05-28 11:02:56 - uniquant.brain.regime.regime_detector - WARNING - Empty entropy series detected, defaulting to NORMAL regime
2026-05-28 11:02:56 - uniquant.brain.regime.regime_detector - INFO - 2026-05-28 11:02:56 - uniquant.brain.regime.regime_detector - INFO - RegimeDetector初始化: entropy_threshold=0.1, turnover_z_limit=2.5, min_data_points=10
2026-05-28 11:02:56 - uniquant.brain.regime.regime_detector - WARNING - 2026-05-28 11:02:56 - uniquant.brain.regime.regime_detector - WARNING - FROZEN regime detected (Entropy percentile: 0.0000)
2026-05-28 11:02:56 - uniquant.brain.regime.regime_detector - WARNING - 2026-05-28 11:02:56 - uniquant.brain.regime.regime_detector - WARNING - STRESSED regime detected (Turnover Z: 99.00)
2026-05-28 11:02:56 - uniquant.brain.regime.regime_detector - WARNING - 2026-05-28 11:02:56 - uniquant.brain.regime.regime_detector - WARNING - Empty entropy series detected, defaulting to NORMAL regime
2026-05-28 11:02:56 - uniquant.brain.regime.regime_detector - INFO - 2026-05-28 11:02:56 - uniquant.brain.regime.regime_detector - INFO - RegimeDetector初始化: entropy_threshold=0.1, turnover_z_limit=2.5, min_data_points=10
2026-05-28 11:02:56 - uniquant.brain.regime.regime_detector - ERROR - 2026-05-28 11:02:56 - uniquant.brain.regime.regime_detector - ERROR - 无法获取 000001.SZ 的数据
2026-05-28 11:02:57 - uniquant.brain.czsc.czsc_engine - WARNING - 2026-05-28 11:02:57 - uniquant.brain.czsc.czsc_engine - WARNING - open值必须为正数: -10.0
2026-05-28 11:02:57 - uniquant.brain.czsc.czsc_engine - WARNING - 2026-05-28 11:02:57 - uniquant.brain.czsc.czsc_engine - WARNING - K线数据验证失败，跳过本次分析
2026-05-28 11:02:57 - uniquant.brain.czsc.czsc_engine - WARNING - 2026-05-28 11:02:57 - uniquant.brain.czsc.czsc_engine - WARNING - 缺少必需列: {'low', 'open', 'high'}
2026-05-28 11:02:57 - uniquant.brain.czsc.czsc_engine - WARNING - 2026-05-28 11:02:57 - uniquant.brain.czsc.czsc_engine - WARNING - K线数据验证失败，跳过本次分析
2026-05-28 11:02:57 - uniquant.brain.czsc.czsc_engine - WARNING - 2026-05-28 11:02:57 - uniquant.brain.czsc.czsc_engine - WARNING - high值为NaN
2026-05-28 11:02:57 - uniquant.brain.czsc.czsc_engine - WARNING - 2026-05-28 11:02:57 - uniquant.brain.czsc.czsc_engine - WARNING - K线数据验证失败，跳过本次分析
2026-05-28 11:02:57 - uniquant.brain.czsc.czsc_engine - WARNING - 2026-05-28 11:02:57 - uniquant.brain.czsc.czsc_engine - WARNING - 价格逻辑错误: low <= close <= high 不满足
2026-05-28 11:02:57 - uniquant.brain.czsc.czsc_engine - WARNING - 2026-05-28 11:02:57 - uniquant.brain.czsc.czsc_engine - WARNING - 输入数据行为None
2026-05-28 11:02:57 - uniquant.brain.czsc.czsc_engine - WARNING - 2026-05-28 11:02:57 - uniquant.brain.czsc.czsc_engine - WARNING - K线数据验证失败，跳过本次分析
2026-05-28 11:02:57 - uniquant.brain.czsc.czsc_engine - WARNING - 2026-05-28 11:02:57 - uniquant.brain.czsc.czsc_engine - WARNING - 输入数据类型错误: <class 'str'>
2026-05-28 11:02:57 - uniquant.brain.czsc.czsc_engine - WARNING - 2026-05-28 11:02:57 - uniquant.brain.czsc.czsc_engine - WARNING - K线数据验证失败，跳过本次分析
2026-05-28 11:02:57 - uniquant.brain.czsc.czsc_engine - WARNING - 2026-05-28 11:02:57 - uniquant.brain.czsc.czsc_engine - WARNING - open值必须为正数: 0.0
2026-05-28 11:02:57 - uniquant.brain.czsc.czsc_engine - WARNING - 2026-05-28 11:02:57 - uniquant.brain.czsc.czsc_engine - WARNING - K线数据验证失败，跳过本次分析
2026-05-28 11:02:57 - uniquant.brain.czsc.czsc_engine - ERROR - 2026-05-28 11:02:57 - uniquant.brain.czsc.czsc_engine - ERROR - CZSC分析失败: boom
2026-05-28 11:02:57 - uniquant.brain.czsc.czsc_engine - ERROR - 2026-05-28 11:02:57 - uniquant.brain.czsc.czsc_engine - ERROR - Error in get_czsc_signals: 分析失败: boom
Traceback (most recent call last):
  File "/home/james/Documents/Project/UniQuant/src/uniquant/brain/czsc/czsc_engine.py", line 497, in get_czsc_signals
    analyzer = self._initialize_czsc_analyzer(bars)
               ^^^^^^^^^^^^^^^^^^^^^^^^^^^^^^^^^^^^
  File "/usr/lib/python3.12/unittest/mock.py", line 1134, in __call__
    return self._mock_call(*args, **kwargs)
           ^^^^^^^^^^^^^^^^^^^^^^^^^^^^^^^^
  File "/usr/lib/python3.12/unittest/mock.py", line 1138, in _mock_call
    return self._execute_mock_call(*args, **kwargs)
           ^^^^^^^^^^^^^^^^^^^^^^^^^^^^^^^^^^^^^^^^
  File "/usr/lib/python3.12/unittest/mock.py", line 1193, in _execute_mock_call
    raise effect
RuntimeError: boom

The above exception was the direct cause of the following exception:

Traceback (most recent call last):
  File "/home/james/Documents/Project/UniQuant/src/uniquant/shared/error_handling.py", line 85, in wrapper
    return func(*args, **kwargs)
           ^^^^^^^^^^^^^^^^^^^^^
  File "/home/james/Documents/Project/UniQuant/src/uniquant/brain/czsc/czsc_engine.py", line 507, in get_czsc_signals
    raise CZSCAnalysisError(f"分析失败: {e}") from e
uniquant.brain.czsc.czsc_engine.CZSCAnalysisError: 分析失败: boom
2026-05-28 11:02:57 - uniquant.brain.czsc.czsc_engine - WARNING - 2026-05-28 11:02:57 - uniquant.brain.czsc.czsc_engine - WARNING - 跳过异常K线 0: bad rawbar
2026-05-28 11:02:58 - MacroAnalysisService - ERROR - 2026-05-28 11:02:58 - MacroAnalysisService - ERROR - LPPL engine failed: lppl failed
2026-05-28 11:02:58 - uniquant.brain.regime.regime_detector - INFO - 2026-05-28 11:02:58 - uniquant.brain.regime.regime_detector - INFO - RegimeDetector初始化: entropy_threshold=0.1, turnover_z_limit=2.5, min_data_points=30
2026-05-28 11:02:58 - MacroAnalysisService - WARNING - 2026-05-28 11:02:58 - MacroAnalysisService - WARNING - RegimeDetector 分析失败: bad regime dependency
2026-05-28 11:02:58 - MacroAnalysisService - WARNING - 2026-05-28 11:02:58 - MacroAnalysisService - WARNING - NTFEngine 分析失败: bad ntf dependency
2026-05-28 11:02:58 - StorageManager - WARNING - 2026-05-28 11:02:58 - StorageManager - WARNING - 全量股票代码文件不存在: /tmp/pytest-of-james/pytest-5/test_scan_pipeline_load_data_s0/data/all_stock_codes.csv
2026-05-28 11:02:58 - StorageManager - INFO - 2026-05-28 11:02:58 - StorageManager - INFO - 加载了 0 个股票代码
2026-05-28 11:02:58 - StorageManager - INFO - 2026-05-28 11:02:58 - StorageManager - INFO - 初始化存储管理器，数据目录: /tmp/pytest-of-james/pytest-5/test_scan_pipeline_load_data_s0/data
2026-05-28 11:02:58 - FinancialFactorBridge - INFO - 2026-05-28 11:02:58 - FinancialFactorBridge - INFO - FinancialFactorBridge initialized with 25 field mappings
2026-05-28 11:02:58 - FactorAnalyzer - INFO - 2026-05-28 11:02:58 - FactorAnalyzer - INFO - FactorAnalyzer initialized
2026-05-28 11:02:58 - FactorAnalyzer - INFO - 2026-05-28 11:02:58 - FactorAnalyzer - INFO - FactorAnalyzer initialized
2026-05-28 11:02:58 - StockScreener - INFO - 2026-05-28 11:02:58 - StockScreener - INFO - StockScreener initialized with top_n=50
2026-05-28 11:02:58 - ScanPipeline - INFO - 2026-05-28 11:02:58 - ScanPipeline - INFO - ScanPipeline initialized with top_n=50
2026-05-28 11:02:58 - ScanPipeline - INFO - 2026-05-28 11:02:58 - ScanPipeline - INFO - Loading data for 1 symbols...
2026-05-28 11:02:58 - ScanPipeline - WARNING - 2026-05-28 11:02:58 - ScanPipeline - WARNING - Failed to load financial data for 000001.SZ: cannot read /tmp/pytest-of-james/pytest-5/test_scan_pipeline_load_data_s0/data/lake/financial/000001.SZ.parquet
2026-05-28 11:02:58 - ScanPipeline - INFO - 2026-05-28 11:02:58 - ScanPipeline - INFO - Loaded 1 daily and 0 financial datasets
2026-05-28 11:02:58 - uniquant.brain.regime.regime_detector - INFO - 2026-05-28 11:02:58 - uniquant.brain.regime.regime_detector - INFO - RegimeDetector初始化: entropy_threshold=0.1, turnover_z_limit=2.5, min_data_points=30
2026-05-28 11:02:58 - uniquant.services.analysis.regime_analysis_engine - WARNING - 2026-05-28 11:02:58 - uniquant.services.analysis.regime_analysis_engine - WARNING - RegimeDetector 分析失败: bad regime engine
2026-05-28 11:02:58 - uniquant.services.analysis.lppl_analysis_engine - WARNING - 2026-05-28 11:02:58 - uniquant.services.analysis.lppl_analysis_engine - WARNING - LPPLEngine 分析失败: LPPLEngine.__init__() got an unexpected keyword argument 'config'
2026-05-28 11:02:58 - uniquant.services.analysis.czsc_analysis_engine - ERROR - 2026-05-28 11:02:58 - uniquant.services.analysis.czsc_analysis_engine - ERROR - CZSC engine failed: czsc failed
2026-05-28 11:02:58 - uniquant.brain.regime.regime_detector - INFO - 2026-05-28 11:02:58 - uniquant.brain.regime.regime_detector - INFO - RegimeDetector初始化: entropy_threshold=0.1, turnover_z_limit=2.5, min_data_points=30
2026-05-28 11:02:58 - uniquant.brain.regime.regime_detector - INFO - 2026-05-28 11:02:58 - uniquant.brain.regime.regime_detector - INFO - RegimeDetector初始化: entropy_threshold=0.5, turnover_z_limit=2.0, min_data_points=50
2026-05-28 11:02:58 - uniquant.services.analysis.ntf_analysis_engine - WARNING - 2026-05-28 11:02:58 - uniquant.services.analysis.ntf_analysis_engine - WARNING - NTFEngine 分析失败: bad ntf engine
2026-05-28 11:02:58 - uniquant.services.analysis.report_generator_engine - ERROR - 2026-05-28 11:02:58 - uniquant.services.analysis.report_generator_engine - ERROR - 000001.SZ 报告生成失败: report failed
2026-05-28 11:02:58 - uniquant.services.analysis.report_generator_engine - ERROR - 2026-05-28 11:02:58 - uniquant.services.analysis.report_generator_engine - ERROR - 批量生成报告失败: batch failed
2026-05-28 11:02:58 - uniquant.services.analysis.report_generator_engine - ERROR - 2026-05-28 11:02:58 - uniquant.services.analysis.report_generator_engine - ERROR - 列出结果文件失败: list failed
2026-05-28 11:02:58 - TechnicalAnalysisService - ERROR - 2026-05-28 11:02:58 - TechnicalAnalysisService - ERROR - CZSC engine failed: czsc failed
2026-05-28 11:02:58 - TechnicalAnalysisService - WARNING - 2026-05-28 11:02:58 - TechnicalAnalysisService - WARNING - CZSCEngine 分析失败: bad czsc dependency
2026-05-28 11:02:58 - uniquant.services.analysis.signal_service - WARNING - 2026-05-28 11:02:58 - uniquant.services.analysis.signal_service - WARNING - FSM 分析失败: fsm failed
2026-05-28 11:02:58 - uniquant.services.analysis.signal_service - WARNING - 2026-05-28 11:02:58 - uniquant.services.analysis.signal_service - WARNING - Alpha 分析失败: test_analyze_alpha_sets_default_score_on_value_error.<locals>.raise_value_error() takes from 2 to 3 positional arguments but 4 were given
2026-05-28 11:03:20 - uniquant.shared.cache.cache_factory - INFO - 2026-05-28 11:03:20 - uniquant.shared.cache.cache_factory - INFO - Creating MemoryCacheBackend with max_size=5000
2026-05-28 11:03:20 - uniquant.shared.cache.backends - INFO - 2026-05-28 11:03:20 - uniquant.shared.cache.backends - INFO - MemoryCacheBackend initialized with max_size: 5000
2026-05-28 11:03:21 - uniquant.data.utils.akshare_wrapper - INFO - 2026-05-28 11:03:21 - uniquant.data.utils.akshare_wrapper - INFO - AkShare initialized successfully
2026-05-28 11:03:22 - FactorRegistry - INFO - 2026-05-28 11:03:22 - FactorRegistry - INFO - ✅ 因子注册成功: momentum_20d (technical) weight=1.0
2026-05-28 11:03:22 - FactorRegistry - INFO - 2026-05-28 11:03:22 - FactorRegistry - INFO - ✅ 因子注册成功: momentum_60d (technical) weight=0.9
2026-05-28 11:03:22 - FactorRegistry - INFO - 2026-05-28 11:03:22 - FactorRegistry - INFO - ✅ 因子注册成功: volatility_20d (technical) weight=0.8
2026-05-28 11:03:22 - FactorRegistry - INFO - 2026-05-28 11:03:22 - FactorRegistry - INFO - ✅ 因子注册成功: volatility_60d (technical) weight=0.7
2026-05-28 11:03:22 - FactorRegistry - INFO - 2026-05-28 11:03:22 - FactorRegistry - INFO - ✅ 因子注册成功: ma_ratio_5_20 (technical) weight=0.85
2026-05-28 11:03:22 - FactorRegistry - INFO - 2026-05-28 11:03:22 - FactorRegistry - INFO - ✅ 因子注册成功: ma_ratio_10_60 (technical) weight=0.75
2026-05-28 11:03:22 - FactorRegistry - INFO - 2026-05-28 11:03:22 - FactorRegistry - INFO - ✅ 因子注册成功: volume_ratio_5_20 (technical) weight=0.6
2026-05-28 11:03:22 - FactorRegistry - INFO - 2026-05-28 11:03:22 - FactorRegistry - INFO - ✅ 因子注册成功: rsi_14 (technical) weight=0.8
2026-05-28 11:03:22 - FactorRegistry - INFO - 2026-05-28 11:03:22 - FactorRegistry - INFO - ✅ 因子注册成功: price_position_20d (technical) weight=0.7
2026-05-28 11:03:22 - FactorRegistry - INFO - 2026-05-28 11:03:22 - FactorRegistry - INFO - ✅ 因子注册成功: turnover_momentum_20d (technical) weight=0.85
2026-05-28 11:03:22 - uniquant.brain.ntf.ntf_engine - INFO - 2026-05-28 11:03:22 - uniquant.brain.ntf.ntf_engine - INFO - NTF SIGNAL: Volume pulsar detected (Ratio: 3.00, Side: SUPPORT, Confidence: 0.85)
2026-05-28 11:03:22 - uniquant.brain.ntf.ntf_engine - INFO - 2026-05-28 11:03:22 - uniquant.brain.ntf.ntf_engine - INFO - NTF SIGNAL: Volume pulsar detected (Ratio: 3.00, Side: RESISTANCE, Confidence: 0.80)
2026-05-28 11:03:22 - uniquant.brain.ntf.ntf_engine - INFO - 2026-05-28 11:03:22 - uniquant.brain.ntf.ntf_engine - INFO - NTF SIGNAL: Volume pulsar detected (Ratio: 3.00, Side: LIQUIDITY_PULSE, Confidence: 0.40)
2026-05-28 11:03:22 - uniquant.brain.ntf.ntf_engine - WARNING - 2026-05-28 11:03:22 - uniquant.brain.ntf.ntf_engine - WARNING - 数据缺少成交量列 (volume/vol)
2026-05-28 11:03:22 - uniquant.brain.ntf.ntf_engine - INFO - 2026-05-28 11:03:22 - uniquant.brain.ntf.ntf_engine - INFO - NTF SIGNAL: Volume pulsar detected (Ratio: 3.00, Side: SUPPORT, Confidence: 0.85)
2026-05-28 11:03:22 - uniquant.brain.ntf.ntf_engine - ERROR - 2026-05-28 11:03:22 - uniquant.brain.ntf.ntf_engine - ERROR - 无法获取 510300.SH 的数据
2026-05-28 11:03:22 - uniquant.brain.ntf.ntf_engine - ERROR - 2026-05-28 11:03:22 - uniquant.brain.ntf.ntf_engine - ERROR - 数据缺少必要列: close 或 volume
2026-05-28 11:03:22 - uniquant.brain.regime.regime_detector - INFO - 2026-05-28 11:03:22 - uniquant.brain.regime.regime_detector - INFO - RegimeDetector初始化: entropy_threshold=0.1, turnover_z_limit=2.5, min_data_points=10
2026-05-28 11:03:22 - uniquant.brain.regime.regime_detector - WARNING - 2026-05-28 11:03:22 - uniquant.brain.regime.regime_detector - WARNING - 输入数据为None
2026-05-28 11:03:22 - uniquant.brain.regime.regime_detector - WARNING - 2026-05-28 11:03:22 - uniquant.brain.regime.regime_detector - WARNING - 输入数据类型错误: <class 'list'>
2026-05-28 11:03:22 - uniquant.brain.regime.regime_detector - WARNING - 2026-05-28 11:03:22 - uniquant.brain.regime.regime_detector - WARNING - 输入数据为空
2026-05-28 11:03:22 - uniquant.brain.regime.regime_detector - WARNING - 2026-05-28 11:03:22 - uniquant.brain.regime.regime_detector - WARNING - 数据点不足: 5 < 10
2026-05-28 11:03:22 - uniquant.brain.regime.regime_detector - WARNING - 2026-05-28 11:03:22 - uniquant.brain.regime.regime_detector - WARNING - 缺少必需列: ['volume']
2026-05-28 11:03:22 - uniquant.brain.regime.regime_detector - WARNING - 2026-05-28 11:03:22 - uniquant.brain.regime.regime_detector - WARNING - 收盘价列全为NaN
2026-05-28 11:03:22 - uniquant.brain.regime.regime_detector - WARNING - 2026-05-28 11:03:22 - uniquant.brain.regime.regime_detector - WARNING - Empty entropy series detected, defaulting to NORMAL regime
2026-05-28 11:03:22 - uniquant.brain.regime.regime_detector - INFO - 2026-05-28 11:03:22 - uniquant.brain.regime.regime_detector - INFO - RegimeDetector初始化: entropy_threshold=0.1, turnover_z_limit=2.5, min_data_points=10
2026-05-28 11:03:22 - uniquant.brain.regime.regime_detector - WARNING - 2026-05-28 11:03:22 - uniquant.brain.regime.regime_detector - WARNING - FROZEN regime detected (Entropy percentile: 0.0000)
2026-05-28 11:03:22 - uniquant.brain.regime.regime_detector - WARNING - 2026-05-28 11:03:22 - uniquant.brain.regime.regime_detector - WARNING - STRESSED regime detected (Turnover Z: 99.00)
2026-05-28 11:03:22 - uniquant.brain.regime.regime_detector - WARNING - 2026-05-28 11:03:22 - uniquant.brain.regime.regime_detector - WARNING - Empty entropy series detected, defaulting to NORMAL regime
2026-05-28 11:03:22 - uniquant.brain.regime.regime_detector - INFO - 2026-05-28 11:03:22 - uniquant.brain.regime.regime_detector - INFO - RegimeDetector初始化: entropy_threshold=0.1, turnover_z_limit=2.5, min_data_points=10
2026-05-28 11:03:22 - uniquant.brain.regime.regime_detector - ERROR - 2026-05-28 11:03:22 - uniquant.brain.regime.regime_detector - ERROR - 无法获取 000001.SZ 的数据
2026-05-28 11:03:23 - uniquant.brain.czsc.czsc_engine - WARNING - 2026-05-28 11:03:23 - uniquant.brain.czsc.czsc_engine - WARNING - open值必须为正数: -10.0
2026-05-28 11:03:23 - uniquant.brain.czsc.czsc_engine - WARNING - 2026-05-28 11:03:23 - uniquant.brain.czsc.czsc_engine - WARNING - K线数据验证失败，跳过本次分析
2026-05-28 11:03:23 - uniquant.brain.czsc.czsc_engine - WARNING - 2026-05-28 11:03:23 - uniquant.brain.czsc.czsc_engine - WARNING - 缺少必需列: {'open', 'low', 'high'}
2026-05-28 11:03:23 - uniquant.brain.czsc.czsc_engine - WARNING - 2026-05-28 11:03:23 - uniquant.brain.czsc.czsc_engine - WARNING - K线数据验证失败，跳过本次分析
2026-05-28 11:03:23 - uniquant.brain.czsc.czsc_engine - WARNING - 2026-05-28 11:03:23 - uniquant.brain.czsc.czsc_engine - WARNING - high值为NaN
2026-05-28 11:03:23 - uniquant.brain.czsc.czsc_engine - WARNING - 2026-05-28 11:03:23 - uniquant.brain.czsc.czsc_engine - WARNING - K线数据验证失败，跳过本次分析
2026-05-28 11:03:23 - uniquant.brain.czsc.czsc_engine - WARNING - 2026-05-28 11:03:23 - uniquant.brain.czsc.czsc_engine - WARNING - 价格逻辑错误: low <= close <= high 不满足
2026-05-28 11:03:23 - uniquant.brain.czsc.czsc_engine - WARNING - 2026-05-28 11:03:23 - uniquant.brain.czsc.czsc_engine - WARNING - 输入数据行为None
2026-05-28 11:03:23 - uniquant.brain.czsc.czsc_engine - WARNING - 2026-05-28 11:03:23 - uniquant.brain.czsc.czsc_engine - WARNING - K线数据验证失败，跳过本次分析
2026-05-28 11:03:23 - uniquant.brain.czsc.czsc_engine - WARNING - 2026-05-28 11:03:23 - uniquant.brain.czsc.czsc_engine - WARNING - 输入数据类型错误: <class 'str'>
2026-05-28 11:03:23 - uniquant.brain.czsc.czsc_engine - WARNING - 2026-05-28 11:03:23 - uniquant.brain.czsc.czsc_engine - WARNING - K线数据验证失败，跳过本次分析
2026-05-28 11:03:23 - uniquant.brain.czsc.czsc_engine - WARNING - 2026-05-28 11:03:23 - uniquant.brain.czsc.czsc_engine - WARNING - open值必须为正数: 0.0
2026-05-28 11:03:23 - uniquant.brain.czsc.czsc_engine - WARNING - 2026-05-28 11:03:23 - uniquant.brain.czsc.czsc_engine - WARNING - K线数据验证失败，跳过本次分析
2026-05-28 11:03:23 - uniquant.brain.czsc.czsc_engine - ERROR - 2026-05-28 11:03:23 - uniquant.brain.czsc.czsc_engine - ERROR - CZSC分析失败: boom
2026-05-28 11:03:23 - uniquant.brain.czsc.czsc_engine - ERROR - 2026-05-28 11:03:23 - uniquant.brain.czsc.czsc_engine - ERROR - Error in get_czsc_signals: 分析失败: boom
Traceback (most recent call last):
  File "/home/james/Documents/Project/UniQuant/src/uniquant/brain/czsc/czsc_engine.py", line 497, in get_czsc_signals
    analyzer = self._initialize_czsc_analyzer(bars)
               ^^^^^^^^^^^^^^^^^^^^^^^^^^^^^^^^^^^^
  File "/usr/lib/python3.12/unittest/mock.py", line 1134, in __call__
    return self._mock_call(*args, **kwargs)
           ^^^^^^^^^^^^^^^^^^^^^^^^^^^^^^^^
  File "/usr/lib/python3.12/unittest/mock.py", line 1138, in _mock_call
    return self._execute_mock_call(*args, **kwargs)
           ^^^^^^^^^^^^^^^^^^^^^^^^^^^^^^^^^^^^^^^^
  File "/usr/lib/python3.12/unittest/mock.py", line 1193, in _execute_mock_call
    raise effect
RuntimeError: boom

The above exception was the direct cause of the following exception:

Traceback (most recent call last):
  File "/home/james/Documents/Project/UniQuant/src/uniquant/shared/error_handling.py", line 85, in wrapper
    return func(*args, **kwargs)
           ^^^^^^^^^^^^^^^^^^^^^
  File "/home/james/Documents/Project/UniQuant/src/uniquant/brain/czsc/czsc_engine.py", line 507, in get_czsc_signals
    raise CZSCAnalysisError(f"分析失败: {e}") from e
uniquant.brain.czsc.czsc_engine.CZSCAnalysisError: 分析失败: boom
2026-05-28 11:03:23 - uniquant.brain.czsc.czsc_engine - WARNING - 2026-05-28 11:03:23 - uniquant.brain.czsc.czsc_engine - WARNING - 跳过异常K线 0: bad rawbar
2026-05-28 11:03:24 - MacroAnalysisService - ERROR - 2026-05-28 11:03:24 - MacroAnalysisService - ERROR - LPPL engine failed: lppl failed
2026-05-28 11:03:24 - uniquant.brain.regime.regime_detector - INFO - 2026-05-28 11:03:24 - uniquant.brain.regime.regime_detector - INFO - RegimeDetector初始化: entropy_threshold=0.1, turnover_z_limit=2.5, min_data_points=30
2026-05-28 11:03:24 - MacroAnalysisService - WARNING - 2026-05-28 11:03:24 - MacroAnalysisService - WARNING - RegimeDetector 分析失败: bad regime dependency
2026-05-28 11:03:24 - MacroAnalysisService - WARNING - 2026-05-28 11:03:24 - MacroAnalysisService - WARNING - NTFEngine 分析失败: bad ntf dependency
2026-05-28 11:03:24 - StorageManager - WARNING - 2026-05-28 11:03:24 - StorageManager - WARNING - 全量股票代码文件不存在: /tmp/pytest-of-james/pytest-6/test_scan_pipeline_load_data_s0/data/all_stock_codes.csv
2026-05-28 11:03:24 - StorageManager - INFO - 2026-05-28 11:03:24 - StorageManager - INFO - 加载了 0 个股票代码
2026-05-28 11:03:24 - StorageManager - INFO - 2026-05-28 11:03:24 - StorageManager - INFO - 初始化存储管理器，数据目录: /tmp/pytest-of-james/pytest-6/test_scan_pipeline_load_data_s0/data
2026-05-28 11:03:24 - FinancialFactorBridge - INFO - 2026-05-28 11:03:24 - FinancialFactorBridge - INFO - FinancialFactorBridge initialized with 25 field mappings
2026-05-28 11:03:24 - FactorAnalyzer - INFO - 2026-05-28 11:03:24 - FactorAnalyzer - INFO - FactorAnalyzer initialized
2026-05-28 11:03:24 - FactorAnalyzer - INFO - 2026-05-28 11:03:24 - FactorAnalyzer - INFO - FactorAnalyzer initialized
2026-05-28 11:03:24 - StockScreener - INFO - 2026-05-28 11:03:24 - StockScreener - INFO - StockScreener initialized with top_n=50
2026-05-28 11:03:24 - ScanPipeline - INFO - 2026-05-28 11:03:24 - ScanPipeline - INFO - ScanPipeline initialized with top_n=50
2026-05-28 11:03:24 - ScanPipeline - INFO - 2026-05-28 11:03:24 - ScanPipeline - INFO - Loading data for 1 symbols...
2026-05-28 11:03:24 - ScanPipeline - WARNING - 2026-05-28 11:03:24 - ScanPipeline - WARNING - Failed to load financial data for 000001.SZ: cannot read /tmp/pytest-of-james/pytest-6/test_scan_pipeline_load_data_s0/data/lake/financial/000001.SZ.parquet
2026-05-28 11:03:24 - ScanPipeline - INFO - 2026-05-28 11:03:24 - ScanPipeline - INFO - Loaded 1 daily and 0 financial datasets
2026-05-28 11:03:24 - uniquant.brain.regime.regime_detector - INFO - 2026-05-28 11:03:24 - uniquant.brain.regime.regime_detector - INFO - RegimeDetector初始化: entropy_threshold=0.1, turnover_z_limit=2.5, min_data_points=30
2026-05-28 11:03:24 - uniquant.services.analysis.regime_analysis_engine - WARNING - 2026-05-28 11:03:24 - uniquant.services.analysis.regime_analysis_engine - WARNING - RegimeDetector 分析失败: bad regime engine
2026-05-28 11:03:24 - uniquant.services.analysis.lppl_analysis_engine - WARNING - 2026-05-28 11:03:24 - uniquant.services.analysis.lppl_analysis_engine - WARNING - LPPLEngine 分析失败: LPPLEngine.__init__() got an unexpected keyword argument 'config'
2026-05-28 11:03:24 - uniquant.services.analysis.czsc_analysis_engine - ERROR - 2026-05-28 11:03:24 - uniquant.services.analysis.czsc_analysis_engine - ERROR - CZSC engine failed: czsc failed
2026-05-28 11:03:24 - uniquant.brain.regime.regime_detector - INFO - 2026-05-28 11:03:24 - uniquant.brain.regime.regime_detector - INFO - RegimeDetector初始化: entropy_threshold=0.1, turnover_z_limit=2.5, min_data_points=30
2026-05-28 11:03:24 - uniquant.brain.regime.regime_detector - INFO - 2026-05-28 11:03:24 - uniquant.brain.regime.regime_detector - INFO - RegimeDetector初始化: entropy_threshold=0.5, turnover_z_limit=2.0, min_data_points=50
2026-05-28 11:03:24 - uniquant.services.analysis.ntf_analysis_engine - WARNING - 2026-05-28 11:03:24 - uniquant.services.analysis.ntf_analysis_engine - WARNING - NTFEngine 分析失败: bad ntf engine
2026-05-28 11:03:24 - uniquant.services.analysis.report_generator_engine - ERROR - 2026-05-28 11:03:24 - uniquant.services.analysis.report_generator_engine - ERROR - 000001.SZ 报告生成失败: report failed
2026-05-28 11:03:24 - uniquant.services.analysis.report_generator_engine - ERROR - 2026-05-28 11:03:24 - uniquant.services.analysis.report_generator_engine - ERROR - 批量生成报告失败: batch failed
2026-05-28 11:03:24 - uniquant.services.analysis.report_generator_engine - ERROR - 2026-05-28 11:03:24 - uniquant.services.analysis.report_generator_engine - ERROR - 列出结果文件失败: list failed
2026-05-28 11:03:24 - TechnicalAnalysisService - ERROR - 2026-05-28 11:03:24 - TechnicalAnalysisService - ERROR - CZSC engine failed: czsc failed
2026-05-28 11:03:24 - TechnicalAnalysisService - WARNING - 2026-05-28 11:03:24 - TechnicalAnalysisService - WARNING - CZSCEngine 分析失败: bad czsc dependency
2026-05-28 11:03:24 - uniquant.services.analysis.signal_service - WARNING - 2026-05-28 11:03:24 - uniquant.services.analysis.signal_service - WARNING - FSM 分析失败: fsm failed
2026-05-28 11:03:24 - uniquant.services.analysis.signal_service - WARNING - 2026-05-28 11:03:24 - uniquant.services.analysis.signal_service - WARNING - Alpha 分析失败: test_analyze_alpha_sets_default_score_on_value_error.<locals>.raise_value_error() takes from 2 to 3 positional arguments but 4 were given
2026-05-28 11:07:39 - uniquant.shared.cache.cache_factory - INFO - 2026-05-28 11:07:39 - uniquant.shared.cache.cache_factory - INFO - Creating MemoryCacheBackend with max_size=5000
2026-05-28 11:07:39 - uniquant.shared.cache.backends - INFO - 2026-05-28 11:07:39 - uniquant.shared.cache.backends - INFO - MemoryCacheBackend initialized with max_size: 5000
2026-05-28 11:07:40 - uniquant.data.utils.akshare_wrapper - INFO - 2026-05-28 11:07:40 - uniquant.data.utils.akshare_wrapper - INFO - AkShare initialized successfully
2026-05-28 11:07:41 - FactorRegistry - INFO - 2026-05-28 11:07:41 - FactorRegistry - INFO - ✅ 因子注册成功: momentum_20d (technical) weight=1.0
2026-05-28 11:07:41 - FactorRegistry - INFO - 2026-05-28 11:07:41 - FactorRegistry - INFO - ✅ 因子注册成功: momentum_60d (technical) weight=0.9
2026-05-28 11:07:41 - FactorRegistry - INFO - 2026-05-28 11:07:41 - FactorRegistry - INFO - ✅ 因子注册成功: volatility_20d (technical) weight=0.8
2026-05-28 11:07:41 - FactorRegistry - INFO - 2026-05-28 11:07:41 - FactorRegistry - INFO - ✅ 因子注册成功: volatility_60d (technical) weight=0.7
2026-05-28 11:07:41 - FactorRegistry - INFO - 2026-05-28 11:07:41 - FactorRegistry - INFO - ✅ 因子注册成功: ma_ratio_5_20 (technical) weight=0.85
2026-05-28 11:07:41 - FactorRegistry - INFO - 2026-05-28 11:07:41 - FactorRegistry - INFO - ✅ 因子注册成功: ma_ratio_10_60 (technical) weight=0.75
2026-05-28 11:07:41 - FactorRegistry - INFO - 2026-05-28 11:07:41 - FactorRegistry - INFO - ✅ 因子注册成功: volume_ratio_5_20 (technical) weight=0.6
2026-05-28 11:07:41 - FactorRegistry - INFO - 2026-05-28 11:07:41 - FactorRegistry - INFO - ✅ 因子注册成功: rsi_14 (technical) weight=0.8
2026-05-28 11:07:41 - FactorRegistry - INFO - 2026-05-28 11:07:41 - FactorRegistry - INFO - ✅ 因子注册成功: price_position_20d (technical) weight=0.7
2026-05-28 11:07:41 - FactorRegistry - INFO - 2026-05-28 11:07:41 - FactorRegistry - INFO - ✅ 因子注册成功: turnover_momentum_20d (technical) weight=0.85
2026-05-28 11:07:41 - uniquant.brain.ntf.ntf_engine - INFO - 2026-05-28 11:07:41 - uniquant.brain.ntf.ntf_engine - INFO - NTF SIGNAL: Volume pulsar detected (Ratio: 3.00, Side: SUPPORT, Confidence: 0.85)
2026-05-28 11:07:41 - uniquant.brain.ntf.ntf_engine - INFO - 2026-05-28 11:07:41 - uniquant.brain.ntf.ntf_engine - INFO - NTF SIGNAL: Volume pulsar detected (Ratio: 3.00, Side: RESISTANCE, Confidence: 0.80)
2026-05-28 11:07:41 - uniquant.brain.ntf.ntf_engine - INFO - 2026-05-28 11:07:41 - uniquant.brain.ntf.ntf_engine - INFO - NTF SIGNAL: Volume pulsar detected (Ratio: 3.00, Side: LIQUIDITY_PULSE, Confidence: 0.40)
2026-05-28 11:07:41 - uniquant.brain.ntf.ntf_engine - WARNING - 2026-05-28 11:07:41 - uniquant.brain.ntf.ntf_engine - WARNING - 数据缺少成交量列 (volume/vol)
2026-05-28 11:07:41 - uniquant.brain.ntf.ntf_engine - INFO - 2026-05-28 11:07:41 - uniquant.brain.ntf.ntf_engine - INFO - NTF SIGNAL: Volume pulsar detected (Ratio: 3.00, Side: SUPPORT, Confidence: 0.85)
2026-05-28 11:07:41 - uniquant.brain.ntf.ntf_engine - ERROR - 2026-05-28 11:07:41 - uniquant.brain.ntf.ntf_engine - ERROR - 无法获取 510300.SH 的数据
2026-05-28 11:07:41 - uniquant.brain.ntf.ntf_engine - ERROR - 2026-05-28 11:07:41 - uniquant.brain.ntf.ntf_engine - ERROR - 数据缺少必要列: close 或 volume
2026-05-28 11:07:41 - uniquant.brain.regime.regime_detector - INFO - 2026-05-28 11:07:41 - uniquant.brain.regime.regime_detector - INFO - RegimeDetector初始化: entropy_threshold=0.1, turnover_z_limit=2.5, min_data_points=10
2026-05-28 11:07:41 - uniquant.brain.regime.regime_detector - WARNING - 2026-05-28 11:07:41 - uniquant.brain.regime.regime_detector - WARNING - 输入数据为None
2026-05-28 11:07:41 - uniquant.brain.regime.regime_detector - WARNING - 2026-05-28 11:07:41 - uniquant.brain.regime.regime_detector - WARNING - 输入数据类型错误: <class 'list'>
2026-05-28 11:07:41 - uniquant.brain.regime.regime_detector - WARNING - 2026-05-28 11:07:41 - uniquant.brain.regime.regime_detector - WARNING - 输入数据为空
2026-05-28 11:07:41 - uniquant.brain.regime.regime_detector - WARNING - 2026-05-28 11:07:41 - uniquant.brain.regime.regime_detector - WARNING - 数据点不足: 5 < 10
2026-05-28 11:07:41 - uniquant.brain.regime.regime_detector - WARNING - 2026-05-28 11:07:41 - uniquant.brain.regime.regime_detector - WARNING - 缺少必需列: ['volume']
2026-05-28 11:07:41 - uniquant.brain.regime.regime_detector - WARNING - 2026-05-28 11:07:41 - uniquant.brain.regime.regime_detector - WARNING - 收盘价列全为NaN
2026-05-28 11:07:41 - uniquant.brain.regime.regime_detector - WARNING - 2026-05-28 11:07:41 - uniquant.brain.regime.regime_detector - WARNING - Empty entropy series detected, defaulting to NORMAL regime
2026-05-28 11:07:41 - uniquant.brain.regime.regime_detector - INFO - 2026-05-28 11:07:41 - uniquant.brain.regime.regime_detector - INFO - RegimeDetector初始化: entropy_threshold=0.1, turnover_z_limit=2.5, min_data_points=10
2026-05-28 11:07:41 - uniquant.brain.regime.regime_detector - WARNING - 2026-05-28 11:07:41 - uniquant.brain.regime.regime_detector - WARNING - FROZEN regime detected (Entropy percentile: 0.0000)
2026-05-28 11:07:41 - uniquant.brain.regime.regime_detector - WARNING - 2026-05-28 11:07:41 - uniquant.brain.regime.regime_detector - WARNING - STRESSED regime detected (Turnover Z: 99.00)
2026-05-28 11:07:41 - uniquant.brain.regime.regime_detector - WARNING - 2026-05-28 11:07:41 - uniquant.brain.regime.regime_detector - WARNING - Empty entropy series detected, defaulting to NORMAL regime
2026-05-28 11:07:41 - uniquant.brain.regime.regime_detector - INFO - 2026-05-28 11:07:41 - uniquant.brain.regime.regime_detector - INFO - RegimeDetector初始化: entropy_threshold=0.1, turnover_z_limit=2.5, min_data_points=10
2026-05-28 11:07:41 - uniquant.brain.regime.regime_detector - ERROR - 2026-05-28 11:07:41 - uniquant.brain.regime.regime_detector - ERROR - 无法获取 000001.SZ 的数据
2026-05-28 11:07:42 - uniquant.brain.czsc.czsc_engine - WARNING - 2026-05-28 11:07:42 - uniquant.brain.czsc.czsc_engine - WARNING - open值必须为正数: -10.0
2026-05-28 11:07:42 - uniquant.brain.czsc.czsc_engine - WARNING - 2026-05-28 11:07:42 - uniquant.brain.czsc.czsc_engine - WARNING - K线数据验证失败，跳过本次分析
2026-05-28 11:07:42 - uniquant.brain.czsc.czsc_engine - WARNING - 2026-05-28 11:07:42 - uniquant.brain.czsc.czsc_engine - WARNING - 缺少必需列: {'high', 'low', 'open'}
2026-05-28 11:07:42 - uniquant.brain.czsc.czsc_engine - WARNING - 2026-05-28 11:07:42 - uniquant.brain.czsc.czsc_engine - WARNING - K线数据验证失败，跳过本次分析
2026-05-28 11:07:42 - uniquant.brain.czsc.czsc_engine - WARNING - 2026-05-28 11:07:42 - uniquant.brain.czsc.czsc_engine - WARNING - high值为NaN
2026-05-28 11:07:42 - uniquant.brain.czsc.czsc_engine - WARNING - 2026-05-28 11:07:42 - uniquant.brain.czsc.czsc_engine - WARNING - K线数据验证失败，跳过本次分析
2026-05-28 11:07:42 - uniquant.brain.czsc.czsc_engine - WARNING - 2026-05-28 11:07:42 - uniquant.brain.czsc.czsc_engine - WARNING - 价格逻辑错误: low <= close <= high 不满足
2026-05-28 11:07:42 - uniquant.brain.czsc.czsc_engine - WARNING - 2026-05-28 11:07:42 - uniquant.brain.czsc.czsc_engine - WARNING - 输入数据行为None
2026-05-28 11:07:42 - uniquant.brain.czsc.czsc_engine - WARNING - 2026-05-28 11:07:42 - uniquant.brain.czsc.czsc_engine - WARNING - K线数据验证失败，跳过本次分析
2026-05-28 11:07:42 - uniquant.brain.czsc.czsc_engine - WARNING - 2026-05-28 11:07:42 - uniquant.brain.czsc.czsc_engine - WARNING - 输入数据类型错误: <class 'str'>
2026-05-28 11:07:42 - uniquant.brain.czsc.czsc_engine - WARNING - 2026-05-28 11:07:42 - uniquant.brain.czsc.czsc_engine - WARNING - K线数据验证失败，跳过本次分析
2026-05-28 11:07:42 - uniquant.brain.czsc.czsc_engine - WARNING - 2026-05-28 11:07:42 - uniquant.brain.czsc.czsc_engine - WARNING - open值必须为正数: 0.0
2026-05-28 11:07:42 - uniquant.brain.czsc.czsc_engine - WARNING - 2026-05-28 11:07:42 - uniquant.brain.czsc.czsc_engine - WARNING - K线数据验证失败，跳过本次分析
2026-05-28 11:07:42 - uniquant.brain.czsc.czsc_engine - ERROR - 2026-05-28 11:07:42 - uniquant.brain.czsc.czsc_engine - ERROR - CZSC分析失败: boom
2026-05-28 11:07:42 - uniquant.brain.czsc.czsc_engine - ERROR - 2026-05-28 11:07:42 - uniquant.brain.czsc.czsc_engine - ERROR - Error in get_czsc_signals: 分析失败: boom
Traceback (most recent call last):
  File "/home/james/Documents/Project/UniQuant/src/uniquant/brain/czsc/czsc_engine.py", line 497, in get_czsc_signals
    analyzer = self._initialize_czsc_analyzer(bars)
               ^^^^^^^^^^^^^^^^^^^^^^^^^^^^^^^^^^^^
  File "/usr/lib/python3.12/unittest/mock.py", line 1134, in __call__
    return self._mock_call(*args, **kwargs)
           ^^^^^^^^^^^^^^^^^^^^^^^^^^^^^^^^
  File "/usr/lib/python3.12/unittest/mock.py", line 1138, in _mock_call
    return self._execute_mock_call(*args, **kwargs)
           ^^^^^^^^^^^^^^^^^^^^^^^^^^^^^^^^^^^^^^^^
  File "/usr/lib/python3.12/unittest/mock.py", line 1193, in _execute_mock_call
    raise effect
RuntimeError: boom

The above exception was the direct cause of the following exception:

Traceback (most recent call last):
  File "/home/james/Documents/Project/UniQuant/src/uniquant/shared/error_handling.py", line 85, in wrapper
    return func(*args, **kwargs)
           ^^^^^^^^^^^^^^^^^^^^^
  File "/home/james/Documents/Project/UniQuant/src/uniquant/brain/czsc/czsc_engine.py", line 507, in get_czsc_signals
    raise CZSCAnalysisError(f"分析失败: {e}") from e
uniquant.brain.czsc.czsc_engine.CZSCAnalysisError: 分析失败: boom
2026-05-28 11:07:42 - uniquant.brain.czsc.czsc_engine - WARNING - 2026-05-28 11:07:42 - uniquant.brain.czsc.czsc_engine - WARNING - 跳过异常K线 0: bad rawbar
2026-05-28 11:07:43 - MacroAnalysisService - ERROR - 2026-05-28 11:07:43 - MacroAnalysisService - ERROR - LPPL engine failed: lppl failed
2026-05-28 11:07:43 - uniquant.brain.regime.regime_detector - INFO - 2026-05-28 11:07:43 - uniquant.brain.regime.regime_detector - INFO - RegimeDetector初始化: entropy_threshold=0.1, turnover_z_limit=2.5, min_data_points=30
2026-05-28 11:07:43 - MacroAnalysisService - WARNING - 2026-05-28 11:07:43 - MacroAnalysisService - WARNING - RegimeDetector 分析失败: bad regime dependency
2026-05-28 11:07:43 - MacroAnalysisService - WARNING - 2026-05-28 11:07:43 - MacroAnalysisService - WARNING - NTFEngine 分析失败: bad ntf dependency
2026-05-28 11:07:43 - StorageManager - WARNING - 2026-05-28 11:07:43 - StorageManager - WARNING - 全量股票代码文件不存在: /tmp/pytest-of-james/pytest-7/test_scan_pipeline_load_data_s0/data/all_stock_codes.csv
2026-05-28 11:07:43 - StorageManager - INFO - 2026-05-28 11:07:43 - StorageManager - INFO - 加载了 0 个股票代码
2026-05-28 11:07:43 - StorageManager - INFO - 2026-05-28 11:07:43 - StorageManager - INFO - 初始化存储管理器，数据目录: /tmp/pytest-of-james/pytest-7/test_scan_pipeline_load_data_s0/data
2026-05-28 11:07:43 - FinancialFactorBridge - INFO - 2026-05-28 11:07:43 - FinancialFactorBridge - INFO - FinancialFactorBridge initialized with 25 field mappings
2026-05-28 11:07:43 - FactorAnalyzer - INFO - 2026-05-28 11:07:43 - FactorAnalyzer - INFO - FactorAnalyzer initialized
2026-05-28 11:07:43 - FactorAnalyzer - INFO - 2026-05-28 11:07:43 - FactorAnalyzer - INFO - FactorAnalyzer initialized
2026-05-28 11:07:43 - StockScreener - INFO - 2026-05-28 11:07:43 - StockScreener - INFO - StockScreener initialized with top_n=50
2026-05-28 11:07:43 - ScanPipeline - INFO - 2026-05-28 11:07:43 - ScanPipeline - INFO - ScanPipeline initialized with top_n=50
2026-05-28 11:07:43 - ScanPipeline - INFO - 2026-05-28 11:07:43 - ScanPipeline - INFO - Loading data for 1 symbols...
2026-05-28 11:07:43 - ScanPipeline - WARNING - 2026-05-28 11:07:43 - ScanPipeline - WARNING - Failed to load financial data for 000001.SZ: cannot read /tmp/pytest-of-james/pytest-7/test_scan_pipeline_load_data_s0/data/lake/financial/000001.SZ.parquet
2026-05-28 11:07:43 - ScanPipeline - INFO - 2026-05-28 11:07:43 - ScanPipeline - INFO - Loaded 1 daily and 0 financial datasets
2026-05-28 11:07:43 - uniquant.brain.regime.regime_detector - INFO - 2026-05-28 11:07:43 - uniquant.brain.regime.regime_detector - INFO - RegimeDetector初始化: entropy_threshold=0.1, turnover_z_limit=2.5, min_data_points=30
2026-05-28 11:07:43 - uniquant.services.analysis.regime_analysis_engine - WARNING - 2026-05-28 11:07:43 - uniquant.services.analysis.regime_analysis_engine - WARNING - RegimeDetector 分析失败: bad regime engine
2026-05-28 11:07:43 - uniquant.services.analysis.lppl_analysis_engine - WARNING - 2026-05-28 11:07:43 - uniquant.services.analysis.lppl_analysis_engine - WARNING - LPPLEngine 分析失败: LPPLEngine.__init__() got an unexpected keyword argument 'config'
2026-05-28 11:07:43 - uniquant.services.analysis.czsc_analysis_engine - ERROR - 2026-05-28 11:07:43 - uniquant.services.analysis.czsc_analysis_engine - ERROR - CZSC engine failed: czsc failed
2026-05-28 11:07:43 - uniquant.brain.regime.regime_detector - INFO - 2026-05-28 11:07:43 - uniquant.brain.regime.regime_detector - INFO - RegimeDetector初始化: entropy_threshold=0.1, turnover_z_limit=2.5, min_data_points=30
2026-05-28 11:07:43 - uniquant.brain.regime.regime_detector - INFO - 2026-05-28 11:07:43 - uniquant.brain.regime.regime_detector - INFO - RegimeDetector初始化: entropy_threshold=0.5, turnover_z_limit=2.0, min_data_points=50
2026-05-28 11:07:43 - uniquant.services.analysis.ntf_analysis_engine - WARNING - 2026-05-28 11:07:43 - uniquant.services.analysis.ntf_analysis_engine - WARNING - NTFEngine 分析失败: bad ntf engine
2026-05-28 11:07:43 - uniquant.services.analysis.report_generator_engine - ERROR - 2026-05-28 11:07:43 - uniquant.services.analysis.report_generator_engine - ERROR - 000001.SZ 报告生成失败: report failed
2026-05-28 11:07:43 - uniquant.services.analysis.report_generator_engine - ERROR - 2026-05-28 11:07:43 - uniquant.services.analysis.report_generator_engine - ERROR - 批量生成报告失败: batch failed
2026-05-28 11:07:43 - uniquant.services.analysis.report_generator_engine - ERROR - 2026-05-28 11:07:43 - uniquant.services.analysis.report_generator_engine - ERROR - 列出结果文件失败: list failed
2026-05-28 11:07:43 - TechnicalAnalysisService - ERROR - 2026-05-28 11:07:43 - TechnicalAnalysisService - ERROR - CZSC engine failed: czsc failed
2026-05-28 11:07:43 - TechnicalAnalysisService - WARNING - 2026-05-28 11:07:43 - TechnicalAnalysisService - WARNING - CZSCEngine 分析失败: bad czsc dependency
2026-05-28 11:07:43 - uniquant.services.analysis.signal_service - WARNING - 2026-05-28 11:07:43 - uniquant.services.analysis.signal_service - WARNING - FSM 分析失败: fsm failed
2026-05-28 11:07:43 - uniquant.services.analysis.signal_service - WARNING - 2026-05-28 11:07:43 - uniquant.services.analysis.signal_service - WARNING - Alpha 分析失败: test_analyze_alpha_sets_default_score_on_value_error.<locals>.raise_value_error() takes from 2 to 3 positional arguments but 4 were given
2026-05-28 11:08:11 - uniquant.shared.cache.cache_factory - INFO - 2026-05-28 11:08:11 - uniquant.shared.cache.cache_factory - INFO - Creating MemoryCacheBackend with max_size=5000
2026-05-28 11:08:11 - uniquant.shared.cache.backends - INFO - 2026-05-28 11:08:11 - uniquant.shared.cache.backends - INFO - MemoryCacheBackend initialized with max_size: 5000
2026-05-28 11:08:12 - uniquant.data.utils.akshare_wrapper - INFO - 2026-05-28 11:08:12 - uniquant.data.utils.akshare_wrapper - INFO - AkShare initialized successfully
2026-05-28 11:08:13 - FactorRegistry - INFO - 2026-05-28 11:08:13 - FactorRegistry - INFO - ✅ 因子注册成功: momentum_20d (technical) weight=1.0
2026-05-28 11:08:13 - FactorRegistry - INFO - 2026-05-28 11:08:13 - FactorRegistry - INFO - ✅ 因子注册成功: momentum_60d (technical) weight=0.9
2026-05-28 11:08:13 - FactorRegistry - INFO - 2026-05-28 11:08:13 - FactorRegistry - INFO - ✅ 因子注册成功: volatility_20d (technical) weight=0.8
2026-05-28 11:08:13 - FactorRegistry - INFO - 2026-05-28 11:08:13 - FactorRegistry - INFO - ✅ 因子注册成功: volatility_60d (technical) weight=0.7
2026-05-28 11:08:13 - FactorRegistry - INFO - 2026-05-28 11:08:13 - FactorRegistry - INFO - ✅ 因子注册成功: ma_ratio_5_20 (technical) weight=0.85
2026-05-28 11:08:13 - FactorRegistry - INFO - 2026-05-28 11:08:13 - FactorRegistry - INFO - ✅ 因子注册成功: ma_ratio_10_60 (technical) weight=0.75
2026-05-28 11:08:13 - FactorRegistry - INFO - 2026-05-28 11:08:13 - FactorRegistry - INFO - ✅ 因子注册成功: volume_ratio_5_20 (technical) weight=0.6
2026-05-28 11:08:13 - FactorRegistry - INFO - 2026-05-28 11:08:13 - FactorRegistry - INFO - ✅ 因子注册成功: rsi_14 (technical) weight=0.8
2026-05-28 11:08:13 - FactorRegistry - INFO - 2026-05-28 11:08:13 - FactorRegistry - INFO - ✅ 因子注册成功: price_position_20d (technical) weight=0.7
2026-05-28 11:08:13 - FactorRegistry - INFO - 2026-05-28 11:08:13 - FactorRegistry - INFO - ✅ 因子注册成功: turnover_momentum_20d (technical) weight=0.85
2026-05-28 11:08:13 - uniquant.brain.ntf.ntf_engine - INFO - 2026-05-28 11:08:13 - uniquant.brain.ntf.ntf_engine - INFO - NTF SIGNAL: Volume pulsar detected (Ratio: 3.00, Side: SUPPORT, Confidence: 0.85)
2026-05-28 11:08:13 - uniquant.brain.ntf.ntf_engine - INFO - 2026-05-28 11:08:13 - uniquant.brain.ntf.ntf_engine - INFO - NTF SIGNAL: Volume pulsar detected (Ratio: 3.00, Side: RESISTANCE, Confidence: 0.80)
2026-05-28 11:08:13 - uniquant.brain.ntf.ntf_engine - INFO - 2026-05-28 11:08:13 - uniquant.brain.ntf.ntf_engine - INFO - NTF SIGNAL: Volume pulsar detected (Ratio: 3.00, Side: LIQUIDITY_PULSE, Confidence: 0.40)
2026-05-28 11:08:13 - uniquant.brain.ntf.ntf_engine - WARNING - 2026-05-28 11:08:13 - uniquant.brain.ntf.ntf_engine - WARNING - 数据缺少成交量列 (volume/vol)
2026-05-28 11:08:13 - uniquant.brain.ntf.ntf_engine - INFO - 2026-05-28 11:08:13 - uniquant.brain.ntf.ntf_engine - INFO - NTF SIGNAL: Volume pulsar detected (Ratio: 3.00, Side: SUPPORT, Confidence: 0.85)
2026-05-28 11:08:13 - uniquant.brain.ntf.ntf_engine - ERROR - 2026-05-28 11:08:13 - uniquant.brain.ntf.ntf_engine - ERROR - 无法获取 510300.SH 的数据
2026-05-28 11:08:13 - uniquant.brain.ntf.ntf_engine - ERROR - 2026-05-28 11:08:13 - uniquant.brain.ntf.ntf_engine - ERROR - 数据缺少必要列: close 或 volume
2026-05-28 11:08:13 - uniquant.brain.regime.regime_detector - INFO - 2026-05-28 11:08:13 - uniquant.brain.regime.regime_detector - INFO - RegimeDetector初始化: entropy_threshold=0.1, turnover_z_limit=2.5, min_data_points=10
2026-05-28 11:08:13 - uniquant.brain.regime.regime_detector - WARNING - 2026-05-28 11:08:13 - uniquant.brain.regime.regime_detector - WARNING - 输入数据为None
2026-05-28 11:08:13 - uniquant.brain.regime.regime_detector - WARNING - 2026-05-28 11:08:13 - uniquant.brain.regime.regime_detector - WARNING - 输入数据类型错误: <class 'list'>
2026-05-28 11:08:13 - uniquant.brain.regime.regime_detector - WARNING - 2026-05-28 11:08:13 - uniquant.brain.regime.regime_detector - WARNING - 输入数据为空
2026-05-28 11:08:13 - uniquant.brain.regime.regime_detector - WARNING - 2026-05-28 11:08:13 - uniquant.brain.regime.regime_detector - WARNING - 数据点不足: 5 < 10
2026-05-28 11:08:13 - uniquant.brain.regime.regime_detector - WARNING - 2026-05-28 11:08:13 - uniquant.brain.regime.regime_detector - WARNING - 缺少必需列: ['volume']
2026-05-28 11:08:13 - uniquant.brain.regime.regime_detector - WARNING - 2026-05-28 11:08:13 - uniquant.brain.regime.regime_detector - WARNING - 收盘价列全为NaN
2026-05-28 11:08:13 - uniquant.brain.regime.regime_detector - WARNING - 2026-05-28 11:08:13 - uniquant.brain.regime.regime_detector - WARNING - Empty entropy series detected, defaulting to NORMAL regime
2026-05-28 11:08:13 - uniquant.brain.regime.regime_detector - INFO - 2026-05-28 11:08:13 - uniquant.brain.regime.regime_detector - INFO - RegimeDetector初始化: entropy_threshold=0.1, turnover_z_limit=2.5, min_data_points=10
2026-05-28 11:08:13 - uniquant.brain.regime.regime_detector - WARNING - 2026-05-28 11:08:13 - uniquant.brain.regime.regime_detector - WARNING - FROZEN regime detected (Entropy percentile: 0.0000)
2026-05-28 11:08:13 - uniquant.brain.regime.regime_detector - WARNING - 2026-05-28 11:08:13 - uniquant.brain.regime.regime_detector - WARNING - STRESSED regime detected (Turnover Z: 99.00)
2026-05-28 11:08:13 - uniquant.brain.regime.regime_detector - WARNING - 2026-05-28 11:08:13 - uniquant.brain.regime.regime_detector - WARNING - Empty entropy series detected, defaulting to NORMAL regime
2026-05-28 11:08:13 - uniquant.brain.regime.regime_detector - INFO - 2026-05-28 11:08:13 - uniquant.brain.regime.regime_detector - INFO - RegimeDetector初始化: entropy_threshold=0.1, turnover_z_limit=2.5, min_data_points=10
2026-05-28 11:08:13 - uniquant.brain.regime.regime_detector - ERROR - 2026-05-28 11:08:13 - uniquant.brain.regime.regime_detector - ERROR - 无法获取 000001.SZ 的数据
2026-05-28 11:08:14 - uniquant.brain.czsc.czsc_engine - WARNING - 2026-05-28 11:08:14 - uniquant.brain.czsc.czsc_engine - WARNING - open值必须为正数: -10.0
2026-05-28 11:08:14 - uniquant.brain.czsc.czsc_engine - WARNING - 2026-05-28 11:08:14 - uniquant.brain.czsc.czsc_engine - WARNING - K线数据验证失败，跳过本次分析
2026-05-28 11:08:14 - uniquant.brain.czsc.czsc_engine - WARNING - 2026-05-28 11:08:14 - uniquant.brain.czsc.czsc_engine - WARNING - 缺少必需列: {'high', 'open', 'low'}
2026-05-28 11:08:14 - uniquant.brain.czsc.czsc_engine - WARNING - 2026-05-28 11:08:14 - uniquant.brain.czsc.czsc_engine - WARNING - K线数据验证失败，跳过本次分析
2026-05-28 11:08:14 - uniquant.brain.czsc.czsc_engine - WARNING - 2026-05-28 11:08:14 - uniquant.brain.czsc.czsc_engine - WARNING - high值为NaN
2026-05-28 11:08:14 - uniquant.brain.czsc.czsc_engine - WARNING - 2026-05-28 11:08:14 - uniquant.brain.czsc.czsc_engine - WARNING - K线数据验证失败，跳过本次分析
2026-05-28 11:08:14 - uniquant.brain.czsc.czsc_engine - WARNING - 2026-05-28 11:08:14 - uniquant.brain.czsc.czsc_engine - WARNING - 价格逻辑错误: low <= close <= high 不满足
2026-05-28 11:08:14 - uniquant.brain.czsc.czsc_engine - WARNING - 2026-05-28 11:08:14 - uniquant.brain.czsc.czsc_engine - WARNING - 输入数据行为None
2026-05-28 11:08:14 - uniquant.brain.czsc.czsc_engine - WARNING - 2026-05-28 11:08:14 - uniquant.brain.czsc.czsc_engine - WARNING - K线数据验证失败，跳过本次分析
2026-05-28 11:08:14 - uniquant.brain.czsc.czsc_engine - WARNING - 2026-05-28 11:08:14 - uniquant.brain.czsc.czsc_engine - WARNING - 输入数据类型错误: <class 'str'>
2026-05-28 11:08:14 - uniquant.brain.czsc.czsc_engine - WARNING - 2026-05-28 11:08:14 - uniquant.brain.czsc.czsc_engine - WARNING - K线数据验证失败，跳过本次分析
2026-05-28 11:08:14 - uniquant.brain.czsc.czsc_engine - WARNING - 2026-05-28 11:08:14 - uniquant.brain.czsc.czsc_engine - WARNING - open值必须为正数: 0.0
2026-05-28 11:08:14 - uniquant.brain.czsc.czsc_engine - WARNING - 2026-05-28 11:08:14 - uniquant.brain.czsc.czsc_engine - WARNING - K线数据验证失败，跳过本次分析
2026-05-28 11:08:14 - uniquant.brain.czsc.czsc_engine - ERROR - 2026-05-28 11:08:14 - uniquant.brain.czsc.czsc_engine - ERROR - CZSC分析失败: boom
2026-05-28 11:08:14 - uniquant.brain.czsc.czsc_engine - ERROR - 2026-05-28 11:08:14 - uniquant.brain.czsc.czsc_engine - ERROR - Error in get_czsc_signals: 分析失败: boom
Traceback (most recent call last):
  File "/home/james/Documents/Project/UniQuant/src/uniquant/brain/czsc/czsc_engine.py", line 497, in get_czsc_signals
    analyzer = self._initialize_czsc_analyzer(bars)
               ^^^^^^^^^^^^^^^^^^^^^^^^^^^^^^^^^^^^
  File "/usr/lib/python3.12/unittest/mock.py", line 1134, in __call__
    return self._mock_call(*args, **kwargs)
           ^^^^^^^^^^^^^^^^^^^^^^^^^^^^^^^^
  File "/usr/lib/python3.12/unittest/mock.py", line 1138, in _mock_call
    return self._execute_mock_call(*args, **kwargs)
           ^^^^^^^^^^^^^^^^^^^^^^^^^^^^^^^^^^^^^^^^
  File "/usr/lib/python3.12/unittest/mock.py", line 1193, in _execute_mock_call
    raise effect
RuntimeError: boom

The above exception was the direct cause of the following exception:

Traceback (most recent call last):
  File "/home/james/Documents/Project/UniQuant/src/uniquant/shared/error_handling.py", line 85, in wrapper
    return func(*args, **kwargs)
           ^^^^^^^^^^^^^^^^^^^^^
  File "/home/james/Documents/Project/UniQuant/src/uniquant/brain/czsc/czsc_engine.py", line 507, in get_czsc_signals
    raise CZSCAnalysisError(f"分析失败: {e}") from e
uniquant.brain.czsc.czsc_engine.CZSCAnalysisError: 分析失败: boom
2026-05-28 11:08:14 - uniquant.brain.czsc.czsc_engine - WARNING - 2026-05-28 11:08:14 - uniquant.brain.czsc.czsc_engine - WARNING - 跳过异常K线 0: bad rawbar
2026-05-28 11:08:15 - MacroAnalysisService - ERROR - 2026-05-28 11:08:15 - MacroAnalysisService - ERROR - LPPL engine failed: lppl failed
2026-05-28 11:08:15 - uniquant.brain.regime.regime_detector - INFO - 2026-05-28 11:08:15 - uniquant.brain.regime.regime_detector - INFO - RegimeDetector初始化: entropy_threshold=0.1, turnover_z_limit=2.5, min_data_points=30
2026-05-28 11:08:15 - MacroAnalysisService - WARNING - 2026-05-28 11:08:15 - MacroAnalysisService - WARNING - RegimeDetector 分析失败: bad regime dependency
2026-05-28 11:08:15 - MacroAnalysisService - WARNING - 2026-05-28 11:08:15 - MacroAnalysisService - WARNING - NTFEngine 分析失败: bad ntf dependency
2026-05-28 11:08:15 - StorageManager - WARNING - 2026-05-28 11:08:15 - StorageManager - WARNING - 全量股票代码文件不存在: /tmp/pytest-of-james/pytest-8/test_scan_pipeline_load_data_s0/data/all_stock_codes.csv
2026-05-28 11:08:15 - StorageManager - INFO - 2026-05-28 11:08:15 - StorageManager - INFO - 加载了 0 个股票代码
2026-05-28 11:08:15 - StorageManager - INFO - 2026-05-28 11:08:15 - StorageManager - INFO - 初始化存储管理器，数据目录: /tmp/pytest-of-james/pytest-8/test_scan_pipeline_load_data_s0/data
2026-05-28 11:08:15 - FinancialFactorBridge - INFO - 2026-05-28 11:08:15 - FinancialFactorBridge - INFO - FinancialFactorBridge initialized with 25 field mappings
2026-05-28 11:08:15 - FactorAnalyzer - INFO - 2026-05-28 11:08:15 - FactorAnalyzer - INFO - FactorAnalyzer initialized
2026-05-28 11:08:15 - FactorAnalyzer - INFO - 2026-05-28 11:08:15 - FactorAnalyzer - INFO - FactorAnalyzer initialized
2026-05-28 11:08:15 - StockScreener - INFO - 2026-05-28 11:08:15 - StockScreener - INFO - StockScreener initialized with top_n=50
2026-05-28 11:08:15 - ScanPipeline - INFO - 2026-05-28 11:08:15 - ScanPipeline - INFO - ScanPipeline initialized with top_n=50
2026-05-28 11:08:15 - ScanPipeline - INFO - 2026-05-28 11:08:15 - ScanPipeline - INFO - Loading data for 1 symbols...
2026-05-28 11:08:15 - ScanPipeline - WARNING - 2026-05-28 11:08:15 - ScanPipeline - WARNING - Failed to load financial data for 000001.SZ: cannot read /tmp/pytest-of-james/pytest-8/test_scan_pipeline_load_data_s0/data/lake/financial/000001.SZ.parquet
2026-05-28 11:08:15 - ScanPipeline - INFO - 2026-05-28 11:08:15 - ScanPipeline - INFO - Loaded 1 daily and 0 financial datasets
2026-05-28 11:08:15 - uniquant.brain.regime.regime_detector - INFO - 2026-05-28 11:08:15 - uniquant.brain.regime.regime_detector - INFO - RegimeDetector初始化: entropy_threshold=0.1, turnover_z_limit=2.5, min_data_points=30
2026-05-28 11:08:15 - uniquant.services.analysis.regime_analysis_engine - WARNING - 2026-05-28 11:08:15 - uniquant.services.analysis.regime_analysis_engine - WARNING - RegimeDetector 分析失败: bad regime engine
2026-05-28 11:08:15 - uniquant.services.analysis.lppl_analysis_engine - WARNING - 2026-05-28 11:08:15 - uniquant.services.analysis.lppl_analysis_engine - WARNING - LPPLEngine 分析失败: LPPLEngine.__init__() got an unexpected keyword argument 'config'
2026-05-28 11:08:15 - uniquant.services.analysis.czsc_analysis_engine - ERROR - 2026-05-28 11:08:15 - uniquant.services.analysis.czsc_analysis_engine - ERROR - CZSC engine failed: czsc failed
2026-05-28 11:08:15 - uniquant.brain.regime.regime_detector - INFO - 2026-05-28 11:08:15 - uniquant.brain.regime.regime_detector - INFO - RegimeDetector初始化: entropy_threshold=0.1, turnover_z_limit=2.5, min_data_points=30
2026-05-28 11:08:15 - uniquant.brain.regime.regime_detector - INFO - 2026-05-28 11:08:15 - uniquant.brain.regime.regime_detector - INFO - RegimeDetector初始化: entropy_threshold=0.5, turnover_z_limit=2.0, min_data_points=50
2026-05-28 11:08:15 - uniquant.services.analysis.ntf_analysis_engine - WARNING - 2026-05-28 11:08:15 - uniquant.services.analysis.ntf_analysis_engine - WARNING - NTFEngine 分析失败: bad ntf engine
2026-05-28 11:08:15 - uniquant.services.analysis.report_generator_engine - ERROR - 2026-05-28 11:08:15 - uniquant.services.analysis.report_generator_engine - ERROR - 000001.SZ 报告生成失败: report failed
2026-05-28 11:08:15 - uniquant.services.analysis.report_generator_engine - ERROR - 2026-05-28 11:08:15 - uniquant.services.analysis.report_generator_engine - ERROR - 批量生成报告失败: batch failed
2026-05-28 11:08:15 - uniquant.services.analysis.report_generator_engine - ERROR - 2026-05-28 11:08:15 - uniquant.services.analysis.report_generator_engine - ERROR - 列出结果文件失败: list failed
2026-05-28 11:08:15 - TechnicalAnalysisService - ERROR - 2026-05-28 11:08:15 - TechnicalAnalysisService - ERROR - CZSC engine failed: czsc failed
2026-05-28 11:08:15 - TechnicalAnalysisService - WARNING - 2026-05-28 11:08:15 - TechnicalAnalysisService - WARNING - CZSCEngine 分析失败: bad czsc dependency
2026-05-28 11:08:15 - uniquant.services.analysis.signal_service - WARNING - 2026-05-28 11:08:15 - uniquant.services.analysis.signal_service - WARNING - FSM 分析失败: fsm failed
2026-05-28 11:08:15 - uniquant.services.analysis.signal_service - WARNING - 2026-05-28 11:08:15 - uniquant.services.analysis.signal_service - WARNING - Alpha 分析失败: test_analyze_alpha_sets_default_score_on_value_error.<locals>.raise_value_error() takes from 2 to 3 positional arguments but 4 were given
2026-05-28 11:09:42 - uniquant.shared.cache.cache_factory - INFO - 2026-05-28 11:09:42 - uniquant.shared.cache.cache_factory - INFO - Creating MemoryCacheBackend with max_size=5000
2026-05-28 11:09:42 - uniquant.shared.cache.backends - INFO - 2026-05-28 11:09:42 - uniquant.shared.cache.backends - INFO - MemoryCacheBackend initialized with max_size: 5000
2026-05-28 11:09:43 - uniquant.data.utils.akshare_wrapper - INFO - 2026-05-28 11:09:43 - uniquant.data.utils.akshare_wrapper - INFO - AkShare initialized successfully
2026-05-28 11:09:43 - uniquant.shared.cache.cache_factory - INFO - 2026-05-28 11:09:43 - uniquant.shared.cache.cache_factory - INFO - Creating MemoryCacheBackend with max_size=5000
2026-05-28 11:09:43 - uniquant.shared.cache.backends - INFO - 2026-05-28 11:09:43 - uniquant.shared.cache.backends - INFO - MemoryCacheBackend initialized with max_size: 5000
2026-05-28 11:09:44 - uniquant.data.utils.akshare_wrapper - INFO - 2026-05-28 11:09:44 - uniquant.data.utils.akshare_wrapper - INFO - AkShare initialized successfully
2026-05-28 11:09:45 - FactorRegistry - INFO - 2026-05-28 11:09:45 - FactorRegistry - INFO - ✅ 因子注册成功: momentum_20d (technical) weight=1.0
2026-05-28 11:09:45 - FactorRegistry - INFO - 2026-05-28 11:09:45 - FactorRegistry - INFO - ✅ 因子注册成功: momentum_60d (technical) weight=0.9
2026-05-28 11:09:45 - FactorRegistry - INFO - 2026-05-28 11:09:45 - FactorRegistry - INFO - ✅ 因子注册成功: volatility_20d (technical) weight=0.8
2026-05-28 11:09:45 - FactorRegistry - INFO - 2026-05-28 11:09:45 - FactorRegistry - INFO - ✅ 因子注册成功: volatility_60d (technical) weight=0.7
2026-05-28 11:09:45 - FactorRegistry - INFO - 2026-05-28 11:09:45 - FactorRegistry - INFO - ✅ 因子注册成功: ma_ratio_5_20 (technical) weight=0.85
2026-05-28 11:09:45 - FactorRegistry - INFO - 2026-05-28 11:09:45 - FactorRegistry - INFO - ✅ 因子注册成功: ma_ratio_10_60 (technical) weight=0.75
2026-05-28 11:09:45 - FactorRegistry - INFO - 2026-05-28 11:09:45 - FactorRegistry - INFO - ✅ 因子注册成功: volume_ratio_5_20 (technical) weight=0.6
2026-05-28 11:09:45 - FactorRegistry - INFO - 2026-05-28 11:09:45 - FactorRegistry - INFO - ✅ 因子注册成功: rsi_14 (technical) weight=0.8
2026-05-28 11:09:45 - FactorRegistry - INFO - 2026-05-28 11:09:45 - FactorRegistry - INFO - ✅ 因子注册成功: price_position_20d (technical) weight=0.7
2026-05-28 11:09:45 - FactorRegistry - INFO - 2026-05-28 11:09:45 - FactorRegistry - INFO - ✅ 因子注册成功: turnover_momentum_20d (technical) weight=0.85
2026-05-28 11:09:56 - uniquant.data.utils.akshare_wrapper - INFO - 2026-05-28 11:09:56 - uniquant.data.utils.akshare_wrapper - INFO - AkShare initialized successfully
2026-05-28 11:09:58 - uniquant.shared.cache.cache_factory - INFO - 2026-05-28 11:09:58 - uniquant.shared.cache.cache_factory - INFO - Creating MemoryCacheBackend with max_size=5000
2026-05-28 11:09:58 - uniquant.shared.cache.backends - INFO - 2026-05-28 11:09:58 - uniquant.shared.cache.backends - INFO - MemoryCacheBackend initialized with max_size: 5000
2026-05-28 11:09:59 - uniquant.data.utils.akshare_wrapper - INFO - 2026-05-28 11:09:59 - uniquant.data.utils.akshare_wrapper - INFO - AkShare initialized successfully
2026-05-28 11:09:59 - uniquant.data.utils.akshare_wrapper - INFO - 2026-05-28 11:09:59 - uniquant.data.utils.akshare_wrapper - INFO - AkShare initialized successfully
2026-05-28 11:09:59 - uniquant.shared.cache.cache_factory - INFO - 2026-05-28 11:09:59 - uniquant.shared.cache.cache_factory - INFO - Creating MemoryCacheBackend with max_size=5000
2026-05-28 11:09:59 - uniquant.shared.cache.backends - INFO - 2026-05-28 11:09:59 - uniquant.shared.cache.backends - INFO - MemoryCacheBackend initialized with max_size: 5000
2026-05-28 11:10:00 - FactorRegistry - INFO - 2026-05-28 11:10:00 - FactorRegistry - INFO - ✅ 因子注册成功: momentum_20d (technical) weight=1.0
2026-05-28 11:10:00 - FactorRegistry - INFO - 2026-05-28 11:10:00 - FactorRegistry - INFO - ✅ 因子注册成功: momentum_60d (technical) weight=0.9
2026-05-28 11:10:00 - FactorRegistry - INFO - 2026-05-28 11:10:00 - FactorRegistry - INFO - ✅ 因子注册成功: volatility_20d (technical) weight=0.8
2026-05-28 11:10:00 - FactorRegistry - INFO - 2026-05-28 11:10:00 - FactorRegistry - INFO - ✅ 因子注册成功: volatility_60d (technical) weight=0.7
2026-05-28 11:10:00 - FactorRegistry - INFO - 2026-05-28 11:10:00 - FactorRegistry - INFO - ✅ 因子注册成功: ma_ratio_5_20 (technical) weight=0.85
2026-05-28 11:10:00 - FactorRegistry - INFO - 2026-05-28 11:10:00 - FactorRegistry - INFO - ✅ 因子注册成功: ma_ratio_10_60 (technical) weight=0.75
2026-05-28 11:10:00 - FactorRegistry - INFO - 2026-05-28 11:10:00 - FactorRegistry - INFO - ✅ 因子注册成功: volume_ratio_5_20 (technical) weight=0.6
2026-05-28 11:10:00 - FactorRegistry - INFO - 2026-05-28 11:10:00 - FactorRegistry - INFO - ✅ 因子注册成功: rsi_14 (technical) weight=0.8
2026-05-28 11:10:00 - FactorRegistry - INFO - 2026-05-28 11:10:00 - FactorRegistry - INFO - ✅ 因子注册成功: price_position_20d (technical) weight=0.7
2026-05-28 11:10:00 - FactorRegistry - INFO - 2026-05-28 11:10:00 - FactorRegistry - INFO - ✅ 因子注册成功: turnover_momentum_20d (technical) weight=0.85
2026-05-28 11:10:02 - uniquant.shared.cache.cache_factory - INFO - 2026-05-28 11:10:02 - uniquant.shared.cache.cache_factory - INFO - Creating MemoryCacheBackend with max_size=5000
2026-05-28 11:10:02 - uniquant.shared.cache.backends - INFO - 2026-05-28 11:10:02 - uniquant.shared.cache.backends - INFO - MemoryCacheBackend initialized with max_size: 5000
2026-05-28 11:10:02 - uniquant.data.utils.akshare_wrapper - INFO - 2026-05-28 11:10:02 - uniquant.data.utils.akshare_wrapper - INFO - AkShare initialized successfully
2026-05-28 11:10:04 - uniquant.shared.cache.cache_factory - INFO - 2026-05-28 11:10:04 - uniquant.shared.cache.cache_factory - INFO - Creating MemoryCacheBackend with max_size=5000
2026-05-28 11:10:04 - uniquant.shared.cache.backends - INFO - 2026-05-28 11:10:04 - uniquant.shared.cache.backends - INFO - MemoryCacheBackend initialized with max_size: 5000
2026-05-28 11:10:04 - uniquant.data.utils.akshare_wrapper - INFO - 2026-05-28 11:10:04 - uniquant.data.utils.akshare_wrapper - INFO - AkShare initialized successfully
2026-05-28 11:10:06 - uniquant.shared.cache.cache_factory - INFO - 2026-05-28 11:10:06 - uniquant.shared.cache.cache_factory - INFO - Creating MemoryCacheBackend with max_size=5000
2026-05-28 11:10:06 - uniquant.shared.cache.backends - INFO - 2026-05-28 11:10:06 - uniquant.shared.cache.backends - INFO - MemoryCacheBackend initialized with max_size: 5000
2026-05-28 11:10:07 - uniquant.data.utils.akshare_wrapper - INFO - 2026-05-28 11:10:07 - uniquant.data.utils.akshare_wrapper - INFO - AkShare initialized successfully
2026-05-28 11:10:08 - FactorRegistry - INFO - 2026-05-28 11:10:08 - FactorRegistry - INFO - ✅ 因子注册成功: momentum_20d (technical) weight=1.0
2026-05-28 11:10:08 - FactorRegistry - INFO - 2026-05-28 11:10:08 - FactorRegistry - INFO - ✅ 因子注册成功: momentum_60d (technical) weight=0.9
2026-05-28 11:10:08 - FactorRegistry - INFO - 2026-05-28 11:10:08 - FactorRegistry - INFO - ✅ 因子注册成功: volatility_20d (technical) weight=0.8
2026-05-28 11:10:08 - FactorRegistry - INFO - 2026-05-28 11:10:08 - FactorRegistry - INFO - ✅ 因子注册成功: volatility_60d (technical) weight=0.7
2026-05-28 11:10:08 - FactorRegistry - INFO - 2026-05-28 11:10:08 - FactorRegistry - INFO - ✅ 因子注册成功: ma_ratio_5_20 (technical) weight=0.85
2026-05-28 11:10:08 - FactorRegistry - INFO - 2026-05-28 11:10:08 - FactorRegistry - INFO - ✅ 因子注册成功: ma_ratio_10_60 (technical) weight=0.75
2026-05-28 11:10:08 - FactorRegistry - INFO - 2026-05-28 11:10:08 - FactorRegistry - INFO - ✅ 因子注册成功: volume_ratio_5_20 (technical) weight=0.6
2026-05-28 11:10:08 - FactorRegistry - INFO - 2026-05-28 11:10:08 - FactorRegistry - INFO - ✅ 因子注册成功: rsi_14 (technical) weight=0.8
2026-05-28 11:10:08 - FactorRegistry - INFO - 2026-05-28 11:10:08 - FactorRegistry - INFO - ✅ 因子注册成功: price_position_20d (technical) weight=0.7
2026-05-28 11:10:08 - FactorRegistry - INFO - 2026-05-28 11:10:08 - FactorRegistry - INFO - ✅ 因子注册成功: turnover_momentum_20d (technical) weight=0.85
2026-05-28 11:10:09 - uniquant.shared.cache.cache_factory - INFO - 2026-05-28 11:10:09 - uniquant.shared.cache.cache_factory - INFO - Creating MemoryCacheBackend with max_size=5000
2026-05-28 11:10:09 - uniquant.shared.cache.backends - INFO - 2026-05-28 11:10:09 - uniquant.shared.cache.backends - INFO - MemoryCacheBackend initialized with max_size: 5000
2026-05-28 11:10:10 - uniquant.data.utils.akshare_wrapper - INFO - 2026-05-28 11:10:10 - uniquant.data.utils.akshare_wrapper - INFO - AkShare initialized successfully
2026-05-28 11:10:11 - FactorRegistry - INFO - 2026-05-28 11:10:11 - FactorRegistry - INFO - ✅ 因子注册成功: momentum_20d (technical) weight=1.0
2026-05-28 11:10:11 - FactorRegistry - INFO - 2026-05-28 11:10:11 - FactorRegistry - INFO - ✅ 因子注册成功: momentum_60d (technical) weight=0.9
2026-05-28 11:10:11 - FactorRegistry - INFO - 2026-05-28 11:10:11 - FactorRegistry - INFO - ✅ 因子注册成功: volatility_20d (technical) weight=0.8
2026-05-28 11:10:11 - FactorRegistry - INFO - 2026-05-28 11:10:11 - FactorRegistry - INFO - ✅ 因子注册成功: volatility_60d (technical) weight=0.7
2026-05-28 11:10:11 - FactorRegistry - INFO - 2026-05-28 11:10:11 - FactorRegistry - INFO - ✅ 因子注册成功: ma_ratio_5_20 (technical) weight=0.85
2026-05-28 11:10:11 - FactorRegistry - INFO - 2026-05-28 11:10:11 - FactorRegistry - INFO - ✅ 因子注册成功: ma_ratio_10_60 (technical) weight=0.75
2026-05-28 11:10:11 - FactorRegistry - INFO - 2026-05-28 11:10:11 - FactorRegistry - INFO - ✅ 因子注册成功: volume_ratio_5_20 (technical) weight=0.6
2026-05-28 11:10:11 - FactorRegistry - INFO - 2026-05-28 11:10:11 - FactorRegistry - INFO - ✅ 因子注册成功: rsi_14 (technical) weight=0.8
2026-05-28 11:10:11 - FactorRegistry - INFO - 2026-05-28 11:10:11 - FactorRegistry - INFO - ✅ 因子注册成功: price_position_20d (technical) weight=0.7
2026-05-28 11:10:11 - FactorRegistry - INFO - 2026-05-28 11:10:11 - FactorRegistry - INFO - ✅ 因子注册成功: turnover_momentum_20d (technical) weight=0.85
2026-05-28 11:10:20 - uniquant.shared.cache.cache_factory - INFO - 2026-05-28 11:10:20 - uniquant.shared.cache.cache_factory - INFO - Creating MemoryCacheBackend with max_size=5000
2026-05-28 11:10:20 - uniquant.shared.cache.backends - INFO - 2026-05-28 11:10:20 - uniquant.shared.cache.backends - INFO - MemoryCacheBackend initialized with max_size: 5000
2026-05-28 11:10:20 - uniquant.data.utils.akshare_wrapper - INFO - 2026-05-28 11:10:20 - uniquant.data.utils.akshare_wrapper - INFO - AkShare initialized successfully
2026-05-28 11:10:20 - uniquant.shared.cache.cache_factory - INFO - 2026-05-28 11:10:20 - uniquant.shared.cache.cache_factory - INFO - Creating MemoryCacheBackend with max_size=5000
2026-05-28 11:10:20 - uniquant.shared.cache.backends - INFO - 2026-05-28 11:10:20 - uniquant.shared.cache.backends - INFO - MemoryCacheBackend initialized with max_size: 5000
2026-05-28 11:10:21 - uniquant.data.utils.akshare_wrapper - INFO - 2026-05-28 11:10:21 - uniquant.data.utils.akshare_wrapper - INFO - AkShare initialized successfully
2026-05-28 11:10:22 - uniquant.shared.cache.cache_factory - INFO - 2026-05-28 11:10:22 - uniquant.shared.cache.cache_factory - INFO - Creating MemoryCacheBackend with max_size=5000
2026-05-28 11:10:22 - uniquant.shared.cache.backends - INFO - 2026-05-28 11:10:22 - uniquant.shared.cache.backends - INFO - MemoryCacheBackend initialized with max_size: 5000
2026-05-28 11:10:22 - uniquant.data.utils.akshare_wrapper - INFO - 2026-05-28 11:10:22 - uniquant.data.utils.akshare_wrapper - INFO - AkShare initialized successfully
2026-05-28 11:10:22 - FactorRegistry - INFO - 2026-05-28 11:10:22 - FactorRegistry - INFO - ✅ 因子注册成功: momentum_20d (technical) weight=1.0
2026-05-28 11:10:22 - FactorRegistry - INFO - 2026-05-28 11:10:22 - FactorRegistry - INFO - ✅ 因子注册成功: momentum_60d (technical) weight=0.9
2026-05-28 11:10:22 - FactorRegistry - INFO - 2026-05-28 11:10:22 - FactorRegistry - INFO - ✅ 因子注册成功: volatility_20d (technical) weight=0.8
2026-05-28 11:10:22 - FactorRegistry - INFO - 2026-05-28 11:10:22 - FactorRegistry - INFO - ✅ 因子注册成功: volatility_60d (technical) weight=0.7
2026-05-28 11:10:22 - FactorRegistry - INFO - 2026-05-28 11:10:22 - FactorRegistry - INFO - ✅ 因子注册成功: ma_ratio_5_20 (technical) weight=0.85
2026-05-28 11:10:22 - FactorRegistry - INFO - 2026-05-28 11:10:22 - FactorRegistry - INFO - ✅ 因子注册成功: ma_ratio_10_60 (technical) weight=0.75
2026-05-28 11:10:22 - FactorRegistry - INFO - 2026-05-28 11:10:22 - FactorRegistry - INFO - ✅ 因子注册成功: volume_ratio_5_20 (technical) weight=0.6
2026-05-28 11:10:22 - FactorRegistry - INFO - 2026-05-28 11:10:22 - FactorRegistry - INFO - ✅ 因子注册成功: rsi_14 (technical) weight=0.8
2026-05-28 11:10:22 - FactorRegistry - INFO - 2026-05-28 11:10:22 - FactorRegistry - INFO - ✅ 因子注册成功: price_position_20d (technical) weight=0.7
2026-05-28 11:10:22 - FactorRegistry - INFO - 2026-05-28 11:10:22 - FactorRegistry - INFO - ✅ 因子注册成功: turnover_momentum_20d (technical) weight=0.85
2026-05-28 11:10:23 - FactorRegistry - INFO - 2026-05-28 11:10:23 - FactorRegistry - INFO - ✅ 因子注册成功: momentum_20d (technical) weight=1.0
2026-05-28 11:10:23 - FactorRegistry - INFO - 2026-05-28 11:10:23 - FactorRegistry - INFO - ✅ 因子注册成功: momentum_60d (technical) weight=0.9
2026-05-28 11:10:23 - FactorRegistry - INFO - 2026-05-28 11:10:23 - FactorRegistry - INFO - ✅ 因子注册成功: volatility_20d (technical) weight=0.8
2026-05-28 11:10:23 - FactorRegistry - INFO - 2026-05-28 11:10:23 - FactorRegistry - INFO - ✅ 因子注册成功: volatility_60d (technical) weight=0.7
2026-05-28 11:10:23 - FactorRegistry - INFO - 2026-05-28 11:10:23 - FactorRegistry - INFO - ✅ 因子注册成功: ma_ratio_5_20 (technical) weight=0.85
2026-05-28 11:10:23 - FactorRegistry - INFO - 2026-05-28 11:10:23 - FactorRegistry - INFO - ✅ 因子注册成功: ma_ratio_10_60 (technical) weight=0.75
2026-05-28 11:10:23 - FactorRegistry - INFO - 2026-05-28 11:10:23 - FactorRegistry - INFO - ✅ 因子注册成功: volume_ratio_5_20 (technical) weight=0.6
2026-05-28 11:10:23 - FactorRegistry - INFO - 2026-05-28 11:10:23 - FactorRegistry - INFO - ✅ 因子注册成功: rsi_14 (technical) weight=0.8
2026-05-28 11:10:23 - FactorRegistry - INFO - 2026-05-28 11:10:23 - FactorRegistry - INFO - ✅ 因子注册成功: price_position_20d (technical) weight=0.7
2026-05-28 11:10:23 - FactorRegistry - INFO - 2026-05-28 11:10:23 - FactorRegistry - INFO - ✅ 因子注册成功: turnover_momentum_20d (technical) weight=0.85
2026-05-28 11:10:24 - uniquant.data.utils.akshare_wrapper - INFO - 2026-05-28 11:10:24 - uniquant.data.utils.akshare_wrapper - INFO - AkShare initialized successfully
2026-05-28 11:10:24 - uniquant.shared.cache.cache_factory - INFO - 2026-05-28 11:10:24 - uniquant.shared.cache.cache_factory - INFO - Creating MemoryCacheBackend with max_size=5000
2026-05-28 11:10:24 - uniquant.shared.cache.backends - INFO - 2026-05-28 11:10:24 - uniquant.shared.cache.backends - INFO - MemoryCacheBackend initialized with max_size: 5000
2026-05-28 11:10:25 - uniquant.shared.cache.cache_factory - INFO - 2026-05-28 11:10:25 - uniquant.shared.cache.cache_factory - INFO - Creating MemoryCacheBackend with max_size=5000
2026-05-28 11:10:25 - uniquant.shared.cache.backends - INFO - 2026-05-28 11:10:25 - uniquant.shared.cache.backends - INFO - MemoryCacheBackend initialized with max_size: 5000
2026-05-28 11:10:25 - FactorRegistry - INFO - 2026-05-28 11:10:25 - FactorRegistry - INFO - ✅ 因子注册成功: momentum_20d (technical) weight=1.0
2026-05-28 11:10:26 - FactorRegistry - INFO - 2026-05-28 11:10:26 - FactorRegistry - INFO - ✅ 因子注册成功: momentum_60d (technical) weight=0.9
2026-05-28 11:10:26 - FactorRegistry - INFO - 2026-05-28 11:10:26 - FactorRegistry - INFO - ✅ 因子注册成功: volatility_20d (technical) weight=0.8
2026-05-28 11:10:26 - FactorRegistry - INFO - 2026-05-28 11:10:26 - FactorRegistry - INFO - ✅ 因子注册成功: volatility_60d (technical) weight=0.7
2026-05-28 11:10:26 - FactorRegistry - INFO - 2026-05-28 11:10:26 - FactorRegistry - INFO - ✅ 因子注册成功: ma_ratio_5_20 (technical) weight=0.85
2026-05-28 11:10:26 - FactorRegistry - INFO - 2026-05-28 11:10:26 - FactorRegistry - INFO - ✅ 因子注册成功: ma_ratio_10_60 (technical) weight=0.75
2026-05-28 11:10:26 - FactorRegistry - INFO - 2026-05-28 11:10:26 - FactorRegistry - INFO - ✅ 因子注册成功: volume_ratio_5_20 (technical) weight=0.6
2026-05-28 11:10:26 - FactorRegistry - INFO - 2026-05-28 11:10:26 - FactorRegistry - INFO - ✅ 因子注册成功: rsi_14 (technical) weight=0.8
2026-05-28 11:10:26 - FactorRegistry - INFO - 2026-05-28 11:10:26 - FactorRegistry - INFO - ✅ 因子注册成功: price_position_20d (technical) weight=0.7
2026-05-28 11:10:26 - FactorRegistry - INFO - 2026-05-28 11:10:26 - FactorRegistry - INFO - ✅ 因子注册成功: turnover_momentum_20d (technical) weight=0.85
2026-05-28 11:10:26 - uniquant.data.utils.akshare_wrapper - INFO - 2026-05-28 11:10:26 - uniquant.data.utils.akshare_wrapper - INFO - AkShare initialized successfully
2026-05-28 11:10:32 - uniquant.shared.cache.cache_factory - INFO - 2026-05-28 11:10:32 - uniquant.shared.cache.cache_factory - INFO - Creating MemoryCacheBackend with max_size=5000
2026-05-28 11:10:32 - uniquant.shared.cache.backends - INFO - 2026-05-28 11:10:32 - uniquant.shared.cache.backends - INFO - MemoryCacheBackend initialized with max_size: 5000
2026-05-28 11:10:33 - uniquant.data.utils.akshare_wrapper - INFO - 2026-05-28 11:10:33 - uniquant.data.utils.akshare_wrapper - INFO - AkShare initialized successfully
2026-05-28 11:10:33 - uniquant.shared.cache.cache_factory - INFO - 2026-05-28 11:10:33 - uniquant.shared.cache.cache_factory - INFO - Creating MemoryCacheBackend with max_size=5000
2026-05-28 11:10:33 - uniquant.shared.cache.backends - INFO - 2026-05-28 11:10:33 - uniquant.shared.cache.backends - INFO - MemoryCacheBackend initialized with max_size: 5000
2026-05-28 11:10:34 - uniquant.data.utils.akshare_wrapper - INFO - 2026-05-28 11:10:34 - uniquant.data.utils.akshare_wrapper - INFO - AkShare initialized successfully
2026-05-28 11:10:36 - uniquant.data.utils.akshare_wrapper - INFO - 2026-05-28 11:10:36 - uniquant.data.utils.akshare_wrapper - INFO - AkShare initialized successfully
2026-05-28 11:10:36 - uniquant.shared.cache.cache_factory - INFO - 2026-05-28 11:10:36 - uniquant.shared.cache.cache_factory - INFO - Creating MemoryCacheBackend with max_size=5000
2026-05-28 11:10:36 - uniquant.shared.cache.backends - INFO - 2026-05-28 11:10:36 - uniquant.shared.cache.backends - INFO - MemoryCacheBackend initialized with max_size: 5000
2026-05-28 11:10:37 - uniquant.shared.cache.cache_factory - INFO - 2026-05-28 11:10:37 - uniquant.shared.cache.cache_factory - INFO - Creating MemoryCacheBackend with max_size=5000
2026-05-28 11:10:37 - uniquant.shared.cache.backends - INFO - 2026-05-28 11:10:37 - uniquant.shared.cache.backends - INFO - MemoryCacheBackend initialized with max_size: 5000
2026-05-28 11:10:37 - uniquant.data.utils.akshare_wrapper - INFO - 2026-05-28 11:10:37 - uniquant.data.utils.akshare_wrapper - INFO - AkShare initialized successfully
2026-05-28 11:10:38 - uniquant.shared.cache.cache_factory - INFO - 2026-05-28 11:10:38 - uniquant.shared.cache.cache_factory - INFO - Creating MemoryCacheBackend with max_size=5000
2026-05-28 11:10:38 - uniquant.shared.cache.backends - INFO - 2026-05-28 11:10:38 - uniquant.shared.cache.backends - INFO - MemoryCacheBackend initialized with max_size: 5000
2026-05-28 11:10:38 - FactorRegistry - INFO - 2026-05-28 11:10:38 - FactorRegistry - INFO - ✅ 因子注册成功: momentum_20d (technical) weight=1.0
2026-05-28 11:10:38 - FactorRegistry - INFO - 2026-05-28 11:10:38 - FactorRegistry - INFO - ✅ 因子注册成功: momentum_60d (technical) weight=0.9
2026-05-28 11:10:38 - FactorRegistry - INFO - 2026-05-28 11:10:38 - FactorRegistry - INFO - ✅ 因子注册成功: volatility_20d (technical) weight=0.8
2026-05-28 11:10:38 - FactorRegistry - INFO - 2026-05-28 11:10:38 - FactorRegistry - INFO - ✅ 因子注册成功: volatility_60d (technical) weight=0.7
2026-05-28 11:10:38 - FactorRegistry - INFO - 2026-05-28 11:10:38 - FactorRegistry - INFO - ✅ 因子注册成功: ma_ratio_5_20 (technical) weight=0.85
2026-05-28 11:10:38 - FactorRegistry - INFO - 2026-05-28 11:10:38 - FactorRegistry - INFO - ✅ 因子注册成功: ma_ratio_10_60 (technical) weight=0.75
2026-05-28 11:10:38 - FactorRegistry - INFO - 2026-05-28 11:10:38 - FactorRegistry - INFO - ✅ 因子注册成功: volume_ratio_5_20 (technical) weight=0.6
2026-05-28 11:10:38 - FactorRegistry - INFO - 2026-05-28 11:10:38 - FactorRegistry - INFO - ✅ 因子注册成功: rsi_14 (technical) weight=0.8
2026-05-28 11:10:38 - FactorRegistry - INFO - 2026-05-28 11:10:38 - FactorRegistry - INFO - ✅ 因子注册成功: price_position_20d (technical) weight=0.7
2026-05-28 11:10:38 - FactorRegistry - INFO - 2026-05-28 11:10:38 - FactorRegistry - INFO - ✅ 因子注册成功: turnover_momentum_20d (technical) weight=0.85
2026-05-28 11:10:38 - uniquant.data.utils.akshare_wrapper - INFO - 2026-05-28 11:10:38 - uniquant.data.utils.akshare_wrapper - INFO - AkShare initialized successfully
2026-05-28 11:10:39 - FactorRegistry - INFO - 2026-05-28 11:10:39 - FactorRegistry - INFO - ✅ 因子注册成功: momentum_20d (technical) weight=1.0
2026-05-28 11:10:39 - FactorRegistry - INFO - 2026-05-28 11:10:39 - FactorRegistry - INFO - ✅ 因子注册成功: momentum_60d (technical) weight=0.9
2026-05-28 11:10:39 - FactorRegistry - INFO - 2026-05-28 11:10:39 - FactorRegistry - INFO - ✅ 因子注册成功: volatility_20d (technical) weight=0.8
2026-05-28 11:10:39 - FactorRegistry - INFO - 2026-05-28 11:10:39 - FactorRegistry - INFO - ✅ 因子注册成功: volatility_60d (technical) weight=0.7
2026-05-28 11:10:39 - FactorRegistry - INFO - 2026-05-28 11:10:39 - FactorRegistry - INFO - ✅ 因子注册成功: ma_ratio_5_20 (technical) weight=0.85
2026-05-28 11:10:39 - FactorRegistry - INFO - 2026-05-28 11:10:39 - FactorRegistry - INFO - ✅ 因子注册成功: ma_ratio_10_60 (technical) weight=0.75
2026-05-28 11:10:39 - FactorRegistry - INFO - 2026-05-28 11:10:39 - FactorRegistry - INFO - ✅ 因子注册成功: volume_ratio_5_20 (technical) weight=0.6
2026-05-28 11:10:39 - FactorRegistry - INFO - 2026-05-28 11:10:39 - FactorRegistry - INFO - ✅ 因子注册成功: rsi_14 (technical) weight=0.8
2026-05-28 11:10:39 - FactorRegistry - INFO - 2026-05-28 11:10:39 - FactorRegistry - INFO - ✅ 因子注册成功: price_position_20d (technical) weight=0.7
2026-05-28 11:10:39 - FactorRegistry - INFO - 2026-05-28 11:10:39 - FactorRegistry - INFO - ✅ 因子注册成功: turnover_momentum_20d (technical) weight=0.85
2026-05-28 11:10:39 - uniquant.brain.ntf.ntf_engine - INFO - 2026-05-28 11:10:39 - uniquant.brain.ntf.ntf_engine - INFO - NTF SIGNAL: Volume pulsar detected (Ratio: 3.00, Side: SUPPORT, Confidence: 0.85)
2026-05-28 11:10:39 - uniquant.brain.ntf.ntf_engine - INFO - 2026-05-28 11:10:39 - uniquant.brain.ntf.ntf_engine - INFO - NTF SIGNAL: Volume pulsar detected (Ratio: 3.00, Side: RESISTANCE, Confidence: 0.80)
2026-05-28 11:10:39 - uniquant.brain.ntf.ntf_engine - INFO - 2026-05-28 11:10:39 - uniquant.brain.ntf.ntf_engine - INFO - NTF SIGNAL: Volume pulsar detected (Ratio: 3.00, Side: LIQUIDITY_PULSE, Confidence: 0.40)
2026-05-28 11:10:39 - uniquant.brain.ntf.ntf_engine - WARNING - 2026-05-28 11:10:39 - uniquant.brain.ntf.ntf_engine - WARNING - 数据缺少成交量列 (volume/vol)
2026-05-28 11:10:39 - uniquant.brain.ntf.ntf_engine - INFO - 2026-05-28 11:10:39 - uniquant.brain.ntf.ntf_engine - INFO - NTF SIGNAL: Volume pulsar detected (Ratio: 3.00, Side: SUPPORT, Confidence: 0.85)
2026-05-28 11:10:39 - uniquant.brain.ntf.ntf_engine - ERROR - 2026-05-28 11:10:39 - uniquant.brain.ntf.ntf_engine - ERROR - 无法获取 510300.SH 的数据
2026-05-28 11:10:39 - uniquant.brain.ntf.ntf_engine - ERROR - 2026-05-28 11:10:39 - uniquant.brain.ntf.ntf_engine - ERROR - 数据缺少必要列: close 或 volume
2026-05-28 11:10:39 - uniquant.brain.regime.regime_detector - INFO - 2026-05-28 11:10:39 - uniquant.brain.regime.regime_detector - INFO - RegimeDetector初始化: entropy_threshold=0.1, turnover_z_limit=2.5, min_data_points=10
2026-05-28 11:10:39 - uniquant.brain.regime.regime_detector - WARNING - 2026-05-28 11:10:39 - uniquant.brain.regime.regime_detector - WARNING - 输入数据为None
2026-05-28 11:10:39 - uniquant.brain.regime.regime_detector - WARNING - 2026-05-28 11:10:39 - uniquant.brain.regime.regime_detector - WARNING - 输入数据类型错误: <class 'list'>
2026-05-28 11:10:39 - uniquant.brain.regime.regime_detector - WARNING - 2026-05-28 11:10:39 - uniquant.brain.regime.regime_detector - WARNING - 输入数据为空
2026-05-28 11:10:39 - uniquant.brain.regime.regime_detector - WARNING - 2026-05-28 11:10:39 - uniquant.brain.regime.regime_detector - WARNING - 数据点不足: 5 < 10
2026-05-28 11:10:39 - uniquant.brain.regime.regime_detector - WARNING - 2026-05-28 11:10:39 - uniquant.brain.regime.regime_detector - WARNING - 缺少必需列: ['volume']
2026-05-28 11:10:39 - uniquant.brain.regime.regime_detector - WARNING - 2026-05-28 11:10:39 - uniquant.brain.regime.regime_detector - WARNING - 收盘价列全为NaN
2026-05-28 11:10:39 - uniquant.brain.regime.regime_detector - WARNING - 2026-05-28 11:10:39 - uniquant.brain.regime.regime_detector - WARNING - Empty entropy series detected, defaulting to NORMAL regime
2026-05-28 11:10:39 - uniquant.brain.regime.regime_detector - INFO - 2026-05-28 11:10:39 - uniquant.brain.regime.regime_detector - INFO - RegimeDetector初始化: entropy_threshold=0.1, turnover_z_limit=2.5, min_data_points=10
2026-05-28 11:10:39 - uniquant.brain.regime.regime_detector - WARNING - 2026-05-28 11:10:39 - uniquant.brain.regime.regime_detector - WARNING - FROZEN regime detected (Entropy percentile: 0.0000)
2026-05-28 11:10:39 - uniquant.brain.regime.regime_detector - WARNING - 2026-05-28 11:10:39 - uniquant.brain.regime.regime_detector - WARNING - STRESSED regime detected (Turnover Z: 99.00)
2026-05-28 11:10:39 - uniquant.brain.regime.regime_detector - WARNING - 2026-05-28 11:10:39 - uniquant.brain.regime.regime_detector - WARNING - Empty entropy series detected, defaulting to NORMAL regime
2026-05-28 11:10:39 - uniquant.brain.regime.regime_detector - INFO - 2026-05-28 11:10:39 - uniquant.brain.regime.regime_detector - INFO - RegimeDetector初始化: entropy_threshold=0.1, turnover_z_limit=2.5, min_data_points=10
2026-05-28 11:10:39 - uniquant.brain.regime.regime_detector - ERROR - 2026-05-28 11:10:39 - uniquant.brain.regime.regime_detector - ERROR - 无法获取 000001.SZ 的数据
2026-05-28 11:10:40 - uniquant.brain.czsc.czsc_engine - WARNING - 2026-05-28 11:10:40 - uniquant.brain.czsc.czsc_engine - WARNING - open值必须为正数: -10.0
2026-05-28 11:10:40 - uniquant.brain.czsc.czsc_engine - WARNING - 2026-05-28 11:10:40 - uniquant.brain.czsc.czsc_engine - WARNING - K线数据验证失败，跳过本次分析
2026-05-28 11:10:40 - uniquant.brain.czsc.czsc_engine - WARNING - 2026-05-28 11:10:40 - uniquant.brain.czsc.czsc_engine - WARNING - 缺少必需列: {'open', 'high', 'low'}
2026-05-28 11:10:40 - uniquant.brain.czsc.czsc_engine - WARNING - 2026-05-28 11:10:40 - uniquant.brain.czsc.czsc_engine - WARNING - K线数据验证失败，跳过本次分析
2026-05-28 11:10:40 - uniquant.brain.czsc.czsc_engine - WARNING - 2026-05-28 11:10:40 - uniquant.brain.czsc.czsc_engine - WARNING - high值为NaN
2026-05-28 11:10:40 - uniquant.brain.czsc.czsc_engine - WARNING - 2026-05-28 11:10:40 - uniquant.brain.czsc.czsc_engine - WARNING - K线数据验证失败，跳过本次分析
2026-05-28 11:10:40 - uniquant.brain.czsc.czsc_engine - WARNING - 2026-05-28 11:10:40 - uniquant.brain.czsc.czsc_engine - WARNING - 价格逻辑错误: low <= close <= high 不满足
2026-05-28 11:10:40 - uniquant.brain.czsc.czsc_engine - WARNING - 2026-05-28 11:10:40 - uniquant.brain.czsc.czsc_engine - WARNING - 输入数据行为None
2026-05-28 11:10:40 - uniquant.brain.czsc.czsc_engine - WARNING - 2026-05-28 11:10:40 - uniquant.brain.czsc.czsc_engine - WARNING - K线数据验证失败，跳过本次分析
2026-05-28 11:10:40 - uniquant.brain.czsc.czsc_engine - WARNING - 2026-05-28 11:10:40 - uniquant.brain.czsc.czsc_engine - WARNING - 输入数据类型错误: <class 'str'>
2026-05-28 11:10:40 - uniquant.brain.czsc.czsc_engine - WARNING - 2026-05-28 11:10:40 - uniquant.brain.czsc.czsc_engine - WARNING - K线数据验证失败，跳过本次分析
2026-05-28 11:10:40 - uniquant.brain.czsc.czsc_engine - WARNING - 2026-05-28 11:10:40 - uniquant.brain.czsc.czsc_engine - WARNING - open值必须为正数: 0.0
2026-05-28 11:10:40 - uniquant.brain.czsc.czsc_engine - WARNING - 2026-05-28 11:10:40 - uniquant.brain.czsc.czsc_engine - WARNING - K线数据验证失败，跳过本次分析
2026-05-28 11:10:40 - uniquant.brain.czsc.czsc_engine - ERROR - 2026-05-28 11:10:40 - uniquant.brain.czsc.czsc_engine - ERROR - CZSC分析失败: boom
2026-05-28 11:10:40 - uniquant.brain.czsc.czsc_engine - ERROR - 2026-05-28 11:10:40 - uniquant.brain.czsc.czsc_engine - ERROR - Error in get_czsc_signals: 分析失败: boom
Traceback (most recent call last):
  File "/home/james/Documents/Project/UniQuant/src/uniquant/brain/czsc/czsc_engine.py", line 497, in get_czsc_signals
    analyzer = self._initialize_czsc_analyzer(bars)
               ^^^^^^^^^^^^^^^^^^^^^^^^^^^^^^^^^^^^
  File "/usr/lib/python3.12/unittest/mock.py", line 1134, in __call__
    return self._mock_call(*args, **kwargs)
           ^^^^^^^^^^^^^^^^^^^^^^^^^^^^^^^^
  File "/usr/lib/python3.12/unittest/mock.py", line 1138, in _mock_call
    return self._execute_mock_call(*args, **kwargs)
           ^^^^^^^^^^^^^^^^^^^^^^^^^^^^^^^^^^^^^^^^
  File "/usr/lib/python3.12/unittest/mock.py", line 1193, in _execute_mock_call
    raise effect
RuntimeError: boom

The above exception was the direct cause of the following exception:

Traceback (most recent call last):
  File "/home/james/Documents/Project/UniQuant/src/uniquant/shared/error_handling.py", line 85, in wrapper
    return func(*args, **kwargs)
           ^^^^^^^^^^^^^^^^^^^^^
  File "/home/james/Documents/Project/UniQuant/src/uniquant/brain/czsc/czsc_engine.py", line 507, in get_czsc_signals
    raise CZSCAnalysisError(f"分析失败: {e}") from e
uniquant.brain.czsc.czsc_engine.CZSCAnalysisError: 分析失败: boom
2026-05-28 11:10:40 - uniquant.brain.czsc.czsc_engine - WARNING - 2026-05-28 11:10:40 - uniquant.brain.czsc.czsc_engine - WARNING - 跳过异常K线 0: bad rawbar
2026-05-28 11:10:41 - MacroAnalysisService - ERROR - 2026-05-28 11:10:41 - MacroAnalysisService - ERROR - LPPL engine failed: lppl failed
2026-05-28 11:10:41 - uniquant.brain.regime.regime_detector - INFO - 2026-05-28 11:10:41 - uniquant.brain.regime.regime_detector - INFO - RegimeDetector初始化: entropy_threshold=0.1, turnover_z_limit=2.5, min_data_points=30
2026-05-28 11:10:41 - MacroAnalysisService - WARNING - 2026-05-28 11:10:41 - MacroAnalysisService - WARNING - RegimeDetector 分析失败: bad regime dependency
2026-05-28 11:10:41 - MacroAnalysisService - WARNING - 2026-05-28 11:10:41 - MacroAnalysisService - WARNING - NTFEngine 分析失败: bad ntf dependency
2026-05-28 11:10:41 - StorageManager - WARNING - 2026-05-28 11:10:41 - StorageManager - WARNING - 全量股票代码文件不存在: /tmp/pytest-of-james/pytest-9/test_scan_pipeline_load_data_s0/data/all_stock_codes.csv
2026-05-28 11:10:41 - StorageManager - INFO - 2026-05-28 11:10:41 - StorageManager - INFO - 加载了 0 个股票代码
2026-05-28 11:10:41 - StorageManager - INFO - 2026-05-28 11:10:41 - StorageManager - INFO - 初始化存储管理器，数据目录: /tmp/pytest-of-james/pytest-9/test_scan_pipeline_load_data_s0/data
2026-05-28 11:10:41 - FinancialFactorBridge - INFO - 2026-05-28 11:10:41 - FinancialFactorBridge - INFO - FinancialFactorBridge initialized with 25 field mappings
2026-05-28 11:10:41 - FactorAnalyzer - INFO - 2026-05-28 11:10:41 - FactorAnalyzer - INFO - FactorAnalyzer initialized
2026-05-28 11:10:41 - FactorAnalyzer - INFO - 2026-05-28 11:10:41 - FactorAnalyzer - INFO - FactorAnalyzer initialized
2026-05-28 11:10:41 - StockScreener - INFO - 2026-05-28 11:10:41 - StockScreener - INFO - StockScreener initialized with top_n=50
2026-05-28 11:10:41 - ScanPipeline - INFO - 2026-05-28 11:10:41 - ScanPipeline - INFO - ScanPipeline initialized with top_n=50
2026-05-28 11:10:41 - ScanPipeline - INFO - 2026-05-28 11:10:41 - ScanPipeline - INFO - Loading data for 1 symbols...
2026-05-28 11:10:41 - ScanPipeline - WARNING - 2026-05-28 11:10:41 - ScanPipeline - WARNING - Failed to load financial data for 000001.SZ: cannot read /tmp/pytest-of-james/pytest-9/test_scan_pipeline_load_data_s0/data/lake/financial/000001.SZ.parquet
2026-05-28 11:10:41 - ScanPipeline - INFO - 2026-05-28 11:10:41 - ScanPipeline - INFO - Loaded 1 daily and 0 financial datasets
2026-05-28 11:10:41 - uniquant.brain.regime.regime_detector - INFO - 2026-05-28 11:10:41 - uniquant.brain.regime.regime_detector - INFO - RegimeDetector初始化: entropy_threshold=0.1, turnover_z_limit=2.5, min_data_points=30
2026-05-28 11:10:41 - uniquant.services.analysis.regime_analysis_engine - WARNING - 2026-05-28 11:10:41 - uniquant.services.analysis.regime_analysis_engine - WARNING - RegimeDetector 分析失败: bad regime engine
2026-05-28 11:10:41 - uniquant.services.analysis.lppl_analysis_engine - WARNING - 2026-05-28 11:10:41 - uniquant.services.analysis.lppl_analysis_engine - WARNING - LPPLEngine 分析失败: LPPLEngine.__init__() got an unexpected keyword argument 'config'
2026-05-28 11:10:41 - uniquant.services.analysis.czsc_analysis_engine - ERROR - 2026-05-28 11:10:41 - uniquant.services.analysis.czsc_analysis_engine - ERROR - CZSC engine failed: czsc failed
2026-05-28 11:10:41 - uniquant.brain.regime.regime_detector - INFO - 2026-05-28 11:10:41 - uniquant.brain.regime.regime_detector - INFO - RegimeDetector初始化: entropy_threshold=0.1, turnover_z_limit=2.5, min_data_points=30
2026-05-28 11:10:41 - uniquant.brain.regime.regime_detector - INFO - 2026-05-28 11:10:41 - uniquant.brain.regime.regime_detector - INFO - RegimeDetector初始化: entropy_threshold=0.5, turnover_z_limit=2.0, min_data_points=50
2026-05-28 11:10:41 - uniquant.services.analysis.ntf_analysis_engine - WARNING - 2026-05-28 11:10:41 - uniquant.services.analysis.ntf_analysis_engine - WARNING - NTFEngine 分析失败: bad ntf engine
2026-05-28 11:10:41 - uniquant.services.analysis.report_generator_engine - ERROR - 2026-05-28 11:10:41 - uniquant.services.analysis.report_generator_engine - ERROR - 000001.SZ 报告生成失败: report failed
2026-05-28 11:10:41 - uniquant.services.analysis.report_generator_engine - ERROR - 2026-05-28 11:10:41 - uniquant.services.analysis.report_generator_engine - ERROR - 批量生成报告失败: batch failed
2026-05-28 11:10:41 - uniquant.services.analysis.report_generator_engine - ERROR - 2026-05-28 11:10:41 - uniquant.services.analysis.report_generator_engine - ERROR - 列出结果文件失败: list failed
2026-05-28 11:10:41 - TechnicalAnalysisService - ERROR - 2026-05-28 11:10:41 - TechnicalAnalysisService - ERROR - CZSC engine failed: czsc failed
2026-05-28 11:10:41 - TechnicalAnalysisService - WARNING - 2026-05-28 11:10:41 - TechnicalAnalysisService - WARNING - CZSCEngine 分析失败: bad czsc dependency
2026-05-28 11:10:41 - uniquant.services.analysis.signal_service - WARNING - 2026-05-28 11:10:41 - uniquant.services.analysis.signal_service - WARNING - FSM 分析失败: fsm failed
2026-05-28 11:10:41 - uniquant.services.analysis.signal_service - WARNING - 2026-05-28 11:10:41 - uniquant.services.analysis.signal_service - WARNING - Alpha 分析失败: test_analyze_alpha_sets_default_score_on_value_error.<locals>.raise_value_error() takes from 2 to 3 positional arguments but 4 were given
2026-05-28 11:10:44 - uniquant.shared.cache.cache_factory - INFO - 2026-05-28 11:10:44 - uniquant.shared.cache.cache_factory - INFO - Creating MemoryCacheBackend with max_size=5000
2026-05-28 11:10:44 - uniquant.shared.cache.backends - INFO - 2026-05-28 11:10:44 - uniquant.shared.cache.backends - INFO - MemoryCacheBackend initialized with max_size: 5000
2026-05-28 11:10:44 - uniquant.data.utils.akshare_wrapper - INFO - 2026-05-28 11:10:44 - uniquant.data.utils.akshare_wrapper - INFO - AkShare initialized successfully
2026-05-28 11:10:45 - FactorRegistry - INFO - 2026-05-28 11:10:45 - FactorRegistry - INFO - ✅ 因子注册成功: momentum_20d (technical) weight=1.0
2026-05-28 11:10:45 - FactorRegistry - INFO - 2026-05-28 11:10:45 - FactorRegistry - INFO - ✅ 因子注册成功: momentum_60d (technical) weight=0.9
2026-05-28 11:10:45 - FactorRegistry - INFO - 2026-05-28 11:10:45 - FactorRegistry - INFO - ✅ 因子注册成功: volatility_20d (technical) weight=0.8
2026-05-28 11:10:45 - FactorRegistry - INFO - 2026-05-28 11:10:45 - FactorRegistry - INFO - ✅ 因子注册成功: volatility_60d (technical) weight=0.7
2026-05-28 11:10:45 - FactorRegistry - INFO - 2026-05-28 11:10:45 - FactorRegistry - INFO - ✅ 因子注册成功: ma_ratio_5_20 (technical) weight=0.85
2026-05-28 11:10:45 - FactorRegistry - INFO - 2026-05-28 11:10:45 - FactorRegistry - INFO - ✅ 因子注册成功: ma_ratio_10_60 (technical) weight=0.75
2026-05-28 11:10:45 - FactorRegistry - INFO - 2026-05-28 11:10:45 - FactorRegistry - INFO - ✅ 因子注册成功: volume_ratio_5_20 (technical) weight=0.6
2026-05-28 11:10:45 - FactorRegistry - INFO - 2026-05-28 11:10:45 - FactorRegistry - INFO - ✅ 因子注册成功: rsi_14 (technical) weight=0.8
2026-05-28 11:10:45 - FactorRegistry - INFO - 2026-05-28 11:10:45 - FactorRegistry - INFO - ✅ 因子注册成功: price_position_20d (technical) weight=0.7
2026-05-28 11:10:45 - FactorRegistry - INFO - 2026-05-28 11:10:45 - FactorRegistry - INFO - ✅ 因子注册成功: turnover_momentum_20d (technical) weight=0.85
2026-05-28 11:10:46 - uniquant.shared.cache.cache_factory - INFO - 2026-05-28 11:10:46 - uniquant.shared.cache.cache_factory - INFO - Creating MemoryCacheBackend with max_size=5000
2026-05-28 11:10:46 - uniquant.shared.cache.backends - INFO - 2026-05-28 11:10:46 - uniquant.shared.cache.backends - INFO - MemoryCacheBackend initialized with max_size: 5000
2026-05-28 11:10:46 - uniquant.data.utils.akshare_wrapper - INFO - 2026-05-28 11:10:46 - uniquant.data.utils.akshare_wrapper - INFO - AkShare initialized successfully
2026-05-28 11:10:47 - uniquant.data.utils.akshare_wrapper - INFO - 2026-05-28 11:10:47 - uniquant.data.utils.akshare_wrapper - INFO - AkShare initialized successfully
2026-05-28 11:10:48 - FactorRegistry - INFO - 2026-05-28 11:10:48 - FactorRegistry - INFO - ✅ 因子注册成功: momentum_20d (technical) weight=1.0
2026-05-28 11:10:48 - FactorRegistry - INFO - 2026-05-28 11:10:48 - FactorRegistry - INFO - ✅ 因子注册成功: momentum_60d (technical) weight=0.9
2026-05-28 11:10:48 - FactorRegistry - INFO - 2026-05-28 11:10:48 - FactorRegistry - INFO - ✅ 因子注册成功: volatility_20d (technical) weight=0.8
2026-05-28 11:10:48 - FactorRegistry - INFO - 2026-05-28 11:10:48 - FactorRegistry - INFO - ✅ 因子注册成功: volatility_60d (technical) weight=0.7
2026-05-28 11:10:48 - FactorRegistry - INFO - 2026-05-28 11:10:48 - FactorRegistry - INFO - ✅ 因子注册成功: ma_ratio_5_20 (technical) weight=0.85
2026-05-28 11:10:48 - FactorRegistry - INFO - 2026-05-28 11:10:48 - FactorRegistry - INFO - ✅ 因子注册成功: ma_ratio_10_60 (technical) weight=0.75
2026-05-28 11:10:48 - FactorRegistry - INFO - 2026-05-28 11:10:48 - FactorRegistry - INFO - ✅ 因子注册成功: volume_ratio_5_20 (technical) weight=0.6
2026-05-28 11:10:48 - FactorRegistry - INFO - 2026-05-28 11:10:48 - FactorRegistry - INFO - ✅ 因子注册成功: rsi_14 (technical) weight=0.8
2026-05-28 11:10:48 - FactorRegistry - INFO - 2026-05-28 11:10:48 - FactorRegistry - INFO - ✅ 因子注册成功: price_position_20d (technical) weight=0.7
2026-05-28 11:10:48 - FactorRegistry - INFO - 2026-05-28 11:10:48 - FactorRegistry - INFO - ✅ 因子注册成功: turnover_momentum_20d (technical) weight=0.85
2026-05-28 11:10:48 - uniquant.data.utils.akshare_wrapper - INFO - 2026-05-28 11:10:48 - uniquant.data.utils.akshare_wrapper - INFO - AkShare initialized successfully
2026-05-28 11:10:48 - uniquant.shared.cache.cache_factory - INFO - 2026-05-28 11:10:48 - uniquant.shared.cache.cache_factory - INFO - Creating MemoryCacheBackend with max_size=5000
2026-05-28 11:10:48 - uniquant.shared.cache.backends - INFO - 2026-05-28 11:10:48 - uniquant.shared.cache.backends - INFO - MemoryCacheBackend initialized with max_size: 5000
2026-05-28 11:10:48 - uniquant.shared.cache.cache_factory - INFO - 2026-05-28 11:10:48 - uniquant.shared.cache.cache_factory - INFO - Creating MemoryCacheBackend with max_size=5000
2026-05-28 11:10:48 - uniquant.shared.cache.backends - INFO - 2026-05-28 11:10:48 - uniquant.shared.cache.backends - INFO - MemoryCacheBackend initialized with max_size: 5000
2026-05-28 11:10:49 - uniquant.data.utils.akshare_wrapper - INFO - 2026-05-28 11:10:49 - uniquant.data.utils.akshare_wrapper - INFO - AkShare initialized successfully
2026-05-28 11:10:49 - FactorRegistry - INFO - 2026-05-28 11:10:49 - FactorRegistry - INFO - ✅ 因子注册成功: momentum_20d (technical) weight=1.0
2026-05-28 11:10:49 - FactorRegistry - INFO - 2026-05-28 11:10:49 - FactorRegistry - INFO - ✅ 因子注册成功: momentum_60d (technical) weight=0.9
2026-05-28 11:10:49 - FactorRegistry - INFO - 2026-05-28 11:10:49 - FactorRegistry - INFO - ✅ 因子注册成功: volatility_20d (technical) weight=0.8
2026-05-28 11:10:49 - FactorRegistry - INFO - 2026-05-28 11:10:49 - FactorRegistry - INFO - ✅ 因子注册成功: volatility_60d (technical) weight=0.7
2026-05-28 11:10:49 - FactorRegistry - INFO - 2026-05-28 11:10:49 - FactorRegistry - INFO - ✅ 因子注册成功: ma_ratio_5_20 (technical) weight=0.85
2026-05-28 11:10:49 - FactorRegistry - INFO - 2026-05-28 11:10:49 - FactorRegistry - INFO - ✅ 因子注册成功: ma_ratio_10_60 (technical) weight=0.75
2026-05-28 11:10:49 - FactorRegistry - INFO - 2026-05-28 11:10:49 - FactorRegistry - INFO - ✅ 因子注册成功: volume_ratio_5_20 (technical) weight=0.6
2026-05-28 11:10:49 - FactorRegistry - INFO - 2026-05-28 11:10:49 - FactorRegistry - INFO - ✅ 因子注册成功: rsi_14 (technical) weight=0.8
2026-05-28 11:10:49 - FactorRegistry - INFO - 2026-05-28 11:10:49 - FactorRegistry - INFO - ✅ 因子注册成功: price_position_20d (technical) weight=0.7
2026-05-28 11:10:49 - FactorRegistry - INFO - 2026-05-28 11:10:49 - FactorRegistry - INFO - ✅ 因子注册成功: turnover_momentum_20d (technical) weight=0.85
2026-05-28 11:10:50 - uniquant.shared.cache.cache_factory - INFO - 2026-05-28 11:10:50 - uniquant.shared.cache.cache_factory - INFO - Creating MemoryCacheBackend with max_size=5000
2026-05-28 11:10:50 - uniquant.shared.cache.backends - INFO - 2026-05-28 11:10:50 - uniquant.shared.cache.backends - INFO - MemoryCacheBackend initialized with max_size: 5000
2026-05-28 11:10:51 - uniquant.data.utils.akshare_wrapper - INFO - 2026-05-28 11:10:51 - uniquant.data.utils.akshare_wrapper - INFO - AkShare initialized successfully
2026-05-28 11:10:55 - uniquant.shared.cache.cache_factory - INFO - 2026-05-28 11:10:55 - uniquant.shared.cache.cache_factory - INFO - Creating MemoryCacheBackend with max_size=5000
2026-05-28 11:10:55 - uniquant.shared.cache.backends - INFO - 2026-05-28 11:10:55 - uniquant.shared.cache.backends - INFO - MemoryCacheBackend initialized with max_size: 5000
2026-05-28 11:10:55 - uniquant.data.utils.akshare_wrapper - INFO - 2026-05-28 11:10:55 - uniquant.data.utils.akshare_wrapper - INFO - AkShare initialized successfully
2026-05-28 11:10:56 - uniquant.data.utils.akshare_wrapper - INFO - 2026-05-28 11:10:56 - uniquant.data.utils.akshare_wrapper - INFO - AkShare initialized successfully
2026-05-28 11:10:56 - uniquant.shared.cache.cache_factory - INFO - 2026-05-28 11:10:56 - uniquant.shared.cache.cache_factory - INFO - Creating MemoryCacheBackend with max_size=5000
2026-05-28 11:10:56 - uniquant.shared.cache.backends - INFO - 2026-05-28 11:10:56 - uniquant.shared.cache.backends - INFO - MemoryCacheBackend initialized with max_size: 5000
2026-05-28 11:10:56 - uniquant.shared.cache.cache_factory - INFO - 2026-05-28 11:10:56 - uniquant.shared.cache.cache_factory - INFO - Creating MemoryCacheBackend with max_size=5000
2026-05-28 11:10:56 - uniquant.shared.cache.backends - INFO - 2026-05-28 11:10:56 - uniquant.shared.cache.backends - INFO - MemoryCacheBackend initialized with max_size: 5000
2026-05-28 11:10:57 - FactorRegistry - INFO - 2026-05-28 11:10:57 - FactorRegistry - INFO - ✅ 因子注册成功: momentum_20d (technical) weight=1.0
2026-05-28 11:10:57 - FactorRegistry - INFO - 2026-05-28 11:10:57 - FactorRegistry - INFO - ✅ 因子注册成功: momentum_60d (technical) weight=0.9
2026-05-28 11:10:57 - FactorRegistry - INFO - 2026-05-28 11:10:57 - FactorRegistry - INFO - ✅ 因子注册成功: volatility_20d (technical) weight=0.8
2026-05-28 11:10:57 - FactorRegistry - INFO - 2026-05-28 11:10:57 - FactorRegistry - INFO - ✅ 因子注册成功: volatility_60d (technical) weight=0.7
2026-05-28 11:10:57 - FactorRegistry - INFO - 2026-05-28 11:10:57 - FactorRegistry - INFO - ✅ 因子注册成功: ma_ratio_5_20 (technical) weight=0.85
2026-05-28 11:10:57 - FactorRegistry - INFO - 2026-05-28 11:10:57 - FactorRegistry - INFO - ✅ 因子注册成功: ma_ratio_10_60 (technical) weight=0.75
2026-05-28 11:10:57 - FactorRegistry - INFO - 2026-05-28 11:10:57 - FactorRegistry - INFO - ✅ 因子注册成功: volume_ratio_5_20 (technical) weight=0.6
2026-05-28 11:10:57 - FactorRegistry - INFO - 2026-05-28 11:10:57 - FactorRegistry - INFO - ✅ 因子注册成功: rsi_14 (technical) weight=0.8
2026-05-28 11:10:57 - FactorRegistry - INFO - 2026-05-28 11:10:57 - FactorRegistry - INFO - ✅ 因子注册成功: price_position_20d (technical) weight=0.7
2026-05-28 11:10:57 - FactorRegistry - INFO - 2026-05-28 11:10:57 - FactorRegistry - INFO - ✅ 因子注册成功: turnover_momentum_20d (technical) weight=0.85
2026-05-28 11:10:57 - uniquant.data.utils.akshare_wrapper - INFO - 2026-05-28 11:10:57 - uniquant.data.utils.akshare_wrapper - INFO - AkShare initialized successfully
2026-05-28 11:10:57 - FactorRegistry - INFO - 2026-05-28 11:10:57 - FactorRegistry - INFO - ✅ 因子注册成功: momentum_20d (technical) weight=1.0
2026-05-28 11:10:57 - FactorRegistry - INFO - 2026-05-28 11:10:57 - FactorRegistry - INFO - ✅ 因子注册成功: momentum_60d (technical) weight=0.9
2026-05-28 11:10:57 - FactorRegistry - INFO - 2026-05-28 11:10:57 - FactorRegistry - INFO - ✅ 因子注册成功: volatility_20d (technical) weight=0.8
2026-05-28 11:10:57 - FactorRegistry - INFO - 2026-05-28 11:10:57 - FactorRegistry - INFO - ✅ 因子注册成功: volatility_60d (technical) weight=0.7
2026-05-28 11:10:57 - FactorRegistry - INFO - 2026-05-28 11:10:57 - FactorRegistry - INFO - ✅ 因子注册成功: ma_ratio_5_20 (technical) weight=0.85
2026-05-28 11:10:57 - FactorRegistry - INFO - 2026-05-28 11:10:57 - FactorRegistry - INFO - ✅ 因子注册成功: ma_ratio_10_60 (technical) weight=0.75
2026-05-28 11:10:57 - FactorRegistry - INFO - 2026-05-28 11:10:57 - FactorRegistry - INFO - ✅ 因子注册成功: volume_ratio_5_20 (technical) weight=0.6
2026-05-28 11:10:57 - FactorRegistry - INFO - 2026-05-28 11:10:57 - FactorRegistry - INFO - ✅ 因子注册成功: rsi_14 (technical) weight=0.8
2026-05-28 11:10:57 - FactorRegistry - INFO - 2026-05-28 11:10:57 - FactorRegistry - INFO - ✅ 因子注册成功: price_position_20d (technical) weight=0.7
2026-05-28 11:10:57 - FactorRegistry - INFO - 2026-05-28 11:10:57 - FactorRegistry - INFO - ✅ 因子注册成功: turnover_momentum_20d (technical) weight=0.85
2026-05-28 11:10:58 - FactorRegistry - INFO - 2026-05-28 11:10:58 - FactorRegistry - INFO - ✅ 因子注册成功: momentum_20d (technical) weight=1.0
2026-05-28 11:10:58 - FactorRegistry - INFO - 2026-05-28 11:10:58 - FactorRegistry - INFO - ✅ 因子注册成功: momentum_60d (technical) weight=0.9
2026-05-28 11:10:58 - FactorRegistry - INFO - 2026-05-28 11:10:58 - FactorRegistry - INFO - ✅ 因子注册成功: volatility_20d (technical) weight=0.8
2026-05-28 11:10:58 - FactorRegistry - INFO - 2026-05-28 11:10:58 - FactorRegistry - INFO - ✅ 因子注册成功: volatility_60d (technical) weight=0.7
2026-05-28 11:10:58 - FactorRegistry - INFO - 2026-05-28 11:10:58 - FactorRegistry - INFO - ✅ 因子注册成功: ma_ratio_5_20 (technical) weight=0.85
2026-05-28 11:10:58 - FactorRegistry - INFO - 2026-05-28 11:10:58 - FactorRegistry - INFO - ✅ 因子注册成功: ma_ratio_10_60 (technical) weight=0.75
2026-05-28 11:10:58 - FactorRegistry - INFO - 2026-05-28 11:10:58 - FactorRegistry - INFO - ✅ 因子注册成功: volume_ratio_5_20 (technical) weight=0.6
2026-05-28 11:10:58 - FactorRegistry - INFO - 2026-05-28 11:10:58 - FactorRegistry - INFO - ✅ 因子注册成功: rsi_14 (technical) weight=0.8
2026-05-28 11:10:58 - FactorRegistry - INFO - 2026-05-28 11:10:58 - FactorRegistry - INFO - ✅ 因子注册成功: price_position_20d (technical) weight=0.7
2026-05-28 11:10:58 - FactorRegistry - INFO - 2026-05-28 11:10:58 - FactorRegistry - INFO - ✅ 因子注册成功: turnover_momentum_20d (technical) weight=0.85
2026-05-28 11:10:58 - uniquant.brain.ntf.ntf_engine - INFO - 2026-05-28 11:10:58 - uniquant.brain.ntf.ntf_engine - INFO - NTF SIGNAL: Volume pulsar detected (Ratio: 3.00, Side: SUPPORT, Confidence: 0.85)
2026-05-28 11:10:58 - uniquant.brain.ntf.ntf_engine - INFO - 2026-05-28 11:10:58 - uniquant.brain.ntf.ntf_engine - INFO - NTF SIGNAL: Volume pulsar detected (Ratio: 3.00, Side: RESISTANCE, Confidence: 0.80)
2026-05-28 11:10:58 - uniquant.brain.ntf.ntf_engine - INFO - 2026-05-28 11:10:58 - uniquant.brain.ntf.ntf_engine - INFO - NTF SIGNAL: Volume pulsar detected (Ratio: 3.00, Side: LIQUIDITY_PULSE, Confidence: 0.40)
2026-05-28 11:10:58 - uniquant.brain.ntf.ntf_engine - WARNING - 2026-05-28 11:10:58 - uniquant.brain.ntf.ntf_engine - WARNING - 数据缺少成交量列 (volume/vol)
2026-05-28 11:10:58 - uniquant.brain.ntf.ntf_engine - INFO - 2026-05-28 11:10:58 - uniquant.brain.ntf.ntf_engine - INFO - NTF SIGNAL: Volume pulsar detected (Ratio: 3.00, Side: SUPPORT, Confidence: 0.85)
2026-05-28 11:10:58 - uniquant.brain.ntf.ntf_engine - ERROR - 2026-05-28 11:10:58 - uniquant.brain.ntf.ntf_engine - ERROR - 无法获取 510300.SH 的数据
2026-05-28 11:10:58 - uniquant.brain.ntf.ntf_engine - ERROR - 2026-05-28 11:10:58 - uniquant.brain.ntf.ntf_engine - ERROR - 数据缺少必要列: close 或 volume
2026-05-28 11:10:58 - uniquant.brain.regime.regime_detector - INFO - 2026-05-28 11:10:58 - uniquant.brain.regime.regime_detector - INFO - RegimeDetector初始化: entropy_threshold=0.1, turnover_z_limit=2.5, min_data_points=10
2026-05-28 11:10:58 - uniquant.brain.regime.regime_detector - WARNING - 2026-05-28 11:10:58 - uniquant.brain.regime.regime_detector - WARNING - 输入数据为None
2026-05-28 11:10:58 - uniquant.brain.regime.regime_detector - WARNING - 2026-05-28 11:10:58 - uniquant.brain.regime.regime_detector - WARNING - 输入数据类型错误: <class 'list'>
2026-05-28 11:10:58 - uniquant.brain.regime.regime_detector - WARNING - 2026-05-28 11:10:58 - uniquant.brain.regime.regime_detector - WARNING - 输入数据为空
2026-05-28 11:10:58 - uniquant.brain.regime.regime_detector - WARNING - 2026-05-28 11:10:58 - uniquant.brain.regime.regime_detector - WARNING - 数据点不足: 5 < 10
2026-05-28 11:10:58 - uniquant.brain.regime.regime_detector - WARNING - 2026-05-28 11:10:58 - uniquant.brain.regime.regime_detector - WARNING - 缺少必需列: ['volume']
2026-05-28 11:10:58 - uniquant.brain.regime.regime_detector - WARNING - 2026-05-28 11:10:58 - uniquant.brain.regime.regime_detector - WARNING - 收盘价列全为NaN
2026-05-28 11:10:58 - uniquant.brain.regime.regime_detector - WARNING - 2026-05-28 11:10:58 - uniquant.brain.regime.regime_detector - WARNING - Empty entropy series detected, defaulting to NORMAL regime
2026-05-28 11:10:58 - uniquant.brain.regime.regime_detector - INFO - 2026-05-28 11:10:58 - uniquant.brain.regime.regime_detector - INFO - RegimeDetector初始化: entropy_threshold=0.1, turnover_z_limit=2.5, min_data_points=10
2026-05-28 11:10:58 - uniquant.brain.regime.regime_detector - WARNING - 2026-05-28 11:10:58 - uniquant.brain.regime.regime_detector - WARNING - FROZEN regime detected (Entropy percentile: 0.0000)
2026-05-28 11:10:58 - uniquant.brain.regime.regime_detector - WARNING - 2026-05-28 11:10:58 - uniquant.brain.regime.regime_detector - WARNING - STRESSED regime detected (Turnover Z: 99.00)
2026-05-28 11:10:58 - uniquant.brain.regime.regime_detector - WARNING - 2026-05-28 11:10:58 - uniquant.brain.regime.regime_detector - WARNING - Empty entropy series detected, defaulting to NORMAL regime
2026-05-28 11:10:58 - uniquant.brain.regime.regime_detector - INFO - 2026-05-28 11:10:58 - uniquant.brain.regime.regime_detector - INFO - RegimeDetector初始化: entropy_threshold=0.1, turnover_z_limit=2.5, min_data_points=10
2026-05-28 11:10:58 - uniquant.brain.regime.regime_detector - ERROR - 2026-05-28 11:10:58 - uniquant.brain.regime.regime_detector - ERROR - 无法获取 000001.SZ 的数据
2026-05-28 11:10:59 - uniquant.brain.czsc.czsc_engine - WARNING - 2026-05-28 11:10:59 - uniquant.brain.czsc.czsc_engine - WARNING - open值必须为正数: -10.0
2026-05-28 11:10:59 - uniquant.brain.czsc.czsc_engine - WARNING - 2026-05-28 11:10:59 - uniquant.brain.czsc.czsc_engine - WARNING - K线数据验证失败，跳过本次分析
2026-05-28 11:10:59 - uniquant.brain.czsc.czsc_engine - WARNING - 2026-05-28 11:10:59 - uniquant.brain.czsc.czsc_engine - WARNING - 缺少必需列: {'open', 'low', 'high'}
2026-05-28 11:10:59 - uniquant.brain.czsc.czsc_engine - WARNING - 2026-05-28 11:10:59 - uniquant.brain.czsc.czsc_engine - WARNING - K线数据验证失败，跳过本次分析
2026-05-28 11:10:59 - uniquant.brain.czsc.czsc_engine - WARNING - 2026-05-28 11:10:59 - uniquant.brain.czsc.czsc_engine - WARNING - high值为NaN
2026-05-28 11:10:59 - uniquant.brain.czsc.czsc_engine - WARNING - 2026-05-28 11:10:59 - uniquant.brain.czsc.czsc_engine - WARNING - K线数据验证失败，跳过本次分析
2026-05-28 11:10:59 - uniquant.brain.czsc.czsc_engine - WARNING - 2026-05-28 11:10:59 - uniquant.brain.czsc.czsc_engine - WARNING - 价格逻辑错误: low <= close <= high 不满足
2026-05-28 11:10:59 - uniquant.brain.czsc.czsc_engine - WARNING - 2026-05-28 11:10:59 - uniquant.brain.czsc.czsc_engine - WARNING - 输入数据行为None
2026-05-28 11:10:59 - uniquant.brain.czsc.czsc_engine - WARNING - 2026-05-28 11:10:59 - uniquant.brain.czsc.czsc_engine - WARNING - K线数据验证失败，跳过本次分析
2026-05-28 11:10:59 - uniquant.brain.czsc.czsc_engine - WARNING - 2026-05-28 11:10:59 - uniquant.brain.czsc.czsc_engine - WARNING - 输入数据类型错误: <class 'str'>
2026-05-28 11:10:59 - uniquant.brain.czsc.czsc_engine - WARNING - 2026-05-28 11:10:59 - uniquant.brain.czsc.czsc_engine - WARNING - K线数据验证失败，跳过本次分析
2026-05-28 11:10:59 - uniquant.brain.czsc.czsc_engine - WARNING - 2026-05-28 11:10:59 - uniquant.brain.czsc.czsc_engine - WARNING - open值必须为正数: 0.0
2026-05-28 11:10:59 - uniquant.brain.czsc.czsc_engine - WARNING - 2026-05-28 11:10:59 - uniquant.brain.czsc.czsc_engine - WARNING - K线数据验证失败，跳过本次分析
2026-05-28 11:10:59 - uniquant.brain.czsc.czsc_engine - ERROR - 2026-05-28 11:10:59 - uniquant.brain.czsc.czsc_engine - ERROR - CZSC分析失败: boom
2026-05-28 11:10:59 - uniquant.brain.czsc.czsc_engine - ERROR - 2026-05-28 11:10:59 - uniquant.brain.czsc.czsc_engine - ERROR - Error in get_czsc_signals: 分析失败: boom
Traceback (most recent call last):
  File "/home/james/Documents/Project/UniQuant/src/uniquant/brain/czsc/czsc_engine.py", line 497, in get_czsc_signals
    analyzer = self._initialize_czsc_analyzer(bars)
               ^^^^^^^^^^^^^^^^^^^^^^^^^^^^^^^^^^^^
  File "/usr/lib/python3.12/unittest/mock.py", line 1134, in __call__
    return self._mock_call(*args, **kwargs)
           ^^^^^^^^^^^^^^^^^^^^^^^^^^^^^^^^
  File "/usr/lib/python3.12/unittest/mock.py", line 1138, in _mock_call
    return self._execute_mock_call(*args, **kwargs)
           ^^^^^^^^^^^^^^^^^^^^^^^^^^^^^^^^^^^^^^^^
  File "/usr/lib/python3.12/unittest/mock.py", line 1193, in _execute_mock_call
    raise effect
RuntimeError: boom

The above exception was the direct cause of the following exception:

Traceback (most recent call last):
  File "/home/james/Documents/Project/UniQuant/src/uniquant/shared/error_handling.py", line 85, in wrapper
    return func(*args, **kwargs)
           ^^^^^^^^^^^^^^^^^^^^^
  File "/home/james/Documents/Project/UniQuant/src/uniquant/brain/czsc/czsc_engine.py", line 507, in get_czsc_signals
    raise CZSCAnalysisError(f"分析失败: {e}") from e
uniquant.brain.czsc.czsc_engine.CZSCAnalysisError: 分析失败: boom
2026-05-28 11:10:59 - uniquant.brain.czsc.czsc_engine - WARNING - 2026-05-28 11:10:59 - uniquant.brain.czsc.czsc_engine - WARNING - 跳过异常K线 0: bad rawbar
2026-05-28 11:11:00 - MacroAnalysisService - ERROR - 2026-05-28 11:11:00 - MacroAnalysisService - ERROR - LPPL engine failed: lppl failed
2026-05-28 11:11:00 - uniquant.brain.regime.regime_detector - INFO - 2026-05-28 11:11:00 - uniquant.brain.regime.regime_detector - INFO - RegimeDetector初始化: entropy_threshold=0.1, turnover_z_limit=2.5, min_data_points=30
2026-05-28 11:11:00 - MacroAnalysisService - WARNING - 2026-05-28 11:11:00 - MacroAnalysisService - WARNING - RegimeDetector 分析失败: bad regime dependency
2026-05-28 11:11:00 - MacroAnalysisService - WARNING - 2026-05-28 11:11:00 - MacroAnalysisService - WARNING - NTFEngine 分析失败: bad ntf dependency
2026-05-28 11:11:00 - StorageManager - WARNING - 2026-05-28 11:11:00 - StorageManager - WARNING - 全量股票代码文件不存在: /tmp/pytest-of-james/pytest-10/test_scan_pipeline_load_data_s0/data/all_stock_codes.csv
2026-05-28 11:11:00 - StorageManager - INFO - 2026-05-28 11:11:00 - StorageManager - INFO - 加载了 0 个股票代码
2026-05-28 11:11:00 - StorageManager - INFO - 2026-05-28 11:11:00 - StorageManager - INFO - 初始化存储管理器，数据目录: /tmp/pytest-of-james/pytest-10/test_scan_pipeline_load_data_s0/data
2026-05-28 11:11:00 - FinancialFactorBridge - INFO - 2026-05-28 11:11:00 - FinancialFactorBridge - INFO - FinancialFactorBridge initialized with 25 field mappings
2026-05-28 11:11:00 - FactorAnalyzer - INFO - 2026-05-28 11:11:00 - FactorAnalyzer - INFO - FactorAnalyzer initialized
2026-05-28 11:11:00 - FactorAnalyzer - INFO - 2026-05-28 11:11:00 - FactorAnalyzer - INFO - FactorAnalyzer initialized
2026-05-28 11:11:00 - StockScreener - INFO - 2026-05-28 11:11:00 - StockScreener - INFO - StockScreener initialized with top_n=50
2026-05-28 11:11:00 - ScanPipeline - INFO - 2026-05-28 11:11:00 - ScanPipeline - INFO - ScanPipeline initialized with top_n=50
2026-05-28 11:11:00 - ScanPipeline - INFO - 2026-05-28 11:11:00 - ScanPipeline - INFO - Loading data for 1 symbols...
2026-05-28 11:11:00 - ScanPipeline - WARNING - 2026-05-28 11:11:00 - ScanPipeline - WARNING - Failed to load financial data for 000001.SZ: cannot read /tmp/pytest-of-james/pytest-10/test_scan_pipeline_load_data_s0/data/lake/financial/000001.SZ.parquet
2026-05-28 11:11:00 - ScanPipeline - INFO - 2026-05-28 11:11:00 - ScanPipeline - INFO - Loaded 1 daily and 0 financial datasets
2026-05-28 11:11:00 - uniquant.brain.regime.regime_detector - INFO - 2026-05-28 11:11:00 - uniquant.brain.regime.regime_detector - INFO - RegimeDetector初始化: entropy_threshold=0.1, turnover_z_limit=2.5, min_data_points=30
2026-05-28 11:11:00 - uniquant.services.analysis.regime_analysis_engine - WARNING - 2026-05-28 11:11:00 - uniquant.services.analysis.regime_analysis_engine - WARNING - RegimeDetector 分析失败: bad regime engine
2026-05-28 11:11:00 - uniquant.services.analysis.lppl_analysis_engine - WARNING - 2026-05-28 11:11:00 - uniquant.services.analysis.lppl_analysis_engine - WARNING - LPPLEngine 分析失败: LPPLEngine.__init__() got an unexpected keyword argument 'config'
2026-05-28 11:11:00 - uniquant.services.analysis.czsc_analysis_engine - ERROR - 2026-05-28 11:11:00 - uniquant.services.analysis.czsc_analysis_engine - ERROR - CZSC engine failed: czsc failed
2026-05-28 11:11:00 - uniquant.brain.regime.regime_detector - INFO - 2026-05-28 11:11:00 - uniquant.brain.regime.regime_detector - INFO - RegimeDetector初始化: entropy_threshold=0.1, turnover_z_limit=2.5, min_data_points=30
2026-05-28 11:11:00 - uniquant.brain.regime.regime_detector - INFO - 2026-05-28 11:11:00 - uniquant.brain.regime.regime_detector - INFO - RegimeDetector初始化: entropy_threshold=0.5, turnover_z_limit=2.0, min_data_points=50
2026-05-28 11:11:00 - uniquant.services.analysis.ntf_analysis_engine - WARNING - 2026-05-28 11:11:00 - uniquant.services.analysis.ntf_analysis_engine - WARNING - NTFEngine 分析失败: bad ntf engine
2026-05-28 11:11:00 - uniquant.services.analysis.report_generator_engine - ERROR - 2026-05-28 11:11:00 - uniquant.services.analysis.report_generator_engine - ERROR - 000001.SZ 报告生成失败: report failed
2026-05-28 11:11:00 - uniquant.services.analysis.report_generator_engine - ERROR - 2026-05-28 11:11:00 - uniquant.services.analysis.report_generator_engine - ERROR - 批量生成报告失败: batch failed
2026-05-28 11:11:00 - uniquant.services.analysis.report_generator_engine - ERROR - 2026-05-28 11:11:00 - uniquant.services.analysis.report_generator_engine - ERROR - 列出结果文件失败: list failed
2026-05-28 11:11:00 - TechnicalAnalysisService - ERROR - 2026-05-28 11:11:00 - TechnicalAnalysisService - ERROR - CZSC engine failed: czsc failed
2026-05-28 11:11:00 - TechnicalAnalysisService - WARNING - 2026-05-28 11:11:00 - TechnicalAnalysisService - WARNING - CZSCEngine 分析失败: bad czsc dependency
2026-05-28 11:11:00 - uniquant.services.analysis.signal_service - WARNING - 2026-05-28 11:11:00 - uniquant.services.analysis.signal_service - WARNING - FSM 分析失败: fsm failed
2026-05-28 11:11:00 - uniquant.services.analysis.signal_service - WARNING - 2026-05-28 11:11:00 - uniquant.services.analysis.signal_service - WARNING - Alpha 分析失败: test_analyze_alpha_sets_default_score_on_value_error.<locals>.raise_value_error() takes from 2 to 3 positional arguments but 4 were given
2026-05-28 11:12:40 - uniquant.shared.cache.cache_factory - INFO - 2026-05-28 11:12:40 - uniquant.shared.cache.cache_factory - INFO - Creating MemoryCacheBackend with max_size=5000
2026-05-28 11:12:40 - uniquant.shared.cache.backends - INFO - 2026-05-28 11:12:40 - uniquant.shared.cache.backends - INFO - MemoryCacheBackend initialized with max_size: 5000
2026-05-28 11:12:41 - uniquant.shared.cache.cache_factory - INFO - 2026-05-28 11:12:41 - uniquant.shared.cache.cache_factory - INFO - Creating MemoryCacheBackend with max_size=5000
2026-05-28 11:12:41 - uniquant.shared.cache.backends - INFO - 2026-05-28 11:12:41 - uniquant.shared.cache.backends - INFO - MemoryCacheBackend initialized with max_size: 5000
2026-05-28 11:12:41 - uniquant.data.utils.akshare_wrapper - INFO - 2026-05-28 11:12:41 - uniquant.data.utils.akshare_wrapper - INFO - AkShare initialized successfully
2026-05-28 11:12:41 - uniquant.data.utils.akshare_wrapper - INFO - 2026-05-28 11:12:41 - uniquant.data.utils.akshare_wrapper - INFO - AkShare initialized successfully
2026-05-28 11:12:42 - FactorRegistry - INFO - 2026-05-28 11:12:42 - FactorRegistry - INFO - ✅ 因子注册成功: momentum_20d (technical) weight=1.0
2026-05-28 11:12:42 - FactorRegistry - INFO - 2026-05-28 11:12:42 - FactorRegistry - INFO - ✅ 因子注册成功: momentum_60d (technical) weight=0.9
2026-05-28 11:12:42 - FactorRegistry - INFO - 2026-05-28 11:12:42 - FactorRegistry - INFO - ✅ 因子注册成功: volatility_20d (technical) weight=0.8
2026-05-28 11:12:42 - FactorRegistry - INFO - 2026-05-28 11:12:42 - FactorRegistry - INFO - ✅ 因子注册成功: volatility_60d (technical) weight=0.7
2026-05-28 11:12:42 - FactorRegistry - INFO - 2026-05-28 11:12:42 - FactorRegistry - INFO - ✅ 因子注册成功: ma_ratio_5_20 (technical) weight=0.85
2026-05-28 11:12:42 - FactorRegistry - INFO - 2026-05-28 11:12:42 - FactorRegistry - INFO - ✅ 因子注册成功: ma_ratio_10_60 (technical) weight=0.75
2026-05-28 11:12:42 - FactorRegistry - INFO - 2026-05-28 11:12:42 - FactorRegistry - INFO - ✅ 因子注册成功: volume_ratio_5_20 (technical) weight=0.6
2026-05-28 11:12:42 - FactorRegistry - INFO - 2026-05-28 11:12:42 - FactorRegistry - INFO - ✅ 因子注册成功: rsi_14 (technical) weight=0.8
2026-05-28 11:12:42 - FactorRegistry - INFO - 2026-05-28 11:12:42 - FactorRegistry - INFO - ✅ 因子注册成功: price_position_20d (technical) weight=0.7
2026-05-28 11:12:42 - FactorRegistry - INFO - 2026-05-28 11:12:42 - FactorRegistry - INFO - ✅ 因子注册成功: turnover_momentum_20d (technical) weight=0.85
2026-05-28 11:12:43 - FactorRegistry - INFO - 2026-05-28 11:12:43 - FactorRegistry - INFO - ✅ 因子注册成功: momentum_20d (technical) weight=1.0
2026-05-28 11:12:43 - FactorRegistry - INFO - 2026-05-28 11:12:43 - FactorRegistry - INFO - ✅ 因子注册成功: momentum_60d (technical) weight=0.9
2026-05-28 11:12:43 - FactorRegistry - INFO - 2026-05-28 11:12:43 - FactorRegistry - INFO - ✅ 因子注册成功: volatility_20d (technical) weight=0.8
2026-05-28 11:12:43 - FactorRegistry - INFO - 2026-05-28 11:12:43 - FactorRegistry - INFO - ✅ 因子注册成功: volatility_60d (technical) weight=0.7
2026-05-28 11:12:43 - FactorRegistry - INFO - 2026-05-28 11:12:43 - FactorRegistry - INFO - ✅ 因子注册成功: ma_ratio_5_20 (technical) weight=0.85
2026-05-28 11:12:43 - FactorRegistry - INFO - 2026-05-28 11:12:43 - FactorRegistry - INFO - ✅ 因子注册成功: ma_ratio_10_60 (technical) weight=0.75
2026-05-28 11:12:43 - FactorRegistry - INFO - 2026-05-28 11:12:43 - FactorRegistry - INFO - ✅ 因子注册成功: volume_ratio_5_20 (technical) weight=0.6
2026-05-28 11:12:43 - FactorRegistry - INFO - 2026-05-28 11:12:43 - FactorRegistry - INFO - ✅ 因子注册成功: rsi_14 (technical) weight=0.8
2026-05-28 11:12:43 - FactorRegistry - INFO - 2026-05-28 11:12:43 - FactorRegistry - INFO - ✅ 因子注册成功: price_position_20d (technical) weight=0.7
2026-05-28 11:12:43 - FactorRegistry - INFO - 2026-05-28 11:12:43 - FactorRegistry - INFO - ✅ 因子注册成功: turnover_momentum_20d (technical) weight=0.85
2026-05-28 11:12:43 - DataFetcher - INFO - 2026-05-28 11:12:43 - DataFetcher - INFO - 初始化 DataFetcher - 系统的大脑和总指挥
2026-05-28 11:12:43 - StorageManager - INFO - 2026-05-28 11:12:43 - StorageManager - INFO - 加载并标准化了 5933 个股票代码
2026-05-28 11:12:43 - StorageManager - INFO - 2026-05-28 11:12:43 - StorageManager - INFO - 加载了 5933 个股票代码
2026-05-28 11:12:43 - StorageManager - INFO - 2026-05-28 11:12:43 - StorageManager - INFO - 初始化存储管理器，数据目录: ./data
2026-05-28 11:12:43 - TdxSource - INFO - 2026-05-28 11:12:43 - TdxSource - INFO - 使用默认通达信路径: /home/james/.local/share/tdxcfv/drive_c/tc
2026-05-28 11:12:43 - uniquant.brain.ntf.ntf_engine - INFO - 2026-05-28 11:12:43 - uniquant.brain.ntf.ntf_engine - INFO - NTF SIGNAL: Volume pulsar detected (Ratio: 3.00, Side: SUPPORT, Confidence: 0.85)
2026-05-28 11:12:43 - uniquant.brain.ntf.ntf_engine - INFO - 2026-05-28 11:12:43 - uniquant.brain.ntf.ntf_engine - INFO - NTF SIGNAL: Volume pulsar detected (Ratio: 3.00, Side: RESISTANCE, Confidence: 0.80)
2026-05-28 11:12:43 - uniquant.brain.ntf.ntf_engine - INFO - 2026-05-28 11:12:43 - uniquant.brain.ntf.ntf_engine - INFO - NTF SIGNAL: Volume pulsar detected (Ratio: 3.00, Side: LIQUIDITY_PULSE, Confidence: 0.40)
2026-05-28 11:12:43 - StorageManager - INFO - 2026-05-28 11:12:43 - StorageManager - INFO - 加载并标准化了 5933 个股票代码
2026-05-28 11:12:43 - StorageManager - INFO - 2026-05-28 11:12:43 - StorageManager - INFO - 加载了 5933 个股票代码
2026-05-28 11:12:43 - StorageManager - INFO - 2026-05-28 11:12:43 - StorageManager - INFO - 初始化存储管理器，数据目录: data
2026-05-28 11:12:43 - uniquant.brain.ntf.ntf_engine - WARNING - 2026-05-28 11:12:43 - uniquant.brain.ntf.ntf_engine - WARNING - 数据缺少成交量列 (volume/vol)
2026-05-28 11:12:43 - FactorManager - INFO - 2026-05-28 11:12:43 - FactorManager - INFO - 成功加载股票代码状态数据，共 5933 条记录
2026-05-28 11:12:43 - uniquant.brain.ntf.ntf_engine - INFO - 2026-05-28 11:12:43 - uniquant.brain.ntf.ntf_engine - INFO - NTF SIGNAL: Volume pulsar detected (Ratio: 3.00, Side: SUPPORT, Confidence: 0.85)
2026-05-28 11:12:43 - uniquant.brain.ntf.ntf_engine - ERROR - 2026-05-28 11:12:43 - uniquant.brain.ntf.ntf_engine - ERROR - 无法获取 510300.SH 的数据
2026-05-28 11:12:43 - uniquant.brain.ntf.ntf_engine - ERROR - 2026-05-28 11:12:43 - uniquant.brain.ntf.ntf_engine - ERROR - 数据缺少必要列: close 或 volume
2026-05-28 11:12:43 - uniquant.brain.regime.regime_detector - INFO - 2026-05-28 11:12:43 - uniquant.brain.regime.regime_detector - INFO - RegimeDetector初始化: entropy_threshold=0.1, turnover_z_limit=2.5, min_data_points=10
2026-05-28 11:12:43 - uniquant.brain.regime.regime_detector - WARNING - 2026-05-28 11:12:43 - uniquant.brain.regime.regime_detector - WARNING - 输入数据为None
2026-05-28 11:12:43 - uniquant.brain.regime.regime_detector - WARNING - 2026-05-28 11:12:43 - uniquant.brain.regime.regime_detector - WARNING - 输入数据类型错误: <class 'list'>
2026-05-28 11:12:43 - uniquant.brain.regime.regime_detector - WARNING - 2026-05-28 11:12:43 - uniquant.brain.regime.regime_detector - WARNING - 输入数据为空
2026-05-28 11:12:43 - uniquant.brain.regime.regime_detector - WARNING - 2026-05-28 11:12:43 - uniquant.brain.regime.regime_detector - WARNING - 数据点不足: 5 < 10
2026-05-28 11:12:43 - uniquant.brain.regime.regime_detector - WARNING - 2026-05-28 11:12:43 - uniquant.brain.regime.regime_detector - WARNING - 缺少必需列: ['volume']
2026-05-28 11:12:43 - uniquant.brain.regime.regime_detector - WARNING - 2026-05-28 11:12:43 - uniquant.brain.regime.regime_detector - WARNING - 收盘价列全为NaN
2026-05-28 11:12:43 - uniquant.brain.regime.regime_detector - WARNING - 2026-05-28 11:12:43 - uniquant.brain.regime.regime_detector - WARNING - Empty entropy series detected, defaulting to NORMAL regime
2026-05-28 11:12:43 - uniquant.brain.regime.regime_detector - INFO - 2026-05-28 11:12:43 - uniquant.brain.regime.regime_detector - INFO - RegimeDetector初始化: entropy_threshold=0.1, turnover_z_limit=2.5, min_data_points=10
2026-05-28 11:12:43 - uniquant.brain.regime.regime_detector - WARNING - 2026-05-28 11:12:43 - uniquant.brain.regime.regime_detector - WARNING - FROZEN regime detected (Entropy percentile: 0.0000)
2026-05-28 11:12:43 - uniquant.brain.regime.regime_detector - WARNING - 2026-05-28 11:12:43 - uniquant.brain.regime.regime_detector - WARNING - STRESSED regime detected (Turnover Z: 99.00)
2026-05-28 11:12:43 - uniquant.brain.regime.regime_detector - WARNING - 2026-05-28 11:12:43 - uniquant.brain.regime.regime_detector - WARNING - Empty entropy series detected, defaulting to NORMAL regime
2026-05-28 11:12:43 - uniquant.brain.regime.regime_detector - INFO - 2026-05-28 11:12:43 - uniquant.brain.regime.regime_detector - INFO - RegimeDetector初始化: entropy_threshold=0.1, turnover_z_limit=2.5, min_data_points=10
2026-05-28 11:12:43 - StorageManager - INFO - 2026-05-28 11:12:43 - StorageManager - INFO - 加载并标准化了 5933 个股票代码
2026-05-28 11:12:43 - uniquant.brain.regime.regime_detector - ERROR - 2026-05-28 11:12:43 - uniquant.brain.regime.regime_detector - ERROR - 无法获取 000001.SZ 的数据
2026-05-28 11:12:43 - StorageManager - INFO - 2026-05-28 11:12:43 - StorageManager - INFO - 加载了 5933 个股票代码
2026-05-28 11:12:43 - StorageManager - INFO - 2026-05-28 11:12:43 - StorageManager - INFO - 初始化存储管理器，数据目录: ./data
2026-05-28 11:12:43 - StorageManager - INFO - 2026-05-28 11:12:43 - StorageManager - INFO - 加载并标准化了 5933 个股票代码
2026-05-28 11:12:43 - StorageManager - INFO - 2026-05-28 11:12:43 - StorageManager - INFO - 加载了 5933 个股票代码
2026-05-28 11:12:43 - StorageManager - INFO - 2026-05-28 11:12:43 - StorageManager - INFO - 初始化存储管理器，数据目录: data
2026-05-28 11:12:43 - FactorManager - INFO - 2026-05-28 11:12:43 - FactorManager - INFO - 成功加载股票代码状态数据，共 5933 条记录
2026-05-28 11:12:43 - DataFetcher - INFO - 2026-05-28 11:12:43 - DataFetcher - INFO - DataFetcher 初始化完成
2026-05-28 11:12:43 - StorageManager - INFO - 2026-05-28 11:12:43 - StorageManager - INFO - 加载并标准化了 5933 个股票代码
2026-05-28 11:12:43 - StorageManager - INFO - 2026-05-28 11:12:43 - StorageManager - INFO - 加载了 5933 个股票代码
2026-05-28 11:12:43 - StorageManager - INFO - 2026-05-28 11:12:43 - StorageManager - INFO - 初始化存储管理器，数据目录: ./data
2026-05-28 11:12:43 - uniquant.shared.cache.cache_factory - INFO - 2026-05-28 11:12:43 - uniquant.shared.cache.cache_factory - INFO - Creating DiskCacheBackend at data/service_cache
2026-05-28 11:12:43 - uniquant.shared.cache.backends - INFO - 2026-05-28 11:12:43 - uniquant.shared.cache.backends - INFO - DiskCacheBackend initialized at: data/service_cache
2026-05-28 11:12:43 - CacheCoordinator - INFO - 2026-05-28 11:12:43 - CacheCoordinator - INFO - CacheCoordinator initialized
2026-05-28 11:12:43 - DataService - INFO - 2026-05-28 11:12:43 - DataService - INFO - DataService initialized with facade pattern
2026-05-28 11:12:43 - uniquant.shared.cache.cache_factory - INFO - 2026-05-28 11:12:43 - uniquant.shared.cache.cache_factory - INFO - Creating MemoryCacheBackend with max_size=1000
2026-05-28 11:12:43 - uniquant.shared.cache.backends - INFO - 2026-05-28 11:12:43 - uniquant.shared.cache.backends - INFO - MemoryCacheBackend initialized with max_size: 1000
2026-05-28 11:12:43 - uniquant.shared.cache.cache_factory - INFO - 2026-05-28 11:12:43 - uniquant.shared.cache.cache_factory - INFO - Creating DiskCacheBackend at data/cache/analysis
2026-05-28 11:12:43 - uniquant.shared.cache.backends - INFO - 2026-05-28 11:12:43 - uniquant.shared.cache.backends - INFO - DiskCacheBackend initialized at: data/cache/analysis
2026-05-28 11:12:43 - AnalysisService - INFO - 2026-05-28 11:12:43 - AnalysisService - INFO - Cache system initialized successfully
2026-05-28 11:12:43 - AnalysisService - INFO - 2026-05-28 11:12:43 - AnalysisService - INFO - Market-level cache initialized with thread lock
2026-05-28 11:12:43 - AnalysisService - INFO - 2026-05-28 11:12:43 - AnalysisService - INFO - Validation service initialized successfully
2026-05-28 11:12:43 - uniquant.services.analysis.engine_factory - WARNING - 2026-05-28 11:12:43 - uniquant.services.analysis.engine_factory - WARNING - Failed to init macro: No module named 'uniquant.services.analysis.macro_analysis_engine'
2026-05-28 11:12:43 - alpha_tactician.errors - ERROR - 2026-05-28 11:12:43 - alpha_tactician.errors - ERROR - Unexpected error in analyze_macro_health: 'NoneType' object has no attribute 'analyze_macro_health'
Traceback (most recent call last):
  File "/home/james/Documents/Project/UniQuant/src/uniquant/shared/error_handling.py", line 85, in wrapper
    return func(*args, **kwargs)
           ^^^^^^^^^^^^^^^^^^^^^
  File "/home/james/Documents/Project/UniQuant/src/uniquant/services/analysis_service.py", line 685, in analyze_macro_health
    return self.macro_engine.analyze_macro_health(mock=mock)
           ^^^^^^^^^^^^^^^^^^^^^^^^^^^^^^^^^^^^^^
AttributeError: 'NoneType' object has no attribute 'analyze_macro_health'
2026-05-28 11:12:43 - uniquant.ui.health_check - INFO - 2026-05-28 11:12:43 - uniquant.ui.health_check - INFO - Module FSM Engine (uniquant.brain.fsm) loaded successfully
2026-05-28 11:12:44 - uniquant.ui.health_check - INFO - 2026-05-28 11:12:44 - uniquant.ui.health_check - INFO - Module CZSC Engine (uniquant.brain.czsc.czsc_engine) loaded successfully
2026-05-28 11:12:44 - uniquant.ui.health_check - INFO - 2026-05-28 11:12:44 - uniquant.ui.health_check - INFO - Module LPPL Engine (uniquant.brain.lppl.engine) loaded successfully
2026-05-28 11:12:44 - uniquant.ui.health_check - INFO - 2026-05-28 11:12:44 - uniquant.ui.health_check - INFO - Module LRD Engine (uniquant.brain.regime.regime_detector) loaded successfully
2026-05-28 11:12:44 - uniquant.ui.health_check - INFO - 2026-05-28 11:12:44 - uniquant.ui.health_check - INFO - Module NTF Engine (uniquant.brain.ntf.ntf_engine) loaded successfully
2026-05-28 11:12:44 - uniquant.ui.health_check - INFO - 2026-05-28 11:12:44 - uniquant.ui.health_check - INFO - Module EVT Risk (uniquant.risk.evt_risk) loaded successfully
2026-05-28 11:12:44 - uniquant.ui.health_check - INFO - 2026-05-28 11:12:44 - uniquant.ui.health_check - INFO - Module Data Fetcher (uniquant.data.data_fetcher) loaded successfully
2026-05-28 11:12:44 - uniquant.ui.health_check - INFO - 2026-05-28 11:12:44 - uniquant.ui.health_check - INFO - Module Storage Manager (uniquant.data.lake.storage_manager) loaded successfully
2026-05-28 11:12:44 - StorageManager - INFO - 2026-05-28 11:12:44 - StorageManager - INFO - 获取到 0 个已存储的股票代码
2026-05-28 11:12:44 - uniquant.brain.czsc.czsc_engine - WARNING - 2026-05-28 11:12:44 - uniquant.brain.czsc.czsc_engine - WARNING - open值必须为正数: -10.0
2026-05-28 11:12:44 - uniquant.brain.czsc.czsc_engine - WARNING - 2026-05-28 11:12:44 - uniquant.brain.czsc.czsc_engine - WARNING - K线数据验证失败，跳过本次分析
2026-05-28 11:12:44 - uniquant.brain.czsc.czsc_engine - WARNING - 2026-05-28 11:12:44 - uniquant.brain.czsc.czsc_engine - WARNING - 缺少必需列: {'high', 'low', 'open'}
2026-05-28 11:12:44 - uniquant.brain.czsc.czsc_engine - WARNING - 2026-05-28 11:12:44 - uniquant.brain.czsc.czsc_engine - WARNING - K线数据验证失败，跳过本次分析
2026-05-28 11:12:44 - uniquant.brain.czsc.czsc_engine - WARNING - 2026-05-28 11:12:44 - uniquant.brain.czsc.czsc_engine - WARNING - high值为NaN
2026-05-28 11:12:44 - uniquant.brain.czsc.czsc_engine - WARNING - 2026-05-28 11:12:44 - uniquant.brain.czsc.czsc_engine - WARNING - K线数据验证失败，跳过本次分析
2026-05-28 11:12:44 - uniquant.brain.czsc.czsc_engine - WARNING - 2026-05-28 11:12:44 - uniquant.brain.czsc.czsc_engine - WARNING - 价格逻辑错误: low <= close <= high 不满足
2026-05-28 11:12:44 - uniquant.brain.czsc.czsc_engine - WARNING - 2026-05-28 11:12:44 - uniquant.brain.czsc.czsc_engine - WARNING - 输入数据行为None
2026-05-28 11:12:44 - uniquant.brain.czsc.czsc_engine - WARNING - 2026-05-28 11:12:44 - uniquant.brain.czsc.czsc_engine - WARNING - K线数据验证失败，跳过本次分析
2026-05-28 11:12:44 - uniquant.brain.czsc.czsc_engine - WARNING - 2026-05-28 11:12:44 - uniquant.brain.czsc.czsc_engine - WARNING - 输入数据类型错误: <class 'str'>
2026-05-28 11:12:44 - uniquant.brain.czsc.czsc_engine - WARNING - 2026-05-28 11:12:44 - uniquant.brain.czsc.czsc_engine - WARNING - K线数据验证失败，跳过本次分析
2026-05-28 11:12:44 - uniquant.brain.czsc.czsc_engine - WARNING - 2026-05-28 11:12:44 - uniquant.brain.czsc.czsc_engine - WARNING - open值必须为正数: 0.0
2026-05-28 11:12:44 - uniquant.brain.czsc.czsc_engine - WARNING - 2026-05-28 11:12:44 - uniquant.brain.czsc.czsc_engine - WARNING - K线数据验证失败，跳过本次分析
2026-05-28 11:12:44 - uniquant.brain.czsc.czsc_engine - ERROR - 2026-05-28 11:12:44 - uniquant.brain.czsc.czsc_engine - ERROR - CZSC分析失败: boom
2026-05-28 11:12:44 - uniquant.brain.czsc.czsc_engine - ERROR - 2026-05-28 11:12:44 - uniquant.brain.czsc.czsc_engine - ERROR - Error in get_czsc_signals: 分析失败: boom
Traceback (most recent call last):
  File "/home/james/Documents/Project/UniQuant/src/uniquant/brain/czsc/czsc_engine.py", line 497, in get_czsc_signals
    analyzer = self._initialize_czsc_analyzer(bars)
               ^^^^^^^^^^^^^^^^^^^^^^^^^^^^^^^^^^^^
  File "/usr/lib/python3.12/unittest/mock.py", line 1134, in __call__
    return self._mock_call(*args, **kwargs)
           ^^^^^^^^^^^^^^^^^^^^^^^^^^^^^^^^
  File "/usr/lib/python3.12/unittest/mock.py", line 1138, in _mock_call
    return self._execute_mock_call(*args, **kwargs)
           ^^^^^^^^^^^^^^^^^^^^^^^^^^^^^^^^^^^^^^^^
  File "/usr/lib/python3.12/unittest/mock.py", line 1193, in _execute_mock_call
    raise effect
RuntimeError: boom

The above exception was the direct cause of the following exception:

Traceback (most recent call last):
  File "/home/james/Documents/Project/UniQuant/src/uniquant/shared/error_handling.py", line 85, in wrapper
    return func(*args, **kwargs)
           ^^^^^^^^^^^^^^^^^^^^^
  File "/home/james/Documents/Project/UniQuant/src/uniquant/brain/czsc/czsc_engine.py", line 507, in get_czsc_signals
    raise CZSCAnalysisError(f"分析失败: {e}") from e
uniquant.brain.czsc.czsc_engine.CZSCAnalysisError: 分析失败: boom
2026-05-28 11:12:44 - uniquant.brain.czsc.czsc_engine - WARNING - 2026-05-28 11:12:44 - uniquant.brain.czsc.czsc_engine - WARNING - 跳过异常K线 0: bad rawbar
2026-05-28 11:12:45 - MacroAnalysisService - ERROR - 2026-05-28 11:12:45 - MacroAnalysisService - ERROR - LPPL engine failed: lppl failed
2026-05-28 11:12:45 - uniquant.brain.regime.regime_detector - INFO - 2026-05-28 11:12:45 - uniquant.brain.regime.regime_detector - INFO - RegimeDetector初始化: entropy_threshold=0.1, turnover_z_limit=2.5, min_data_points=30
2026-05-28 11:12:45 - MacroAnalysisService - WARNING - 2026-05-28 11:12:45 - MacroAnalysisService - WARNING - RegimeDetector 分析失败: bad regime dependency
2026-05-28 11:12:45 - MacroAnalysisService - WARNING - 2026-05-28 11:12:45 - MacroAnalysisService - WARNING - NTFEngine 分析失败: bad ntf dependency
2026-05-28 11:12:45 - StorageManager - WARNING - 2026-05-28 11:12:45 - StorageManager - WARNING - 全量股票代码文件不存在: /tmp/pytest-of-james/pytest-11/test_scan_pipeline_load_data_s0/data/all_stock_codes.csv
2026-05-28 11:12:45 - StorageManager - INFO - 2026-05-28 11:12:45 - StorageManager - INFO - 加载了 0 个股票代码
2026-05-28 11:12:45 - StorageManager - INFO - 2026-05-28 11:12:45 - StorageManager - INFO - 初始化存储管理器，数据目录: /tmp/pytest-of-james/pytest-11/test_scan_pipeline_load_data_s0/data
2026-05-28 11:12:45 - FinancialFactorBridge - INFO - 2026-05-28 11:12:45 - FinancialFactorBridge - INFO - FinancialFactorBridge initialized with 25 field mappings
2026-05-28 11:12:45 - FactorAnalyzer - INFO - 2026-05-28 11:12:45 - FactorAnalyzer - INFO - FactorAnalyzer initialized
2026-05-28 11:12:45 - FactorAnalyzer - INFO - 2026-05-28 11:12:45 - FactorAnalyzer - INFO - FactorAnalyzer initialized
2026-05-28 11:12:45 - StockScreener - INFO - 2026-05-28 11:12:45 - StockScreener - INFO - StockScreener initialized with top_n=50
2026-05-28 11:12:45 - ScanPipeline - INFO - 2026-05-28 11:12:45 - ScanPipeline - INFO - ScanPipeline initialized with top_n=50
2026-05-28 11:12:45 - ScanPipeline - INFO - 2026-05-28 11:12:45 - ScanPipeline - INFO - Loading data for 1 symbols...
2026-05-28 11:12:45 - ScanPipeline - WARNING - 2026-05-28 11:12:45 - ScanPipeline - WARNING - Failed to load financial data for 000001.SZ: cannot read /tmp/pytest-of-james/pytest-11/test_scan_pipeline_load_data_s0/data/lake/financial/000001.SZ.parquet
2026-05-28 11:12:45 - ScanPipeline - INFO - 2026-05-28 11:12:45 - ScanPipeline - INFO - Loaded 1 daily and 0 financial datasets
2026-05-28 11:12:45 - uniquant.brain.regime.regime_detector - INFO - 2026-05-28 11:12:45 - uniquant.brain.regime.regime_detector - INFO - RegimeDetector初始化: entropy_threshold=0.1, turnover_z_limit=2.5, min_data_points=30
2026-05-28 11:12:45 - uniquant.services.analysis.regime_analysis_engine - WARNING - 2026-05-28 11:12:45 - uniquant.services.analysis.regime_analysis_engine - WARNING - RegimeDetector 分析失败: bad regime engine
2026-05-28 11:12:45 - uniquant.services.analysis.lppl_analysis_engine - WARNING - 2026-05-28 11:12:45 - uniquant.services.analysis.lppl_analysis_engine - WARNING - LPPLEngine 分析失败: LPPLEngine.__init__() got an unexpected keyword argument 'config'
2026-05-28 11:12:45 - uniquant.services.analysis.czsc_analysis_engine - ERROR - 2026-05-28 11:12:45 - uniquant.services.analysis.czsc_analysis_engine - ERROR - CZSC engine failed: czsc failed
2026-05-28 11:12:45 - uniquant.brain.regime.regime_detector - INFO - 2026-05-28 11:12:45 - uniquant.brain.regime.regime_detector - INFO - RegimeDetector初始化: entropy_threshold=0.1, turnover_z_limit=2.5, min_data_points=30
2026-05-28 11:12:45 - uniquant.brain.regime.regime_detector - INFO - 2026-05-28 11:12:45 - uniquant.brain.regime.regime_detector - INFO - RegimeDetector初始化: entropy_threshold=0.5, turnover_z_limit=2.0, min_data_points=50
2026-05-28 11:12:45 - uniquant.services.analysis.ntf_analysis_engine - WARNING - 2026-05-28 11:12:45 - uniquant.services.analysis.ntf_analysis_engine - WARNING - NTFEngine 分析失败: bad ntf engine
2026-05-28 11:12:45 - uniquant.services.analysis.report_generator_engine - ERROR - 2026-05-28 11:12:45 - uniquant.services.analysis.report_generator_engine - ERROR - 000001.SZ 报告生成失败: report failed
2026-05-28 11:12:45 - uniquant.services.analysis.report_generator_engine - ERROR - 2026-05-28 11:12:45 - uniquant.services.analysis.report_generator_engine - ERROR - 批量生成报告失败: batch failed
2026-05-28 11:12:45 - uniquant.services.analysis.report_generator_engine - ERROR - 2026-05-28 11:12:45 - uniquant.services.analysis.report_generator_engine - ERROR - 列出结果文件失败: list failed
2026-05-28 11:12:45 - TechnicalAnalysisService - ERROR - 2026-05-28 11:12:45 - TechnicalAnalysisService - ERROR - CZSC engine failed: czsc failed
2026-05-28 11:12:45 - TechnicalAnalysisService - WARNING - 2026-05-28 11:12:45 - TechnicalAnalysisService - WARNING - CZSCEngine 分析失败: bad czsc dependency
2026-05-28 11:12:45 - uniquant.services.analysis.signal_service - WARNING - 2026-05-28 11:12:45 - uniquant.services.analysis.signal_service - WARNING - FSM 分析失败: fsm failed
2026-05-28 11:12:45 - uniquant.services.analysis.signal_service - WARNING - 2026-05-28 11:12:45 - uniquant.services.analysis.signal_service - WARNING - Alpha 分析失败: test_analyze_alpha_sets_default_score_on_value_error.<locals>.raise_value_error() takes from 2 to 3 positional arguments but 4 were given
