code,volunit,decimal_point,name,pre_close,market,sector,symbol,ipo_date,is_st,has_parquet,first_date,last_date,trading_days,avg_amount_20d
600000,100,2,浦发银行,584.0299997329712,SH,上海主板,600000.SH,1999-11-10,False,True,1999-11-10,2026-05-21,6308.0,852296448.0
600004,100,2,白云机场,264.039999961853,SH,上海主板,600004.SH,2003-04-28,False,True,2003-04-28,2026-05-21,5549.0,94206015.0
600006,100,2,东风股份,6.590000152587891,SH,上海主板,600006.SH,1999-07-27,False,True,1999-07-27,2026-05-21,6386.0,137999960.8
600007,100,2,中国国贸,20.280000686645508,SH,上海主板,600007.SH,1999-03-12,False,True,1999-03-12,2026-05-21,6536.0,59030904.0
600008,100,2,首创环保,4866.0025000572205,SH,上海主板,600008.SH,2000-04-27,False,True,2000-04-27,2026-05-21,6222.0,242510227.2
600009,100,2,上海机场,28.63999938964844,SH,上海主板,600009.SH,1998-02-18,False,True,1998-02-18,2026-05-21,6795.0,261045094.8
600010,100,2,包钢股份,2178.008749961853,SH,上海主板,600010.SH,2001-03-09,False,True,2001-03-09,2026-05-21,5994.0,2294530502.4
600011,100,2,华能国际,7.539999961853027,SH,上海主板,600011.SH,2001-12-06,False,True,2001-12-06,2026-05-21,5859.0,1163489212.8
600012,100,2,皖通高速,1960.0150003433228,SH,上海主板,600012.SH,2003-01-07,False,True,2003-01-07,2026-05-21,5606.0,64869907.4
600015,100,2,华夏银行,7.179999828338623,SH,上海主板,600015.SH,2003-09-12,False,True,2003-09-12,2026-05-21,5408.0,532798992.0
600016,100,2,民生银行,7490.001874923706,SH,上海主板,600016.SH,2000-12-19,False,True,2000-12-19,2026-05-21,6097.0,614166300.8
600017,100,2,日照港,4866.012500047684,SH,上海主板,600017.SH,2006-10-17,False,True,2006-10-17,2026-05-21,4721.0,89672338.0
600018,100,2,上港集团,5.110000133514404,SH,上海主板,600018.SH,2006-10-26,False,True,2000-07-19,2026-05-21,6126.0,242271756.4
600019,100,2,宝钢股份,6.570000171661377,SH,上海主板,600019.SH,2000-12-12,False,True,2000-12-12,2026-05-21,6009.0,631267233.6
600020,100,2,中原高速,4.079999923706055,SH,上海主板,600020.SH,2003-08-08,False,True,2003-08-08,2026-05-21,5449.0,61819896.6
600021,100,2,上海电力,19.39999961853028,SH,上海主板,600021.SH,2003-10-29,False,True,2003-10-29,2026-05-21,5315.0,1110642270.4
600022,100,2,山东钢铁,1.5399999618530271,SH,上海主板,600022.SH,2004-06-29,False,True,2004-06-29,2026-05-21,4978.0,125728828.8
600023,100,2,浙能电力,5.429999828338623,SH,上海主板,600023.SH,2013-12-19,False,True,2013-12-19,2026-05-21,3017.0,612248128.0
600025,100,2,华能水电,568.0424995422363,SH,上海主板,600025.SH,2017-12-15,False,True,2017-12-15,2026-05-21,2042.0,353990222.4
600026,100,2,中远海能,23.459999084472656,SH,上海主板,600026.SH,2002-05-23,False,True,2002-05-23,2026-05-21,5666.0,1544191596.8
600027,100,2,华电国际,5.230000019073486,SH,上海主板,600027.SH,2005-02-03,False,True,2005-02-03,2026-05-21,5100.0,798251732.8
600028,100,2,中国石化,6.079999923706055,SH,上海主板,600028.SH,2001-08-08,False,True,2001-08-08,2026-05-21,5958.0,1577489260.8
600029,100,2,南方航空,5.769999980926514,SH,上海主板,600029.SH,2003-07-25,False,True,2003-07-25,2026-05-21,5439.0,667228916.8
600030,100,2,中信证券,25.299999237060547,SH,上海主板,600030.SH,2003-01-06,False,True,2003-01-06,2026-05-21,5574.0,3970221728.0
600031,100,2,三一重工,19.43000030517578,SH,上海主板,600031.SH,2003-07-03,False,True,2003-07-03,2026-05-21,5507.0,2022711596.8
600032,100,2,浙江新能,456.0299997329712,SH,上海主板,600032.SH,2021-05-25,False,True,2021-05-25,2026-05-21,1209.0,1069912419.2
600033,100,2,福建高速,6978.006875038147,SH,上海主板,600033.SH,2001-02-09,False,True,2001-02-09,2026-05-21,6087.0,76055380.2
600035,100,2,楚天高速,7810.013750076294,SH,上海主板,600035.SH,2004-03-10,False,True,2004-03-10,2026-05-21,5169.0,34261277.7
600036,100,2,招商银行,156.0,SH,上海主板,600036.SH,2002-04-09,False,True,2002-04-09,2026-05-21,5780.0,3408601779.2
600037,100,2,歌华有线,7.570000171661377,SH,上海主板,600037.SH,2001-02-08,False,True,2001-02-08,2026-05-21,6057.0,162774667.6
600038,100,2,中直股份,56.220001220703125,SH,上海主板,600038.SH,2000-12-18,False,True,2000-12-18,2026-05-21,5996.0,237060278.4
600039,100,2,四川路桥,456.0,SH,上海主板,600039.SH,2003-03-25,False,True,2003-03-25,2026-05-21,5476.0,361830504.8
600048,100,2,保利发展,6.159999847412109,SH,上海主板,600048.SH,2006-07-31,False,True,2006-07-31,2026-05-21,4786.0,863468003.2
600050,100,2,中国联通,4.690000057220459,SH,上海主板,600050.SH,2002-10-09,False,True,2002-10-09,2026-05-21,5593.0,1361183993.6
600051,100,2,宁波联合,7.510000228881836,SH,上海主板,600051.SH,1997-04-10,False,True,1997-04-10,2026-05-21,6845.0,58248959.6
600052,100,2,东望时代,8194.019999980927,SH,上海主板,600052.SH,1997-04-15,False,True,1997-04-15,2026-05-21,6726.0,227927818.8
600053,100,2,九鼎投资,1960.055000305176,SH,上海主板,600053.SH,1997-04-18,False,True,1997-04-18,2026-05-21,6500.0,87411705.2
600054,100,2,黄山旅游,1432.0474996566772,SH,上海主板,600054.SH,1997-05-06,False,True,1997-05-06,2026-05-21,6969.0,97709053.4
600055,100,2,万东医疗,1704.0249996185305,SH,上海主板,600055.SH,1997-05-19,False,True,1997-05-19,2026-05-21,6811.0,97661419.6
600056,100,2,中国医药,568.0325002670288,SH,上海主板,600056.SH,1997-05-15,False,True,1997-05-15,2026-05-21,6826.0,194356262.0
600057,100,2,厦门象屿,7.909999847412109,SH,上海主板,600057.SH,1997-06-04,False,True,1997-06-04,2026-05-21,6330.0,223933548.4
600058,100,2,五矿发展,840.0500001907349,SH,上海主板,600058.SH,1997-05-28,False,True,1997-05-28,2026-05-21,6762.0,150977958.0
600059,100,2,古越龙山,264.0,SH,上海主板,600059.SH,1997-05-16,False,True,1997-05-16,2026-05-21,6976.0,87697365.0
600060,100,2,海信视像,22.0,SH,上海主板,600060.SH,1997-04-22,False,True,1997-04-22,2026-05-21,6984.0,321073808.8
600061,100,2,国投资本,7.170000076293945,SH,上海主板,600061.SH,1997-05-19,False,True,1997-05-19,2026-05-21,6832.0,309009699.2
600062,100,2,华润双鹤,18.64999961853028,SH,上海主板,600062.SH,1997-05-22,False,True,1997-05-22,2026-05-21,6911.0,107666232.8
600063,100,2,皖维高新,6.519999980926514,SH,上海主板,600063.SH,1997-05-28,False,True,1997-05-28,2026-05-21,6890.0,263307562.4
600064,100,2,南京高科,136.05000019073486,SH,上海主板,600064.SH,1997-05-06,False,True,1997-05-06,2026-05-21,6967.0,167743260.0
600066,100,2,宇通客车,30.489999771118164,SH,上海主板,600066.SH,1997-05-08,False,True,1997-05-08,2026-05-21,6946.0,644221025.6
600067,100,2,冠城新材,7938.00250005722,SH,上海主板,600067.SH,1997-05-08,False,True,1997-05-08,2026-05-21,6969.0,113075474.4
600071,100,2,凤凰光学,19.059999465942383,SH,上海主板,600071.SH,1997-05-28,False,True,1997-05-28,2026-05-21,6768.0,86173495.8
600072,100,2,中船科技,1176.017499923706,SH,上海主板,600072.SH,1997-06-03,False,True,1997-06-03,2026-05-21,6863.0,620583052.8
600073,100,2,光明肉业,5.929999828338623,SH,上海主板,600073.SH,1997-07-04,False,True,1997-07-04,2026-05-21,6844.0,41467038.8
600075,100,2,新疆天业,6.690000057220459,SH,上海主板,600075.SH,1997-06-17,False,True,1997-06-17,2026-05-21,6763.0,173742004.8
600076,100,2,康欣新材,5570.000624895096,SH,上海主板,600076.SH,1997-05-26,False,True,1997-05-26,2026-05-21,6741.0,262346065.6
600078,100,2,澄星股份,840.039999961853,SH,上海主板,600078.SH,1997-06-27,False,True,1997-06-27,2026-05-21,6862.0,726787896.8
600080,100,2,金花股份,88.00749969482422,SH,上海主板,600080.SH,1997-06-12,False,True,1997-06-12,2026-05-21,6910.0,58332479.4
600081,100,2,东风科技,856.0074996948242,SH,上海主板,600081.SH,1997-07-03,False,True,1997-07-03,2026-05-21,6912.0,107107141.1
600082,100,2,海泰发展,6658.005000114441,SH,上海主板,600082.SH,1997-06-20,False,True,1997-06-20,2026-05-21,6909.0,85269740.8
600084,100,2,中信尼雅,6.96999979019165,SH,上海主板,600084.SH,1997-07-11,False,True,1997-07-11,2026-05-21,6547.0,42864232.6
600085,100,2,同仁堂,29.700000762939453,SH,上海主板,600085.SH,1997-06-25,False,True,1997-06-25,2026-05-21,6965.0,179878374.4
600088,100,2,中视传媒,1624.0375003814695,SH,上海主板,600088.SH,1997-06-16,False,True,1997-06-16,2026-05-21,6852.0,225987684.6
600089,100,2,特变电工,28.01000022888184,SH,上海主板,600089.SH,1997-06-18,False,True,1997-06-18,2026-05-21,6822.0,4948838848.0
600094,100,2,大名城,4.059999942779541,SH,上海主板,600094.SH,1997-07-03,False,True,1997-07-03,2026-05-21,6031.0,137276810.0
600095,100,2,湘财股份,408.0375003814697,SH,上海主板,600095.SH,1997-07-08,False,True,1997-07-08,2026-05-21,6865.0,278806832.8
600096,100,2,云天化,112.20999908447266,SH,上海主板,600096.SH,1997-07-09,False,True,1997-07-09,2026-05-21,6667.0,1827304118.4
600097,100,2,开创国际,760.022500038147,SH,上海主板,600097.SH,1997-06-19,False,True,1997-06-19,2026-05-21,6753.0,37774485.4
600098,100,2,广州发展,7.659999847412109,SH,上海主板,600098.SH,1997-07-18,False,True,1997-07-18,2026-05-21,6909.0,292230564.8
600099,100,2,林海股份,632.0124998092651,SH,上海主板,600099.SH,1997-07-04,False,True,1997-07-04,2026-05-21,6767.0,64811224.4
600100,100,2,同方股份,72.0600004196167,SH,上海主板,600100.SH,1997-06-27,False,True,1997-06-27,2026-05-21,6770.0,496004683.2
600101,100,2,明星电力,648.0299997329712,SH,上海主板,600101.SH,1997-06-27,False,True,1997-06-27,2026-05-21,6946.0,286264304.0
600103,100,2,青山纸业,6594.000624895096,SH,上海主板,600103.SH,1997-07-03,False,True,1997-07-03,2026-05-21,6853.0,1367005617.6
600104,100,2,上汽集团,1608.0299997329712,SH,上海主板,600104.SH,1997-11-25,False,True,1997-11-25,2026-05-21,6788.0,532137497.6
600105,100,2,永鼎股份,27.65999984741211,SH,上海主板,600105.SH,1997-09-29,False,True,1997-09-29,2026-05-21,6796.0,7745132147.2
600106,100,2,重庆路桥,5.429999828338623,SH,上海主板,600106.SH,1997-06-18,False,True,1997-06-18,2026-05-21,6843.0,131119568.4
600108,100,2,亚盛集团,5.079999923706055,SH,上海主板,600108.SH,1997-08-18,False,True,1997-08-18,2026-05-21,6876.0,309025561.6
600109,100,2,国金证券,168.02499961853027,SH,上海主板,600109.SH,1997-08-07,False,True,1997-08-07,2026-05-21,6798.0,318173425.6
600110,100,2,诺德股份,7.78000020980835,SH,上海主板,600110.SH,1997-10-07,False,True,1997-10-07,2026-05-21,6554.0,1781175843.2
600111,100,2,北方稀土,256.0,SH,上海主板,600111.SH,1997-09-24,False,True,1997-09-24,2026-05-21,6887.0,7837865952.0
600113,100,2,浙江东日,412.0200004577637,SH,上海主板,600113.SH,1997-10-21,False,True,1997-10-21,2026-05-21,6648.0,263807305.6
600114,100,2,东睦股份,27.89999961853028,SH,上海主板,600114.SH,2004-05-11,False,True,2004-05-11,2026-05-21,5283.0,755904764.8
600115,100,2,中国东航,4.329999923706055,SH,上海主板,600115.SH,1997-11-05,False,True,1997-11-05,2026-05-21,6715.0,898431235.2
600116,100,2,三峡水利,6.909999847412109,SH,上海主板,600116.SH,1997-08-04,False,True,1997-08-04,2026-05-21,6874.0,195466513.2
600117,100,2,西宁特钢,2562.005000114441,SH,上海主板,600117.SH,1997-10-15,False,True,1997-10-15,2026-05-21,6769.0,40022556.2
600118,100,2,中国卫星,81.6500015258789,SH,上海主板,600118.SH,1997-09-08,False,True,1997-09-08,2026-05-21,6885.0,7307946982.4
600119,100,2,长江投资,5.800000190734863,SH,上海主板,600119.SH,1998-01-15,False,True,1998-01-15,2026-05-21,6778.0,56472237.9
600120,100,2,浙江东方,5.889999866485596,SH,上海主板,600120.SH,1997-12-01,False,True,1997-12-01,2026-05-21,6649.0,317564368.8
600121,100,2,郑州煤电,5.090000152587891,SH,上海主板,600121.SH,1998-01-07,False,True,1998-01-07,2026-05-21,6681.0,204749824.0
600123,100,2,兰花科创,7.010000228881836,SH,上海主板,600123.SH,1998-12-17,False,True,1998-12-17,2026-05-21,6584.0,237661752.4
600125,100,2,铁龙物流,6.429999828338623,SH,上海主板,600125.SH,1998-05-11,False,True,1998-05-11,2026-05-21,6736.0,94183370.2
600126,100,2,杭钢股份,120.0024995803833,SH,上海主板,600126.SH,1998-03-11,False,True,1998-03-11,2026-05-21,6698.0,1671318380.8
600127,100,2,金健米业,7.010000228881836,SH,上海主板,600127.SH,1998-05-06,False,True,1998-05-06,2026-05-21,6659.0,133166313.2
600128,100,2,苏豪弘业,696.0325002670288,SH,上海主板,600128.SH,1997-09-01,False,True,1997-09-01,2026-05-21,6877.0,49614027.0
600129,100,2,太极集团,2056.090000152588,SH,上海主板,600129.SH,1997-11-18,False,True,1997-11-18,2026-05-21,6687.0,95197468.2
600131,100,2,国网信通,20.530000686645508,SH,上海主板,600131.SH,1998-04-02,False,True,1998-04-02,2026-05-21,6711.0,308537074.4
600132,100,2,重庆啤酒,432.1800003051758,SH,上海主板,600132.SH,1997-10-30,False,True,1997-10-30,2026-05-21,6780.0,231939066.4
600133,100,2,东湖高新,232.01500034332275,SH,上海主板,600133.SH,1998-02-12,False,True,1998-02-12,2026-05-21,6471.0,381076128.0
600135,100,2,乐凯胶片,696.022500038147,SH,上海主板,600135.SH,1998-01-22,False,True,1998-01-22,2026-05-21,6773.0,279647461.6
600137,100,2,浪莎股份,21.14999961853028,SH,上海主板,600137.SH,1998-04-16,False,True,1998-04-16,2026-05-21,6619.0,84609504.6
600138,100,2,中青旅,328.0200004577637,SH,上海主板,600138.SH,1997-12-03,False,True,1997-12-03,2026-05-21,6818.0,68581366.2
600141,100,2,兴发集团,31.799999237060547,SH,上海主板,600141.SH,1999-06-16,False,True,1999-06-16,2026-05-21,6393.0,1199161574.4
600143,100,2,金发科技,2040.0325002670288,SH,上海主板,600143.SH,2004-06-23,False,True,2004-06-23,2026-05-21,5181.0,1058727353.6
600148,100,2,长春一东,18.059999465942383,SH,上海主板,600148.SH,1998-05-20,False,True,1998-05-20,2026-05-21,6566.0,49961781.2
600149,100,2,廊坊发展,5.78000020980835,SH,上海主板,600149.SH,1999-10-14,False,True,1999-10-14,2026-05-21,6187.0,190256614.0
600150,100,2,中国船舶,48.150001525878906,SH,上海主板,600150.SH,1998-05-20,False,True,1998-05-20,2026-05-21,6572.0,5809268582.4
600151,100,2,航天机电,1336.0024995803833,SH,上海主板,600151.SH,1998-06-05,False,True,1998-06-05,2026-05-21,6495.0,1168118185.6
600152,100,2,维科技术,280.01749992370605,SH,上海主板,600152.SH,1998-06-09,False,True,1998-06-09,2026-05-21,6625.0,1486460038.4
600153,100,2,建发股份,280.0375003814697,SH,上海主板,600153.SH,1998-06-16,False,True,1998-06-16,2026-05-21,6475.0,270597291.2
600155,100,2,华创云信,6.550000190734863,SH,上海主板,600155.SH,1998-09-18,False,True,1998-09-18,2026-05-21,6079.0,167999180.4
600156,100,2,华升股份,88.01749992370605,SH,上海主板,600156.SH,1998-05-27,False,True,1998-05-27,2026-05-21,6683.0,767279977.0
600157,100,2,永泰能源,1.850000023841858,SH,上海主板,600157.SH,1998-05-13,False,True,1998-05-13,2026-05-21,6231.0,1443249110.4
600158,100,2,中体产业,664.017499923706,SH,上海主板,600158.SH,1998-03-27,False,True,1998-03-27,2026-05-21,6602.0,1225491342.4
600159,100,2,大龙地产,4226.008749961853,SH,上海主板,600159.SH,1998-05-26,False,True,1998-05-26,2026-05-21,6662.0,82352454.6
600160,100,2,巨化股份,84.15999984741211,SH,上海主板,600160.SH,1998-06-26,False,True,1998-06-26,2026-05-21,6647.0,1630627020.8
600161,100,2,天坛生物,1928.0100002288816,SH,上海主板,600161.SH,1998-06-16,False,True,1998-06-16,2026-05-21,6536.0,133203530.8
600162,100,2,香江控股,1.809999942779541,SH,上海主板,600162.SH,1998-06-09,False,True,1998-06-09,2026-05-21,6575.0,72512253.2
600163,100,2,中闽能源,6.539999961853027,SH,上海主板,600163.SH,1998-06-02,False,True,1998-06-02,2026-05-21,6536.0,424028842.4
600166,100,2,福田汽车,3330.007499933243,SH,上海主板,600166.SH,1998-06-02,False,True,1998-06-02,2026-05-21,6669.0,887806792.0
600167,100,2,联美控股,6.800000190734863,SH,上海主板,600167.SH,1999-01-28,False,True,1999-01-28,2026-05-21,6347.0,84495408.2
600168,100,2,武汉控股,5.230000019073486,SH,上海主板,600168.SH,1998-04-27,False,True,1998-04-27,2026-05-21,6531.0,37653217.1
600170,100,2,上海建工,3266.0131249427795,SH,上海主板,600170.SH,1998-06-23,False,True,1998-06-23,2026-05-21,6651.0,346253721.6
600171,100,2,上海贝岭,29.059999465942383,SH,上海主板,600171.SH,1998-09-24,False,True,1998-09-24,2026-05-21,6590.0,572813394.4
600172,100,2,黄河旋风,24.02750015258789,SH,上海主板,600172.SH,1998-11-26,False,True,1998-11-26,2026-05-21,6525.0,1649505244.8
600173,100,2,卧龙新能,7.670000076293945,SH,上海主板,600173.SH,1999-04-15,False,True,1999-04-15,2026-05-21,6191.0,96735649.0
600176,100,2,中国巨石,22.64999961853028,SH,上海主板,600176.SH,1999-04-22,False,True,1999-04-22,2026-05-21,6441.0,5167575756.8
600177,100,2,雅戈尔,7.869999885559082,SH,上海主板,600177.SH,1998-11-19,False,True,1998-11-19,2026-05-21,6538.0,185731005.2
600178,100,2,东安动力,744.045000076294,SH,上海主板,600178.SH,1998-10-14,False,True,1998-10-14,2026-05-21,6599.0,51515308.0
600179,100,2,安通控股,4.340000152587891,SH,上海主板,600179.SH,1998-11-04,False,True,1998-11-04,2026-05-21,6339.0,158903822.8
600180,100,2,瑞茂通,6018.00125002861,SH,上海主板,600180.SH,1998-07-03,False,True,1998-07-03,2026-05-21,6321.0,26807387.6
600182,100,2,S佳通,1560.0474996566772,SH,上海主板,600182.SH,1999-05-07,False,True,1999-05-07,2026-05-21,6153.0,38566442.8
600183,100,2,生益科技,480.2200012207031,SH,上海主板,600183.SH,1998-10-28,False,True,1998-10-28,2026-05-21,6592.0,5367748876.8
600184,100,2,光电股份,1912.022500038147,SH,上海主板,600184.SH,2003-11-06,False,True,2003-11-06,2026-05-21,5321.0,1254607152.0
600185,100,2,珠免集团,6.210000038146973,SH,上海主板,600185.SH,1999-06-11,False,True,1999-06-11,2026-05-21,6385.0,151964021.2
600186,100,2,莲花控股,6.550000190734863,SH,上海主板,600186.SH,1998-08-25,False,True,1998-08-25,2026-05-21,6471.0,3229794361.6
600187,100,2,国中水务,1.8600000143051147,SH,上海主板,600187.SH,1998-11-11,False,True,1998-11-11,2026-05-21,5775.0,80223056.5
600188,100,2,兖矿能源,21.059999465942383,SH,上海主板,600188.SH,1998-07-01,False,True,1998-07-01,2026-05-21,6683.0,1273791590.4
600189,100,2,泉阳泉,7.840000152587891,SH,上海主板,600189.SH,1998-10-07,False,True,1998-10-07,2026-05-21,6324.0,110386550.4
600191,100,2,华资实业,1016.0424995422364,SH,上海主板,600191.SH,1998-12-10,False,True,1998-12-10,2026-05-21,6384.0,107844145.6
600192,100,2,长城电工,200.02000045776367,SH,上海主板,600192.SH,1998-12-24,False,True,1998-12-24,2026-05-21,6578.0,96909773.8
600195,100,2,中牧股份,7.599999904632568,SH,上海主板,600195.SH,1999-01-07,False,True,1999-01-07,2026-05-21,6495.0,77147654.2
600196,100,2,复星医药,24.86000061035156,SH,上海主板,600196.SH,1998-08-07,False,True,1998-08-07,2026-05-21,6649.0,496285273.6
600197,100,2,伊力特,1112.0474996566772,SH,上海主板,600197.SH,1999-09-16,False,True,1999-09-16,2026-05-21,6410.0,56933382.0
600198,100,2,大唐电信,72.02999973297119,SH,上海主板,600198.SH,1998-10-21,False,True,1998-10-21,2026-05-21,6399.0,518813509.2
600199,100,2,金种子酒,88.05749988555908,SH,上海主板,600199.SH,1998-08-12,False,True,1998-08-12,2026-05-21,6635.0,97402905.4
600201,100,2,生物股份,1688.0375003814695,SH,上海主板,600201.SH,1999-01-15,False,True,1999-01-15,2026-05-21,6533.0,464368319.2
600202,100,2,哈空调,5.860000133514404,SH,上海主板,600202.SH,1999-06-03,False,True,1999-06-03,2026-05-21,6373.0,68352970.8
600203,100,2,福日电子,776.0,SH,上海主板,600203.SH,1999-05-14,False,True,1999-05-14,2026-05-21,6078.0,341178866.4
600206,100,2,有研新材,20.63999938964844,SH,上海主板,600206.SH,1999-03-19,False,True,1999-03-19,2026-05-21,6448.0,2782666380.8
600207,100,2,安彩高科,5.71999979019165,SH,上海主板,600207.SH,1999-07-14,False,True,1999-07-14,2026-05-21,6333.0,276074508.0
600208,100,2,衢州发展,5186.01437497139,SH,上海主板,600208.SH,1999-06-23,False,True,1999-06-23,2026-05-21,6322.0,1482190818.6
600210,100,2,紫江企业,6.980000019073486,SH,上海主板,600210.SH,1999-08-24,False,True,1999-08-24,2026-05-21,6392.0,164594108.8
600211,100,2,西藏药业,196.1699981689453,SH,上海主板,600211.SH,1999-07-21,False,True,1999-07-21,2026-05-21,6263.0,145578486.8
600212,100,2,绿能慧充,7.460000038146973,SH,上海主板,600212.SH,1999-08-17,False,True,1999-08-17,2026-05-21,5941.0,132781184.6
600215,100,2,派斯林,6.739999771118164,SH,上海主板,600215.SH,1999-09-09,False,True,1999-09-09,2026-05-21,6281.0,86180997.0
600216,100,2,浙江医药,1848.012499809265,SH,上海主板,600216.SH,1999-10-21,False,True,1999-10-21,2026-05-21,6362.0,251584181.6
600217,100,2,中再资环,7362.0131249427795,SH,上海主板,600217.SH,1999-12-16,False,True,1999-12-16,2026-05-21,5902.0,49091616.6
600218,100,2,全柴动力,408.0074996948242,SH,上海主板,600218.SH,1998-12-03,False,True,1998-12-03,2026-05-21,6560.0,65403757.0
600219,100,2,南山铝业,6.0,SH,上海主板,600219.SH,1999-12-23,False,True,1999-12-23,2026-05-21,6226.0,1185849414.4
600221,100,2,海航控股,1.4700000286102295,SH,上海主板,600221.SH,1999-11-25,False,True,1999-11-25,2026-05-21,6148.0,669914227.2
600222,100,2,太龙药业,7.059999942779541,SH,上海主板,600222.SH,1999-11-05,False,True,1999-11-05,2026-05-21,6275.0,199214666.8
600223,100,2,福瑞达,6.820000171661377,SH,上海主板,600223.SH,2000-01-13,False,True,2000-01-13,2026-05-21,6232.0,49263553.8
600226,100,2,亨通股份,4.769999980926514,SH,上海主板,600226.SH,1999-11-16,False,True,1999-11-16,2026-05-21,5905.0,483813193.6
600227,100,2,赤天化,4.260000228881836,SH,上海主板,600227.SH,2000-02-21,False,True,2000-02-21,2026-05-21,5995.0,714056961.6
600229,100,2,城市传媒,6.070000171661377,SH,上海主板,600229.SH,2000-03-09,False,True,2000-03-09,2026-05-21,6153.0,27500706.45
600230,100,2,沧州大化,17.1200008392334,SH,上海主板,600230.SH,2000-04-06,False,True,2000-04-06,2026-05-21,6212.0,276935575.2
600231,100,2,凌钢股份,66.01437497138977,SH,上海主板,600231.SH,2000-05-11,False,True,2000-05-11,2026-05-21,6175.0,44708380.8
600232,100,2,金鹰股份,7.579999923706055,SH,上海主板,600232.SH,2000-06-02,False,True,2000-06-02,2026-05-21,6075.0,89416927.6
600233,100,2,圆通速递,19.86000061035156,SH,上海主板,600233.SH,2000-06-08,False,True,2000-06-08,2026-05-21,6156.0,508531857.6
600234,100,2,科新发展,1496.057499885559,SH,上海主板,600234.SH,2000-06-15,False,True,2000-06-15,2026-05-21,5783.0,271444908.0
600235,100,2,民丰特纸,6.570000171661377,SH,上海主板,600235.SH,2000-06-15,False,True,2000-06-15,2026-05-21,6216.0,53104612.6
600236,100,2,桂冠电力,344.0074996948242,SH,上海主板,600236.SH,2000-03-23,False,True,2000-03-23,2026-05-21,6146.0,397822364.8
600237,100,2,铜峰电子,168.00500011444092,SH,上海主板,600237.SH,2000-06-09,False,True,2000-06-09,2026-05-21,6156.0,237614924.8
600239,100,2,云南城投,706.0081250667572,SH,上海主板,600239.SH,1999-12-02,False,True,1999-12-02,2026-05-21,5858.0,54806781.5
600241,100,2,时代万恒,264.0200004577637,SH,上海主板,600241.SH,2000-11-28,False,True,2000-11-28,2026-05-21,5905.0,78546068.6
600246,100,2,万通发展,600.017499923706,SH,上海主板,600246.SH,2000-09-22,False,True,2000-09-22,2026-05-21,5865.0,1695996750.4
600248,100,2,陕建股份,6146.009999990463,SH,上海主板,600248.SH,2000-06-22,False,True,2000-06-22,2026-05-21,5601.0,100828590.3
600249,100,2,两面针,5.880000114440918,SH,上海主板,600249.SH,2004-01-30,False,True,2004-01-30,2026-05-21,5362.0,106370488.2
600250,100,2,南京商旅,920.0375003814696,SH,上海主板,600250.SH,2001-03-06,False,True,2001-03-06,2026-05-21,5857.0,139071181.6
600251,100,2,冠农股份,648.0200004577637,SH,上海主板,600251.SH,2003-06-09,False,True,2003-06-09,2026-05-21,5477.0,229466421.6
600252,100,2,中恒集团,1922.0112500190733,SH,上海主板,600252.SH,2000-11-30,False,True,2000-11-30,2026-05-21,6048.0,83430339.6
600255,100,2,鑫科材料,5250.008749961853,SH,上海主板,600255.SH,2000-11-22,False,True,2000-11-22,2026-05-21,5821.0,171448580.4
600256,100,2,广汇能源,7.119999885559082,SH,上海主板,600256.SH,2000-05-26,False,True,2000-05-26,2026-05-21,6186.0,1252000096.0
600257,100,2,大湖股份,6.289999961853027,SH,上海主板,600257.SH,2000-06-12,False,True,2000-06-12,2026-05-21,6047.0,92388368.0
600258,100,2,首旅酒店,17.209999084472656,SH,上海主板,600258.SH,2000-06-01,False,True,2000-06-01,2026-05-21,5916.0,275737772.8
600259,100,2,中稀有色,79.69999694824219,SH,上海主板,600259.SH,2000-05-25,False,True,2000-05-25,2026-05-21,5683.0,1747144400.0
600261,100,2,阳光照明,7170.0,SH,上海主板,600261.SH,2000-07-20,False,True,2000-07-20,2026-05-21,6213.0,157530073.8
600262,100,2,北方股份,24.700000762939453,SH,上海主板,600262.SH,2000-06-30,False,True,2000-06-30,2026-05-21,6213.0,184292905.6
600266,100,2,城建发展,5.090000152587891,SH,上海主板,600266.SH,1999-02-03,False,True,1999-02-03,2026-05-21,6524.0,211914045.6
600267,100,2,海正药业,584.0600004196167,SH,上海主板,600267.SH,2000-07-25,False,True,2000-07-25,2026-05-21,6148.0,324936689.6
600268,100,2,国电南自,1496.0074996948242,SH,上海主板,600268.SH,1999-11-18,False,True,1999-11-18,2026-05-21,6313.0,528483210.4
600269,100,2,赣粤高速,4.900000095367432,SH,上海主板,600269.SH,2000-05-18,False,True,2000-05-18,2026-05-21,6214.0,59439887.4
600271,100,2,航天信息,232.0349998474121,SH,上海主板,600271.SH,2003-07-11,False,True,2003-07-11,2026-05-21,5362.0,170192477.6
600272,100,2,开开实业,1192.045000076294,SH,上海主板,600272.SH,2001-02-28,False,True,2001-02-28,2026-05-21,6023.0,32217063.1
600273,100,2,嘉化能源,280.0574998855591,SH,上海主板,600273.SH,2003-06-27,False,True,2003-06-27,2026-05-21,5305.0,173831687.2
600276,100,2,恒瑞医药,400.1399993896485,SH,上海主板,600276.SH,2000-10-18,False,True,2000-10-18,2026-05-21,6158.0,4642182016.0
600278,100,2,东方创业,7.510000228881836,SH,上海主板,600278.SH,2000-07-12,False,True,2000-07-12,2026-05-21,6161.0,61882288.2
600279,100,2,重庆港,5.099999904632568,SH,上海主板,600279.SH,2000-07-31,False,True,2000-07-31,2026-05-21,6126.0,46886877.4
600280,100,2,中央商场,4994.0112500190735,SH,上海主板,600280.SH,2000-09-26,False,True,2000-09-26,2026-05-21,6066.0,61264802.2
600281,100,2,华阳新材,5.190000057220459,SH,上海主板,600281.SH,2000-11-09,False,True,2000-11-09,2026-05-21,6031.0,45399886.6
600282,100,2,南钢股份,5.329999923706055,SH,上海主板,600282.SH,2000-09-19,False,True,2000-09-19,2026-05-21,6086.0,219475550.8
600283,100,2,钱江水利,328.0600004196167,SH,上海主板,600283.SH,2000-10-18,False,True,2000-10-18,2026-05-21,6135.0,43385606.8
600284,100,2,浦东建设,7.110000133514404,SH,上海主板,600284.SH,2004-03-16,False,True,2004-03-16,2026-05-21,5276.0,199616902.4
600285,100,2,羚锐制药,22.489999771118164,SH,上海主板,600285.SH,2000-10-18,False,True,2000-10-18,2026-05-21,6105.0,187262776.4
600287,100,2,苏豪时尚,5.610000133514404,SH,上海主板,600287.SH,2000-09-01,False,True,2000-09-01,2026-05-21,6143.0,34853442.8
600288,100,2,大恒科技,1688.017499923706,SH,上海主板,600288.SH,2000-11-29,False,True,2000-11-29,2026-05-21,6056.0,176718047.2
600292,100,2,电投水电,1592.0124998092651,SH,上海主板,600292.SH,2000-11-01,False,True,2000-11-01,2026-05-21,6040.0,295780687.2
600293,100,2,三峡新材,5122.0,SH,上海主板,600293.SH,2000-09-19,False,True,2000-09-19,2026-05-21,5999.0,90335070.4
600295,100,2,鄂尔多斯,1768.0550003051758,SH,上海主板,600295.SH,2001-04-26,False,True,2001-04-26,2026-05-21,5866.0,140887031.6
600298,100,2,安琪酵母,160.1699981689453,SH,上海主板,600298.SH,2000-08-18,False,True,2000-08-18,2026-05-21,6167.0,330733739.2
600299,100,2,安迪苏,1496.017499923706,SH,上海主板,600299.SH,2000-04-20,False,True,2000-04-20,2026-05-21,6048.0,235693244.4
600300,100,2,维维股份,5954.006875038147,SH,上海主板,600300.SH,2000-06-30,False,True,2000-06-30,2026-05-21,6180.0,128235783.6
600301,100,2,华锡有色,312.0699996948242,SH,上海主板,600301.SH,2000-07-12,False,True,2000-07-12,2026-05-21,6101.0,889970316.8
600302,100,2,标准股份,984.017499923706,SH,上海主板,600302.SH,2000-12-13,False,True,2000-12-13,2026-05-21,6083.0,102333010.9
600303,100,2,曙光股份,4418.011874914169,SH,上海主板,600303.SH,2000-12-26,False,True,2000-12-26,2026-05-21,6008.0,83210248.2
600305,100,2,恒顺醋业,7.659999847412109,SH,上海主板,600305.SH,2001-02-06,False,True,2001-02-06,2026-05-21,6071.0,45351952.5
600307,100,2,酒钢宏兴,514.0050001144409,SH,上海主板,600307.SH,2000-12-20,False,True,2000-12-20,2026-05-21,6068.0,122134366.4
600308,100,2,华泰股份,7362.0131249427795,SH,上海主板,600308.SH,2000-09-28,False,True,2000-09-28,2026-05-21,6147.0,98754159.4
600309,100,2,万华化学,77.0,SH,上海主板,600309.SH,2001-01-05,False,True,2001-01-05,2026-05-21,5953.0,2790816832.0
600310,100,2,广西能源,4.880000114440918,SH,上海主板,600310.SH,2001-02-28,False,True,2001-02-28,2026-05-21,6038.0,866843206.4
600312,100,2,平高电气,21.030000686645508,SH,上海主板,600312.SH,2001-02-21,False,True,2001-02-21,2026-05-21,5939.0,676645051.2
600313,100,2,农发种业,7.909999847412109,SH,上海主板,600313.SH,2001-01-19,False,True,2001-01-19,2026-05-21,5359.0,300496811.2
600315,100,2,上海家化,22.0,SH,上海主板,600315.SH,2001-03-15,False,True,2001-03-15,2026-05-21,5801.0,131856888.4
600316,100,2,洪都航空,96.22999954223631,SH,上海主板,600316.SH,2000-12-15,False,True,2000-12-15,2026-05-21,6029.0,499663718.4
600318,100,2,新力金融,24.00749969482422,SH,上海主板,600318.SH,2000-12-08,False,True,2000-12-08,2026-05-21,5553.0,93297321.8
600319,100,2,亚星化学,7.460000038146973,SH,上海主板,600319.SH,2001-03-26,False,True,2001-03-26,2026-05-21,5679.0,50018132.2
600320,100,2,振华重工,4.650000095367432,SH,上海主板,600320.SH,2000-12-21,False,True,2000-12-21,2026-05-21,6086.0,361907792.0
600322,100,2,津投城开,1666.0037500858307,SH,上海主板,600322.SH,2001-09-10,False,True,2001-09-10,2026-05-21,5921.0,93174504.4
600323,100,2,瀚蓝环境,30.38999938964844,SH,上海主板,600323.SH,2000-12-25,False,True,2000-12-25,2026-05-21,6024.0,229919973.2
600325,100,2,华发股份,7554.006249904633,SH,上海主板,600325.SH,2004-02-25,False,True,2004-02-25,2026-05-21,5313.0,203935213.6
600326,100,2,西藏天路,376.0424995422363,SH,上海主板,600326.SH,2001-01-16,False,True,2001-01-16,2026-05-21,6070.0,247214495.2
600327,100,2,大东方,7810.003750085831,SH,上海主板,600327.SH,2002-06-25,False,True,2002-06-25,2026-05-21,5735.0,50200916.6
600328,100,2,中盐化工,536.0474996566772,SH,上海主板,600328.SH,2000-12-22,False,True,2000-12-22,2026-05-21,5882.0,330796252.8
600329,100,2,达仁堂,192.22000122070312,SH,上海主板,600329.SH,2001-06-06,False,True,2001-06-06,2026-05-21,5995.0,166394163.6
600330,100,2,天通股份,16.440000534057617,SH,上海主板,600330.SH,2001-01-18,False,True,2001-01-18,2026-05-21,5963.0,6111431782.4
600331,100,2,宏达股份,1880.0474996566768,SH,上海主板,600331.SH,2001-12-20,False,True,2001-12-20,2026-05-21,5601.0,1200086960.0
600332,100,2,白云山,25.1200008392334,SH,上海主板,600332.SH,2001-02-06,False,True,2001-02-06,2026-05-21,5897.0,219736928.4
600333,100,2,长春燃气,5.590000152587891,SH,上海主板,600333.SH,2000-12-11,False,True,2000-12-11,2026-05-21,6070.0,108172013.2
600335,100,2,国机汽车,6.010000228881836,SH,上海主板,600335.SH,2001-03-05,False,True,2001-03-05,2026-05-21,5779.0,69765555.6
600336,100,2,澳柯玛,7.289999961853027,SH,上海主板,600336.SH,2000-12-29,False,True,2000-12-29,2026-05-21,6065.0,108336427.8
600337,100,2,美克家居,2050.0,SH,上海主板,600337.SH,2000-11-27,False,True,2000-11-27,2026-05-21,6045.0,212106966.1
600338,100,2,西藏珠峰,1944.0474996566768,SH,上海主板,600338.SH,2000-12-27,False,True,2000-12-27,2026-05-21,5709.0,2437067651.2
600339,100,2,中油工程,8194.010000228882,SH,上海主板,600339.SH,2000-12-25,False,True,2000-12-25,2026-05-21,5935.0,470377222.4
600340,100,2,华夏幸福,1.4600000381469729,SH,上海主板,600340.SH,2003-12-30,False,True,2003-12-30,2026-05-21,5228.0,124274480.9
600343,100,2,航天动力,30.5,SH,上海主板,600343.SH,2003-04-08,False,True,2003-04-08,2026-05-21,5542.0,1704441465.6
600345,100,2,长江通信,108.1500015258789,SH,上海主板,600345.SH,2000-12-22,False,True,2000-12-22,2026-05-21,6046.0,1013236969.6
600346,100,2,恒力石化,20.700000762939453,SH,上海主板,600346.SH,2001-08-20,False,True,2001-08-20,2026-05-21,5647.0,922110198.4
600348,100,2,华阳股份,360.0249996185303,SH,上海主板,600348.SH,2003-08-21,False,True,2003-08-21,2026-05-21,5472.0,534665296.0
600350,100,2,山东高速,600.017499923706,SH,上海主板,600350.SH,2002-03-18,False,True,2002-03-18,2026-05-21,5777.0,73992260.6
600351,100,2,亚宝药业,6.449999809265137,SH,上海主板,600351.SH,2002-09-26,False,True,2002-09-26,2026-05-21,5649.0,149068326.0
600352,100,2,浙江龙盛,1304.0474996566772,SH,上海主板,600352.SH,2003-08-01,False,True,2003-08-01,2026-05-21,5453.0,561364225.6
600353,100,2,旭光电子,1736.0100002288818,SH,上海主板,600353.SH,2002-11-20,False,True,2002-11-20,2026-05-21,5548.0,1074519276.8
600354,100,2,敦煌种业,6.849999904632568,SH,上海主板,600354.SH,2004-01-15,False,True,2004-01-15,2026-05-21,5284.0,106897302.4
600356,100,2,恒丰纸业,184.05249977111816,SH,上海主板,600356.SH,2001-04-19,False,True,2001-04-19,2026-05-21,5955.0,80290538.0
600359,100,2,新农开发,6.96999979019165,SH,上海主板,600359.SH,1999-04-29,False,True,1999-04-29,2026-05-21,6374.0,70314062.8
600361,100,2,创新新材,4.260000228881836,SH,上海主板,600361.SH,2001-11-29,False,True,2001-11-29,2026-05-21,5838.0,270707416.0
600362,100,2,江西铜业,240.0,SH,上海主板,600362.SH,2002-01-11,False,True,2002-01-11,2026-05-21,5828.0,2350748598.4
600363,100,2,联创光电,352.2200012207031,SH,上海主板,600363.SH,2001-03-29,False,True,2001-03-29,2026-05-21,5909.0,680648515.2
600366,100,2,宁波韵升,968.0500001907347,SH,上海主板,600366.SH,2000-10-30,False,True,2000-10-30,2026-05-21,6087.0,388257892.8
600367,100,2,红星发展,23.71999931335449,SH,上海主板,600367.SH,2001-03-20,False,True,2001-03-20,2026-05-21,6066.0,892778860.8
600368,100,2,五洲交通,7874.008125066757,SH,上海主板,600368.SH,2000-12-21,False,True,2000-12-21,2026-05-21,6083.0,61099730.7
600369,100,2,西南证券,4.260000228881836,SH,上海主板,600369.SH,2001-01-09,False,True,2001-01-09,2026-05-21,5664.0,159985778.0
600370,100,2,三房巷,3906.006875038147,SH,上海主板,600370.SH,2003-03-06,False,True,2003-03-06,2026-05-21,5499.0,111749264.0
600371,100,2,万向德农,184.02250003814697,SH,上海主板,600371.SH,2002-09-16,False,True,2002-09-16,2026-05-21,5634.0,44723451.6
600372,100,2,中航机载,1336.0024995803833,SH,上海主板,600372.SH,2001-07-06,False,True,2001-07-06,2026-05-21,5533.0,574512862.4
600373,100,2,中文传媒,168.05500030517578,SH,上海主板,600373.SH,2002-03-04,False,True,2002-03-04,2026-05-21,5628.0,82353491.8
600375,100,2,汉马科技,5.25,SH,上海主板,600375.SH,2003-04-01,False,True,2003-04-01,2026-05-21,5306.0,116376136.0
600376,100,2,首开股份,5.340000152587891,SH,上海主板,600376.SH,2001-03-12,False,True,2001-03-12,2026-05-21,5970.0,323473288.8
600377,100,2,宁沪高速,1112.017499923706,SH,上海主板,600377.SH,2001-01-16,False,True,2001-01-16,2026-05-21,6066.0,104093525.6
600378,100,2,昊华科技,31.5,SH,上海主板,600378.SH,2001-01-11,False,True,2001-01-11,2026-05-21,5896.0,752393875.2
600379,100,2,宝光股份,872.0249996185303,SH,上海主板,600379.SH,2002-01-16,False,True,2002-01-16,2026-05-21,5450.0,891553666.4
600380,100,2,健康元,760.022500038147,SH,上海主板,600380.SH,2001-06-08,False,True,2001-06-08,2026-05-21,5904.0,151912558.8
600382,100,2,广东明珠,7.960000038146973,SH,上海主板,600382.SH,2001-01-18,False,True,2001-01-18,2026-05-21,6039.0,224712535.2
600383,100,2,金地集团,3842.012500047684,SH,上海主板,600383.SH,2001-04-12,False,True,2001-04-12,2026-05-21,5950.0,244665770.8
600386,100,2,北巴传媒,8002.006875038147,SH,上海主板,600386.SH,2001-02-16,False,True,2001-02-16,2026-05-21,6024.0,65681444.2
600388,100,2,龙净环保,18.020000457763672,SH,上海主板,600388.SH,2000-12-29,False,True,2000-12-29,2026-05-21,6075.0,348525347.2
600389,100,2,江山股份,28.6200008392334,SH,上海主板,600389.SH,2001-01-10,False,True,2001-01-10,2026-05-21,5939.0,234845103.2
600390,100,2,五矿资本,5.489999771118164,SH,上海主板,600390.SH,2001-01-15,False,True,2001-01-15,2026-05-21,5947.0,150619883.6
600391,100,2,航发科技,152.0099983215332,SH,上海主板,600391.SH,2001-12-12,False,True,2001-12-12,2026-05-21,5842.0,766913585.6
600392,100,2,盛和资源,22.25,SH,上海主板,600392.SH,2003-05-29,False,True,2003-05-29,2026-05-21,5232.0,1980304192.0
600395,100,2,盘江股份,5.940000057220459,SH,上海主板,600395.SH,2001-05-31,False,True,2001-05-31,2026-05-21,5922.0,192111576.8
600396,100,2,华电辽能,6.260000228881836,SH,上海主板,600396.SH,2001-03-28,False,True,2001-03-28,2026-05-21,5934.0,3666423398.4
600397,100,2,江钨装备,1928.0100002288816,SH,上海主板,600397.SH,2002-07-02,False,True,2002-07-02,2026-05-21,5618.0,612299440.0
600398,100,2,海澜之家,6.099999904632568,SH,上海主板,600398.SH,2000-12-28,False,True,2000-12-28,2026-05-21,6024.0,214986024.0
600399,100,2,抚顺特钢,6.050000190734863,SH,上海主板,600399.SH,2000-12-29,False,True,2000-12-29,2026-05-21,5842.0,227399034.4
600400,100,2,红豆股份,450.0106248855591,SH,上海主板,600400.SH,2001-01-08,False,True,2001-01-08,2026-05-21,5965.0,314352033.0
600403,100,2,大有能源,6.210000038146973,SH,上海主板,600403.SH,2003-10-09,False,True,2003-10-09,2026-05-21,5317.0,107393867.6
600405,100,2,动力源,5.75,SH,上海主板,600405.SH,2004-04-01,False,True,2004-04-01,2026-05-21,5310.0,64188943.2
600406,100,2,国电南瑞,27.39999961853028,SH,上海主板,600406.SH,2003-10-16,False,True,2003-10-16,2026-05-21,5279.0,3214154828.8
600408,100,2,安泰集团,4.230000019073486,SH,上海主板,600408.SH,2003-02-12,False,True,2003-02-12,2026-05-21,5348.0,136212529.6
600409,100,2,三友化工,7.019999980926514,SH,上海主板,600409.SH,2003-06-18,False,True,2003-06-18,2026-05-21,5470.0,378607233.6
600410,100,2,华胜天成,25.18000030517578,SH,上海主板,600410.SH,2004-04-27,False,True,2004-04-27,2026-05-21,5210.0,3070869228.8
600415,100,2,小商品城,1368.027500152588,SH,上海主板,600415.SH,2002-05-09,False,True,2002-05-09,2026-05-21,5705.0,1873953456.0
600416,100,2,湘电股份,1320.005000114441,SH,上海主板,600416.SH,2002-07-18,False,True,2002-07-18,2026-05-21,5658.0,334151242.4
600418,100,2,江淮汽车,268.1500015258789,SH,上海主板,600418.SH,2001-08-24,False,True,2001-08-24,2026-05-21,5820.0,2281007417.6
600419,100,2,天润乳业,264.05000019073486,SH,上海主板,600419.SH,2001-06-28,False,True,2001-06-28,2026-05-21,5650.0,48985179.2
600420,100,2,国药现代,616.045000076294,SH,上海主板,600420.SH,2004-06-16,False,True,2004-06-16,2026-05-21,5161.0,70245896.2
600422,100,2,昆药集团,952.022500038147,SH,上海主板,600422.SH,2000-12-06,False,True,2000-12-06,2026-05-21,6064.0,94086755.6
600423,100,2,柳化股份,6786.013750076294,SH,上海主板,600423.SH,2003-07-17,False,True,2003-07-17,2026-05-21,5208.0,79688172.4
600425,100,2,青松建化,4.239999771118164,SH,上海主板,600425.SH,2003-07-24,False,True,2003-07-24,2026-05-21,5466.0,77077977.2
600426,100,2,华鲁恒升,88.04999923706055,SH,上海主板,600426.SH,2002-06-20,False,True,2002-06-20,2026-05-21,5750.0,999024502.4
600428,100,2,中远海特,7.989999771118164,SH,上海主板,600428.SH,2002-04-18,False,True,2002-04-18,2026-05-21,5679.0,343948852.0
600429,100,2,三元股份,5.659999847412109,SH,上海主板,600429.SH,2003-09-15,False,True,2003-09-15,2026-05-21,5241.0,141677959.6
600433,100,2,冠豪高新,6082.005625009537,SH,上海主板,600433.SH,2003-06-19,False,True,2003-06-19,2026-05-21,5242.0,632031484.0
600435,100,2,北方导航,1704.005000114441,SH,上海主板,600435.SH,2003-07-04,False,True,2003-07-04,2026-05-21,5295.0,363274278.4
600436,100,2,片仔癀,156.27999877929688,SH,上海主板,600436.SH,2003-06-16,False,True,2003-06-16,2026-05-21,5511.0,473885976.0
600438,100,2,通威股份,18.459999084472656,SH,上海主板,600438.SH,2004-03-02,False,True,2004-03-02,2026-05-21,5186.0,1079404310.4
600439,100,2,瑞贝卡,2306.007499933243,SH,上海主板,600439.SH,2003-07-10,False,True,2003-07-10,2026-05-21,5496.0,50744073.4
600444,100,2,国机通用,17.399999618530273,SH,上海主板,600444.SH,2004-02-19,False,True,2004-02-19,2026-05-21,5180.0,53659672.1
600446,100,2,金证股份,1368.0074996948242,SH,上海主板,600446.SH,2003-12-24,False,True,2003-12-24,2026-05-21,5247.0,422004601.6
600448,100,2,华纺股份,4738.003750085831,SH,上海主板,600448.SH,2001-09-03,False,True,2001-09-03,2026-05-21,5855.0,87977567.8
600449,100,2,宁夏建材,1368.027500152588,SH,上海主板,600449.SH,2003-08-29,False,True,2003-08-29,2026-05-21,5389.0,137651328.8
600452,100,2,涪陵电力,1224.0500001907349,SH,上海主板,600452.SH,2004-03-03,False,True,2004-03-03,2026-05-21,5277.0,751703039.2
600455,100,2,博通股份,26.059999465942383,SH,上海主板,600455.SH,2004-03-29,False,True,2004-03-29,2026-05-21,4642.0,67713461.6
600456,100,2,宝钛股份,52.220001220703125,SH,上海主板,600456.SH,2002-04-12,False,True,2002-04-12,2026-05-21,5799.0,358713956.0
600458,100,2,时代新材,1464.0424995422363,SH,上海主板,600458.SH,2002-12-19,False,True,2002-12-19,2026-05-21,5502.0,157253189.2
600459,100,2,贵研铂业,19.64999961853028,SH,上海主板,600459.SH,2003-05-16,False,True,2003-05-16,2026-05-21,5517.0,481650795.2
600460,100,2,士兰微,27.13999938964844,SH,上海主板,600460.SH,2003-03-11,False,True,2003-03-11,2026-05-21,5501.0,1948465718.4
600461,100,2,洪城环境,536.0275001525879,SH,上海主板,600461.SH,2004-06-01,False,True,2004-06-01,2026-05-21,5145.0,101228702.0
600463,100,2,空港股份,504.05249977111816,SH,上海主板,600463.SH,2004-03-18,False,True,2004-03-18,2026-05-21,5312.0,43820757.4
600467,100,2,好当家,1730.0081250667572,SH,上海主板,600467.SH,2004-04-05,False,True,2004-04-05,2026-05-21,5321.0,73426622.6
600468,100,2,百利电气,168.02499961853027,SH,上海主板,600468.SH,2001-06-15,False,True,2001-06-15,2026-05-21,5738.0,260595386.4
600469,100,2,风神股份,6.769999980926514,SH,上海主板,600469.SH,2003-10-21,False,True,2003-10-21,2026-05-21,5253.0,84857544.8
600470,100,2,六国化工,6.800000190734863,SH,上海主板,600470.SH,2004-03-05,False,True,2004-03-05,2026-05-21,5341.0,206835618.8
600475,100,2,华光环能,17.739999771118164,SH,上海主板,600475.SH,2003-07-21,False,True,2003-07-21,2026-05-21,5354.0,349359188.8
600476,100,2,湘邮科技,728.0574998855591,SH,上海主板,600476.SH,2003-12-10,False,True,2003-12-10,2026-05-21,5382.0,81479465.4
600477,100,2,杭萧钢构,4930.006875038147,SH,上海主板,600477.SH,2003-11-10,False,True,2003-11-10,2026-05-21,5352.0,119818825.2
600478,100,2,科力远,7.119999885559082,SH,上海主板,600478.SH,2003-09-18,False,True,2003-09-18,2026-05-21,5236.0,428277984.0
600479,100,2,千金药业,696.0524997711182,SH,上海主板,600479.SH,2004-03-12,False,True,2004-03-12,2026-05-21,5323.0,87563260.8
600480,100,2,凌云股份,520.0200004577637,SH,上海主板,600480.SH,2003-08-15,False,True,2003-08-15,2026-05-21,5315.0,521194289.6
600481,100,2,双良节能,6.869999885559082,SH,上海主板,600481.SH,2003-04-22,False,True,2003-04-22,2026-05-21,5416.0,918301066.4
600482,100,2,中国动力,31.020000457763672,SH,上海主板,600482.SH,2004-07-14,False,True,2004-07-14,2026-05-21,5103.0,1790868713.6
600483,100,2,福能股份,632.0124998092651,SH,上海主板,600483.SH,2004-05-31,False,True,2004-05-31,2026-05-21,5196.0,361041652.8
600486,100,2,扬农化工,70.9000015258789,SH,上海主板,600486.SH,2002-04-25,False,True,2002-04-25,2026-05-21,5786.0,418135380.0
600487,100,2,亨通光电,204.2299995422364,SH,上海主板,600487.SH,2003-08-22,False,True,2003-08-22,2026-05-21,5341.0,13008988134.4
600488,100,2,津药药业,8194.0,SH,上海主板,600488.SH,2001-06-18,False,True,2001-06-18,2026-05-21,5894.0,917965008.0
600489,100,2,中金黄金,26.07999992370605,SH,上海主板,600489.SH,2003-08-14,False,True,2003-08-14,2026-05-21,5442.0,1632914985.6
600490,100,2,鹏欣资源,7.53000020980835,SH,上海主板,600490.SH,2003-06-26,False,True,2003-06-26,2026-05-21,5006.0,492663899.2
600491,100,2,龙元建设,3778.008125066757,SH,上海主板,600491.SH,2004-05-24,False,True,2004-05-24,2026-05-21,5277.0,122464964.1
600493,100,2,凤竹纺织,7.03000020980835,SH,上海主板,600493.SH,2004-04-21,False,True,2004-04-21,2026-05-21,5302.0,55798436.4
600495,100,2,晋西车轴,4.380000114440918,SH,上海主板,600495.SH,2004-05-26,False,True,2004-05-26,2026-05-21,5265.0,54973812.8
600496,100,2,精工钢构,4.050000190734863,SH,上海主板,600496.SH,2002-06-05,False,True,2002-06-05,2026-05-21,5719.0,276460517.6
600497,100,2,驰宏锌锗,24.037500381469727,SH,上海主板,600497.SH,2004-04-20,False,True,2004-04-20,2026-05-21,5073.0,1878431462.4
600498,100,2,烽火通信,228.0099983215332,SH,上海主板,600498.SH,2001-08-23,False,True,2001-08-23,2026-05-21,5902.0,6575125260.8
600499,100,2,科达制造,1928.039999961853,SH,上海主板,600499.SH,2002-10-10,False,True,2002-10-10,2026-05-21,5446.0,714846153.6
600500,100,2,中化国际,4.289999961853027,SH,上海主板,600500.SH,2000-03-01,False,True,2000-03-01,2026-05-21,6262.0,532705365.2
600501,100,2,航天晨光,22.84000015258789,SH,上海主板,600501.SH,2001-06-15,False,True,2001-06-15,2026-05-21,5982.0,204473078.0
600502,100,2,安徽建工,4.71999979019165,SH,上海主板,600502.SH,2003-04-15,False,True,2003-04-15,2026-05-21,5418.0,201948057.6
600503,100,2,华丽家族,1794.0025000572205,SH,上海主板,600503.SH,2002-07-09,False,True,2002-07-09,2026-05-21,5418.0,81451933.4
600505,100,2,西昌电力,1688.0375003814695,SH,上海主板,600505.SH,2002-05-30,False,True,2002-05-30,2026-05-21,5715.0,169154026.4
600506,100,2,统一股份,20.809999465942383,SH,上海主板,600506.SH,2001-12-26,False,True,2001-12-26,2026-05-21,5611.0,210700773.4
600507,100,2,方大特钢,5.96999979019165,SH,上海主板,600507.SH,2003-09-30,False,True,2003-09-30,2026-05-21,5386.0,216091133.2
600508,100,2,上海能源,1336.0325002670288,SH,上海主板,600508.SH,2001-08-29,False,True,2001-08-29,2026-05-21,5949.0,121301567.6
600509,100,2,天富能源,232.05500030517572,SH,上海主板,600509.SH,2002-02-28,False,True,2002-02-28,2026-05-21,5787.0,711828153.6
600510,100,2,黑牡丹,72.03999996185303,SH,上海主板,600510.SH,2002-06-18,False,True,2002-06-18,2026-05-21,5693.0,275610042.8
600511,100,2,国药股份,29.40999984741211,SH,上海主板,600511.SH,2002-11-27,False,True,2002-11-27,2026-05-21,5479.0,132985764.0
600512,100,2,腾达建设,1538.0150001049042,SH,上海主板,600512.SH,2002-12-26,False,True,2002-12-26,2026-05-21,5553.0,81414531.8
600513,100,2,联环药业,22.440000534057617,SH,上海主板,600513.SH,2003-03-19,False,True,2003-03-19,2026-05-21,5545.0,424095811.2
600515,100,2,海南机场,6914.012500047684,SH,上海主板,600515.SH,2002-08-06,False,True,2002-08-06,2026-05-21,5261.0,371240721.6
600516,100,2,方大炭素,5.820000171661377,SH,上海主板,600516.SH,2002-08-30,False,True,2002-08-30,2026-05-21,5599.0,364740316.0
600517,100,2,国网英大,6.650000095367432,SH,上海主板,600517.SH,2003-10-10,False,True,2003-10-10,2026-05-21,5305.0,199809496.8
600518,100,2,康美药业,1.7899999618530271,SH,上海主板,600518.SH,2001-03-19,False,True,2001-03-19,2026-05-21,5993.0,240781135.2
600519,100,2,贵州茅台,1445.0,SH,上海主板,600519.SH,2001-08-27,False,True,2001-08-27,2026-05-21,5923.0,6266402508.8
600520,100,2,三佳科技,25.43000030517578,SH,上海主板,600520.SH,2002-01-08,False,True,2002-01-08,2026-05-21,5713.0,404423007.2
600521,100,2,华海药业,1864.0500001907349,SH,上海主板,600521.SH,2003-03-04,False,True,2003-03-04,2026-05-21,5572.0,456407172.0
600522,100,2,中天科技,25.700000762939453,SH,上海主板,600522.SH,2002-10-24,False,True,2002-10-24,2026-05-21,5589.0,12192073881.6
600523,100,2,贵航股份,1544.0100002288818,SH,上海主板,600523.SH,2001-12-27,False,True,2001-12-27,2026-05-21,5773.0,61053184.2
600526,100,2,菲达环保,5.409999847412109,SH,上海主板,600526.SH,2002-07-22,False,True,2002-07-22,2026-05-21,5686.0,73542678.7
600527,100,2,江南高纤,1026.0099999904633,SH,上海主板,600527.SH,2003-11-27,False,True,2003-11-27,2026-05-21,5410.0,455914169.6
600528,100,2,中铁工业,7.96999979019165,SH,上海主板,600528.SH,2001-05-28,False,True,2001-05-28,2026-05-21,5930.0,116216454.4
600529,100,2,山东药玻,19.100000381469727,SH,上海主板,600529.SH,2002-06-03,False,True,2002-06-03,2026-05-21,5730.0,124452347.2
600530,100,2,交大昂立,5.309999942779541,SH,上海主板,600530.SH,2001-07-02,False,True,2001-07-02,2026-05-21,5767.0,186754093.0
600531,100,2,豫光金铅,1384.034999847412,SH,上海主板,600531.SH,2002-07-30,False,True,2002-07-30,2026-05-21,5705.0,1406414089.6
600533,100,2,栖霞建设,1986.0056250095367,SH,上海主板,600533.SH,2002-03-28,False,True,2002-03-28,2026-05-21,5684.0,52277438.3
600535,100,2,天士力,1576.0249996185305,SH,上海主板,600535.SH,2002-08-23,False,True,2002-08-23,2026-05-21,5693.0,176856394.6
600536,100,2,中国软件,132.13999938964844,SH,上海主板,600536.SH,2002-05-17,False,True,2002-05-17,2026-05-21,5758.0,782452483.2
600537,100,2,亿晶光电,5634.015000104904,SH,上海主板,600537.SH,2003-01-23,False,True,2003-01-23,2026-05-21,5532.0,357590467.2
600538,100,2,国发股份,6.099999904632568,SH,上海主板,600538.SH,2003-01-14,False,True,2003-01-14,2026-05-21,5429.0,154736958.4
600539,100,2,狮头股份,888.0124998092651,SH,上海主板,600539.SH,2001-08-24,False,True,2001-08-24,2026-05-21,5664.0,486280778.4
600540,100,2,新赛股份,4.760000228881836,SH,上海主板,600540.SH,2004-01-07,False,True,2004-01-07,2026-05-21,5282.0,176972656.6
600543,100,2,莫高股份,4.789999961853027,SH,上海主板,600543.SH,2004-03-24,False,True,2004-03-24,2026-05-21,5304.0,40363775.55
600545,100,2,卓郎智能,7298.008749961853,SH,上海主板,600545.SH,2003-12-03,False,True,2003-12-03,2026-05-21,5281.0,916801379.2
600546,100,2,山煤国际,968.0200004577636,SH,上海主板,600546.SH,2003-07-31,False,True,2003-07-31,2026-05-21,5397.0,417749164.0
600547,100,2,山东黄金,152.18999862670898,SH,上海主板,600547.SH,2003-08-28,False,True,2003-08-28,2026-05-21,5278.0,1956129600.0
600548,100,2,深高速,328.01000022888184,SH,上海主板,600548.SH,2001-12-25,False,True,2001-12-25,2026-05-21,5856.0,24116054.6
600549,100,2,厦门钨业,388.0699996948242,SH,上海主板,600549.SH,2002-11-07,False,True,2002-11-07,2026-05-21,5649.0,3751438329.6
600550,100,2,保变电气,1944.007499694824,SH,上海主板,600550.SH,2001-02-28,False,True,2001-02-28,2026-05-21,5947.0,1053542403.2
600551,100,2,时代出版,40.015000343322754,SH,上海主板,600551.SH,2002-09-05,False,True,2002-09-05,2026-05-21,5532.0,63594853.2
600552,100,2,凯盛科技,1128.0150003433228,SH,上海主板,600552.SH,2002-11-08,False,True,2002-11-08,2026-05-21,5384.0,1384381436.8
600556,100,2,天下秀,6.010000228881836,SH,上海主板,600556.SH,2001-08-07,False,True,2001-08-07,2026-05-21,4348.0,310446997.6
600557,100,2,康缘药业,1528.0024995803833,SH,上海主板,600557.SH,2002-09-18,False,True,2002-09-18,2026-05-21,5678.0,88892542.4
600558,100,2,大西洋,5.659999847412109,SH,上海主板,600558.SH,2001-02-27,False,True,2001-02-27,2026-05-21,5970.0,101804332.0
600559,100,2,老白干酒,1576.0550003051758,SH,上海主板,600559.SH,2002-10-29,False,True,2002-10-29,2026-05-21,5419.0,168682008.8
600560,100,2,金自天正,1768.034999847412,SH,上海主板,600560.SH,2002-09-19,False,True,2002-09-19,2026-05-21,5698.0,46993245.8
600561,100,2,江西长运,6.460000038146973,SH,上海主板,600561.SH,2002-07-16,False,True,2002-07-16,2026-05-21,5670.0,43095596.7
600562,100,2,国睿科技,25.270000457763672,SH,上海主板,600562.SH,2003-01-28,False,True,2003-01-28,2026-05-21,5543.0,354694976.8
600563,100,2,法拉电子,124.5999984741211,SH,上海主板,600563.SH,2002-12-10,False,True,2002-12-10,2026-05-21,5650.0,1138563971.2
600566,100,2,济川药业,28.38999938964844,SH,上海主板,600566.SH,2001-08-22,False,True,2001-08-22,2026-05-21,5826.0,198399234.8
600567,100,2,山鹰国际,1.590000033378601,SH,上海主板,600567.SH,2001-12-18,False,True,2001-12-18,2026-05-21,5796.0,115700914.2
600569,100,2,安阳钢铁,1346.001874923706,SH,上海主板,600569.SH,2001-08-20,False,True,2001-08-20,2026-05-21,5860.0,45838266.1
600570,100,2,恒生电子,26.100000381469727,SH,上海主板,600570.SH,2003-12-16,False,True,2003-12-16,2026-05-21,5340.0,810054648.0
600571,100,2,信雅达,1496.057499885559,SH,上海主板,600571.SH,2002-11-01,False,True,2002-11-01,2026-05-21,5505.0,115242886.4
600572,100,2,康恩贝,4.320000171661377,SH,上海主板,600572.SH,2004-04-12,False,True,2004-04-12,2026-05-21,5154.0,246499744.4
600573,100,2,惠泉啤酒,1016.0024995803832,SH,上海主板,600573.SH,2003-02-26,False,True,2003-02-26,2026-05-21,5602.0,190307209.2
600575,100,2,淮河能源,4.099999904632568,SH,上海主板,600575.SH,2003-03-28,False,True,2003-03-28,2026-05-21,5211.0,348664072.0
600576,100,2,祥源文旅,6.21999979019165,SH,上海主板,600576.SH,2003-02-20,False,True,2003-02-20,2026-05-21,5141.0,82561513.2
600577,100,2,精达股份,1192.0150003433228,SH,上海主板,600577.SH,2002-09-11,False,True,2002-09-11,2026-05-21,5453.0,864860614.4
600578,100,2,京能电力,5.420000076293945,SH,上海主板,600578.SH,2002-05-10,False,True,2002-05-10,2026-05-21,5637.0,1054540964.8
600579,100,2,中化装备,7.960000038146973,SH,上海主板,600579.SH,2002-08-09,False,True,2002-08-09,2026-05-21,5336.0,45624777.5
600580,100,2,卧龙电驱,120.20000076293944,SH,上海主板,600580.SH,2002-06-06,False,True,2002-06-06,2026-05-21,5672.0,1906760339.2
600581,100,2,八一钢铁,2818.012500047684,SH,上海主板,600581.SH,2002-08-16,False,True,2002-08-16,2026-05-21,5543.0,66049136.2
600582,100,2,天地科技,6.010000228881836,SH,上海主板,600582.SH,2002-05-15,False,True,2002-05-15,2026-05-21,5722.0,144397553.2
600583,100,2,海油工程,6.71999979019165,SH,上海主板,600583.SH,2002-02-05,False,True,2002-02-05,2026-05-21,5833.0,305283782.4
600584,100,2,长电科技,192.02999877929688,SH,上海主板,600584.SH,2003-06-03,False,True,2003-06-03,2026-05-21,5268.0,8797842912.0
600585,100,2,海螺水泥,23.63999938964844,SH,上海主板,600585.SH,2002-02-07,False,True,2002-02-07,2026-05-21,5831.0,772301817.6
600586,100,2,金晶科技,5.949999809265137,SH,上海主板,600586.SH,2002-08-15,False,True,2002-08-15,2026-05-21,5695.0,300079189.6
600587,100,2,新华医疗,1704.0550003051758,SH,上海主板,600587.SH,2002-09-27,False,True,2002-09-27,2026-05-21,5545.0,80271658.0
600588,100,2,用友网络,1128.0249996185305,SH,上海主板,600588.SH,2001-05-18,False,True,2001-05-18,2026-05-21,6006.0,645624174.4
600589,100,2,大位科技,616.0349998474121,SH,上海主板,600589.SH,2001-06-12,False,True,2001-06-12,2026-05-21,5844.0,2646789177.6
600590,100,2,泰豪科技,1656.022500038147,SH,上海主板,600590.SH,2002-07-03,False,True,2002-07-03,2026-05-21,5508.0,879311878.4
600592,100,2,龙溪股份,20.07999992370605,SH,上海主板,600592.SH,2002-08-05,False,True,2002-08-05,2026-05-21,5657.0,195204549.2
600593,100,2,大连圣亚,88.13999938964844,SH,上海主板,600593.SH,2002-07-11,False,True,2002-07-11,2026-05-21,5663.0,131594455.2
600594,100,2,益佰制药,6850.008125066757,SH,上海主板,600594.SH,2004-03-23,False,True,2004-03-23,2026-05-21,5324.0,227218034.8
600595,100,2,中孚实业,7.039999961853027,SH,上海主板,600595.SH,2002-06-26,False,True,2002-06-26,2026-05-21,5643.0,612072190.4
600596,100,2,新安股份,744.0150003433228,SH,上海主板,600596.SH,2001-09-06,False,True,2001-09-06,2026-05-21,5910.0,341015504.8
600597,100,2,光明乳业,7.659999847412109,SH,上海主板,600597.SH,2002-08-28,False,True,2002-08-28,2026-05-21,5601.0,45232104.8
600598,100,2,北大荒,16.510000228881836,SH,上海主板,600598.SH,2002-03-29,False,True,2002-03-29,2026-05-21,5757.0,390444136.8
600600,100,2,青岛啤酒,520.060001373291,SH,上海主板,600600.SH,1993-08-27,False,True,1993-08-27,2026-05-21,7849.0,355310884.0
600601,100,2,方正科技,520.0,SH,上海主板,600601.SH,1990-12-19,False,True,1992-01-03,2026-05-21,8292.0,3392290182.4
600602,100,2,云赛智联,21.71999931335449,SH,上海主板,600602.SH,1990-12-19,False,True,1992-01-03,2026-05-21,8016.0,1304407264.0
600603,100,2,广汇物流,7.880000114440918,SH,上海主板,600603.SH,1992-01-13,False,True,1992-01-13,2026-05-21,7854.0,103270126.8
600604,100,2,市北高新,5.699999809265137,SH,上海主板,600604.SH,1992-03-27,False,True,1992-04-10,2026-05-21,8068.0,105891488.6
600605,100,2,汇通能源,28.3799991607666,SH,上海主板,600605.SH,1992-03-27,False,True,1992-04-29,2026-05-21,8138.0,220634360.0
600606,100,2,绿地控股,1.600000023841858,SH,上海主板,600606.SH,1992-03-27,False,True,1992-04-10,2026-05-21,7877.0,234672667.2
600609,100,2,金杯汽车,4.230000019073486,SH,上海主板,600609.SH,1992-07-24,False,True,1992-07-24,2026-05-21,7931.0,67977162.8
600610,100,2,中毅达,456.0299997329712,SH,上海主板,600610.SH,1992-08-05,False,True,1992-08-05,2026-05-21,7245.0,404223317.6
600611,100,2,大众交通,5.059999942779541,SH,上海主板,600611.SH,1992-08-07,False,True,1992-08-07,2026-05-21,8156.0,149623882.8
600612,100,2,老凤祥,180.0999984741211,SH,上海主板,600612.SH,1992-08-14,False,True,1992-08-14,2026-05-21,8117.0,49058378.5
600613,100,2,神奇制药,5.820000171661377,SH,上海主板,600613.SH,1992-08-20,False,True,1992-08-20,2026-05-21,7903.0,56687938.2
600615,100,2,鑫源智造,904.0200004577636,SH,上海主板,600615.SH,1992-09-10,False,True,1992-09-10,2026-05-21,7752.0,51260270.0
600616,100,2,金枫酒业,5.050000190734863,SH,上海主板,600616.SH,1992-09-29,False,True,1992-09-29,2026-05-21,8095.0,39448002.5
600617,100,2,国新能源,8130.005625009537,SH,上海主板,600617.SH,1992-10-13,False,True,1992-10-13,2026-05-21,7642.0,209171050.8
600618,100,2,氯碱化工,1208.0424995422363,SH,上海主板,600618.SH,1992-11-13,False,True,1992-11-12,2026-05-21,8090.0,177423705.2
600619,100,2,海立股份,17.0,SH,上海主板,600619.SH,1992-11-16,False,True,1992-11-13,2026-05-21,8012.0,611328915.2
600620,100,2,天宸股份,6.260000228881836,SH,上海主板,600620.SH,1992-11-17,False,True,1992-11-16,2026-05-21,8025.0,46628851.4
600621,100,2,华鑫股份,1880.007499694824,SH,上海主板,600621.SH,1992-12-02,False,True,1992-12-02,2026-05-21,8013.0,188828620.8
600622,100,2,光大嘉宝,2562.015000104904,SH,上海主板,600622.SH,1992-12-03,False,True,1992-12-03,2026-05-21,8048.0,53896675.8
600623,100,2,华谊集团,536.0474996566772,SH,上海主板,600623.SH,1992-12-04,False,True,1992-12-04,2026-05-21,7965.0,312544359.6
600626,100,2,申达股份,4.239999771118164,SH,上海主板,600626.SH,1993-01-07,False,True,1993-01-07,2026-05-21,7974.0,83972878.4
600628,100,2,新世界,7.480000019073486,SH,上海主板,600628.SH,1993-01-19,False,True,1993-01-19,2026-05-21,8017.0,68699418.8
600629,100,2,华建集团,21.11000061035156,SH,上海主板,600629.SH,1993-02-09,False,True,1993-02-09,2026-05-21,7313.0,497837164.8
600630,100,2,龙头股份,7.960000038146973,SH,上海主板,600630.SH,1993-02-09,False,True,1993-02-09,2026-05-21,8004.0,55518849.4
600633,100,2,浙数文化,1192.0249996185305,SH,上海主板,600633.SH,1993-03-04,False,True,1993-03-04,2026-05-21,6937.0,835488852.0
600635,100,2,大众公用,5.880000114440918,SH,上海主板,600635.SH,1993-03-04,False,True,1993-03-04,2026-05-21,7973.0,287967219.2
600637,100,2,东方明珠,488.0249996185303,SH,上海主板,600637.SH,1993-03-16,False,True,1993-03-16,2026-05-21,7655.0,787753585.6
600638,100,2,新黄浦,6.239999771118164,SH,上海主板,600638.SH,1993-03-26,False,True,1993-03-26,2026-05-21,7994.0,105061505.0
600639,100,2,浦东金桥,792.0275001525879,SH,上海主板,600639.SH,1993-03-26,False,True,1993-03-26,2026-05-21,7954.0,97359098.8
600640,100,2,国脉文化,1064.0249996185305,SH,上海主板,600640.SH,1993-04-07,False,True,1993-04-07,2026-05-21,7858.0,174103360.8
600641,100,2,先导基电,19.06999969482422,SH,上海主板,600641.SH,1993-04-07,False,True,1993-04-07,2026-05-21,7742.0,1925280870.4
600642,100,2,申能股份,280.0275001525879,SH,上海主板,600642.SH,1993-04-16,False,True,1993-04-16,2026-05-21,7981.0,340998334.4
600643,100,2,爱建集团,5.079999923706055,SH,上海主板,600643.SH,1993-04-26,False,True,1993-04-26,2026-05-21,7687.0,116163725.0
600644,100,2,乐山电力,1240.0375003814695,SH,上海主板,600644.SH,1993-04-26,False,True,1993-04-26,2026-05-21,7925.0,456908323.2
600645,100,2,中源协和,29.979999542236328,SH,上海主板,600645.SH,1993-05-04,False,True,1993-05-04,2026-05-21,7550.0,261153466.4
600648,100,2,外高桥,632.0024995803833,SH,上海主板,600648.SH,1993-05-04,False,True,1993-05-04,2026-05-21,7842.0,30495355.0
600649,100,2,城投控股,4.539999961853027,SH,上海主板,600649.SH,1993-05-18,False,True,1993-05-18,2026-05-21,7560.0,110858422.4
600650,100,2,锦江在线,1384.005000114441,SH,上海主板,600650.SH,1993-06-07,False,True,1993-06-07,2026-05-21,7934.0,60162413.1
600651,100,2,飞乐音响,7.119999885559082,SH,上海主板,600651.SH,1990-12-19,False,True,1992-01-02,2026-05-21,8200.0,169447943.2
600653,100,2,申华控股,1.7899999618530271,SH,上海主板,600653.SH,1990-12-19,False,True,1992-01-03,2026-05-21,8053.0,38970226.0
600654,100,2,中安科,5634.015000104904,SH,上海主板,600654.SH,1990-12-19,False,True,1992-01-03,2026-05-21,7792.0,660752616.0
600655,100,2,豫园股份,4.800000190734863,SH,上海主板,600655.SH,1992-09-02,False,True,1992-09-02,2026-05-21,7776.0,62219905.4
600657,100,2,信达地产,4610.005000114441,SH,上海主板,600657.SH,1993-05-24,False,True,1993-05-24,2026-05-21,7631.0,81894172.0
600658,100,2,电子城,4.75,SH,上海主板,600658.SH,1993-05-24,False,True,1993-05-24,2026-05-21,7914.0,123056167.6
600660,100,2,福耀玻璃,428.2099990844727,SH,上海主板,600660.SH,1993-06-10,False,True,1993-06-10,2026-05-21,7942.0,901245020.8
600661,100,2,昂立教育,424.0349998474121,SH,上海主板,600661.SH,1993-06-14,False,True,1993-06-14,2026-05-21,7825.0,55898160.2
600662,100,2,外服控股,5.239999771118164,SH,上海主板,600662.SH,1993-06-14,False,True,1993-06-14,2026-05-21,7867.0,73989211.2
600663,100,2,陆家嘴,7.75,SH,上海主板,600663.SH,1993-06-28,False,True,1993-06-28,2026-05-21,7813.0,121857470.6
600664,100,2,哈药股份,5890.0025000572205,SH,上海主板,600664.SH,1993-06-29,False,True,1993-06-29,2026-05-21,7712.0,483547860.0
600665,100,2,天地源,5442.011874914169,SH,上海主板,600665.SH,1993-07-09,False,True,1993-07-12,2026-05-21,7825.0,45095684.3
600666,100,2,奥瑞德,4.389999866485596,SH,上海主板,600666.SH,1993-07-12,False,True,1993-07-12,2026-05-21,7474.0,1997559484.8
600667,100,2,太极实业,680.0550003051758,SH,上海主板,600667.SH,1993-07-28,False,True,1993-07-28,2026-05-21,7715.0,2393116899.2
600668,100,2,尖峰集团,600.0375003814697,SH,上海主板,600668.SH,1993-07-28,False,True,1993-07-28,2026-05-21,7919.0,125496821.0
600671,100,2,天目药业,21.21999931335449,SH,上海主板,600671.SH,1993-08-23,False,True,1993-08-23,2026-05-21,7424.0,39842772.2
600673,100,2,东阳光,31.65999984741211,SH,上海主板,600673.SH,1993-09-17,False,True,1993-09-17,2026-05-21,7429.0,3259715913.6
600674,100,2,川投能源,1944.0375003814693,SH,上海主板,600674.SH,1993-09-24,False,True,1993-09-24,2026-05-21,7749.0,505493524.8
600675,100,2,中华企业,2946.0012500286102,SH,上海主板,600675.SH,1993-09-24,False,True,1993-09-24,2026-05-21,7603.0,68971637.8
600676,100,2,交运股份,7.449999809265137,SH,上海主板,600676.SH,1993-09-28,False,True,1993-09-28,2026-05-21,7815.0,163136802.4
600678,100,2,四川金顶,648.0100002288818,SH,上海主板,600678.SH,1993-10-08,False,True,1993-10-08,2026-05-21,7360.0,229479516.3
600679,100,2,上海凤凰,920.0574998855592,SH,上海主板,600679.SH,1993-10-08,False,True,1993-10-08,2026-05-21,7779.0,36791047.7
600681,100,2,百川能源,4.570000171661377,SH,上海主板,600681.SH,1993-10-18,False,True,1993-10-18,2026-05-21,6757.0,95788955.0
600682,100,2,南京新百,6.579999923706055,SH,上海主板,600682.SH,1993-10-18,False,True,1993-10-18,2026-05-21,7419.0,84649898.0
600683,100,2,京投发展,728.0474996566772,SH,上海主板,600683.SH,1993-10-25,False,True,1993-10-25,2026-05-21,7794.0,719234819.2
600684,100,2,珠江股份,5.139999866485596,SH,上海主板,600684.SH,1993-10-28,False,True,1993-10-28,2026-05-21,7864.0,66954881.0
600685,100,2,中船防务,30.229999542236328,SH,上海主板,600685.SH,1993-10-28,False,True,1993-10-28,2026-05-21,7552.0,721253036.8
600686,100,2,金龙汽车,2024.045000076294,SH,上海主板,600686.SH,1993-11-08,False,True,1993-11-08,2026-05-21,7744.0,359424622.4
600688,100,2,上海石化,3906.006875038147,SH,上海主板,600688.SH,1993-11-08,False,True,1993-11-08,2026-05-21,7783.0,195095802.4
600689,100,2,上海三毛,1208.0124998092651,SH,上海主板,600689.SH,1993-11-08,False,True,1993-11-08,2026-05-21,7601.0,41093487.2
600690,100,2,海尔智家,24.51000022888184,SH,上海主板,600690.SH,1993-11-19,False,True,1993-11-19,2026-05-21,7727.0,1248804185.6
600691,100,2,潞化科技,7554.006249904633,SH,上海主板,600691.SH,1993-11-19,False,True,1993-11-19,2026-05-21,7548.0,198883511.2
600692,100,2,亚通股份,7.769999980926514,SH,上海主板,600692.SH,1993-11-19,False,True,1993-11-19,2026-05-21,7820.0,82967970.4
600693,100,2,东百集团,760.0325002670288,SH,上海主板,600693.SH,1993-11-22,False,True,1993-11-22,2026-05-21,7799.0,635947642.4
600694,100,2,大商股份,17.110000610351562,SH,上海主板,600694.SH,1993-11-22,False,True,1993-11-22,2026-05-21,7762.0,93320968.4
600697,100,2,欧亚集团,1000.0550003051758,SH,上海主板,600697.SH,1993-12-06,False,True,1993-12-06,2026-05-21,7811.0,43780938.5
600698,100,2,湖南天雁,7.110000133514404,SH,上海主板,600698.SH,1993-12-06,False,True,1993-12-06,2026-05-21,7145.0,145672938.8
600699,100,2,均胜电子,23.75,SH,上海主板,600699.SH,1993-12-06,False,True,1993-12-06,2026-05-21,7412.0,2227373472.0
600702,100,2,舍得酒业,272.1500015258789,SH,上海主板,600702.SH,1996-05-24,False,True,1996-05-24,2026-05-21,7165.0,234624900.0
600703,100,2,三安光电,16.540000915527344,SH,上海主板,600703.SH,1996-05-28,False,True,1996-05-28,2026-05-21,6880.0,4962856268.8
600704,100,2,物产中大,5.210000038146973,SH,上海主板,600704.SH,1996-06-06,False,True,1996-06-06,2026-05-21,7001.0,274002624.0
600706,100,2,曲江文旅,488.0249996185303,SH,上海主板,600706.SH,1996-05-16,False,True,1996-05-16,2026-05-21,7133.0,54393827.5
600707,100,2,彩虹股份,5.96999979019165,SH,上海主板,600707.SH,1996-05-20,False,True,1996-05-20,2026-05-21,7088.0,1747170806.4
600708,100,2,光明地产,6338.003124952316,SH,上海主板,600708.SH,1996-06-06,False,True,1996-06-06,2026-05-21,7144.0,142189913.6
600710,100,2,苏美达,1176.017499923706,SH,上海主板,600710.SH,1996-07-01,False,True,1996-07-01,2026-05-21,6729.0,235535336.8
600711,100,2,盛屯矿业,904.0100002288818,SH,上海主板,600711.SH,1996-05-31,False,True,1996-05-31,2026-05-21,6859.0,1600383193.6
600712,100,2,南宁百货,6.210000038146973,SH,上海主板,600712.SH,1996-06-26,False,True,1996-06-26,2026-05-21,7151.0,53775986.5
600713,100,2,南京医药,5.170000076293945,SH,上海主板,600713.SH,1996-07-01,False,True,1996-07-01,2026-05-21,7154.0,113078037.4
600714,100,2,金瑞矿业,19.84000015258789,SH,上海主板,600714.SH,1996-06-06,False,True,1996-06-06,2026-05-21,6983.0,564592782.4
600715,100,2,文投控股,66.00437498092651,SH,上海主板,600715.SH,1996-07-01,False,True,1996-07-01,2026-05-21,6913.0,116253810.0
600716,100,2,凤凰股份,4.380000114440918,SH,上海主板,600716.SH,1996-07-02,False,True,1996-07-02,2026-05-21,6972.0,46553925.7
600717,100,2,天津港,4.659999847412109,SH,上海主板,600717.SH,1996-06-14,False,True,1996-06-14,2026-05-21,7174.0,120855054.4
600718,100,2,东软集团,312.022500038147,SH,上海主板,600718.SH,1996-06-18,False,True,1996-06-18,2026-05-21,7168.0,133482586.8
600719,100,2,大连热电,6.659999847412109,SH,上海主板,600719.SH,1996-07-16,False,True,1996-07-16,2026-05-21,6964.0,509969060.0
600720,100,2,中交设计,7.059999942779541,SH,上海主板,600720.SH,1996-07-16,False,True,1996-07-16,2026-05-21,7123.0,44489821.8
600721,100,2,百花医药,280.0275001525879,SH,上海主板,600721.SH,1996-06-26,False,True,1996-06-26,2026-05-21,6647.0,82940665.4
600722,100,2,金牛化工,16.139999389648438,SH,上海主板,600722.SH,1996-06-26,False,True,1996-06-26,2026-05-21,6835.0,929227934.4
600724,100,2,宁波富达,5.889999866485596,SH,上海主板,600724.SH,1996-07-16,False,True,1996-07-16,2026-05-21,7057.0,105862775.8
600725,100,2,云维股份,4.570000171661377,SH,上海主板,600725.SH,1996-07-02,False,True,1996-07-02,2026-05-21,6794.0,90671800.4
600726,100,2,华电能源,5.519999980926514,SH,上海主板,600726.SH,1996-07-01,False,True,1996-07-01,2026-05-21,7127.0,2719404774.4
600727,100,2,鲁北化工,7.019999980926514,SH,上海主板,600727.SH,1996-07-02,False,True,1996-07-02,2026-05-21,6712.0,221041601.6
600728,100,2,佳都科技,5.900000095367432,SH,上海主板,600728.SH,1996-07-16,False,True,1996-07-16,2026-05-21,6800.0,217874205.6
600729,100,2,重庆百货,22.64999961853028,SH,上海主板,600729.SH,1996-07-02,False,True,1996-07-02,2026-05-21,6903.0,63194389.8
600730,100,2,中国高科,232.02499961853027,SH,上海主板,600730.SH,1996-07-26,False,True,1996-07-26,2026-05-21,7021.0,312262809.15
600731,100,2,湖南海利,7.050000190734863,SH,上海主板,600731.SH,1996-08-02,False,True,1996-08-02,2026-05-21,7131.0,70986203.4
600732,100,2,爱旭股份,1736.0600004196167,SH,上海主板,600732.SH,1996-08-16,False,True,1996-08-16,2026-05-21,6565.0,676677296.0
600733,100,2,北汽蓝谷,7.460000038146973,SH,上海主板,600733.SH,1996-08-16,False,True,1996-08-16,2026-05-21,6620.0,529064086.4
600734,100,2,实达集团,7426.007499933243,SH,上海主板,600734.SH,1996-08-08,False,True,1996-08-08,2026-05-21,6176.0,355058305.0
600736,100,2,苏州高新,6.190000057220459,SH,上海主板,600736.SH,1996-08-15,False,True,1996-08-15,2026-05-21,7026.0,1362719954.4
600737,100,2,中粮糖业,1784.0524997711182,SH,上海主板,600737.SH,1996-07-31,False,True,1996-07-31,2026-05-21,7095.0,548238806.4
600738,100,2,丽尚国潮,4.78000020980835,SH,上海主板,600738.SH,1996-08-02,False,True,1996-08-02,2026-05-21,7000.0,48338154.4
600739,100,2,辽宁成大,920.0375003814696,SH,上海主板,600739.SH,1996-08-19,False,True,1996-08-19,2026-05-21,6990.0,145288227.2
600740,100,2,山西焦化,4.5,SH,上海主板,600740.SH,1996-08-08,False,True,1996-08-08,2026-05-21,6996.0,188561688.8
600741,100,2,华域汽车,18.5,SH,上海主板,600741.SH,1996-08-26,False,True,1996-08-26,2026-05-21,7042.0,434496250.4
600742,100,2,富维股份,600.0574998855591,SH,上海主板,600742.SH,1996-08-26,False,True,1996-08-26,2026-05-21,7145.0,88462271.4
600743,100,2,华远控股,1.950000047683716,SH,上海主板,600743.SH,1996-09-09,False,True,1996-09-09,2026-05-21,6731.0,294128296.0
600744,100,2,华银电力,72.05000019073486,SH,上海主板,600744.SH,1996-09-05,False,True,1996-09-04,2026-05-21,7023.0,1830126854.4
600745,100,2,闻泰科技,44.02000045776367,SH,上海主板,600745.SH,1996-08-28,False,True,1996-08-28,2026-05-21,6341.0,642387386.25
600746,100,2,江苏索普,24.05749988555908,SH,上海主板,600746.SH,1996-09-18,False,True,1996-09-18,2026-05-21,7039.0,141302882.8
600748,100,2,上实发展,4.849999904632568,SH,上海主板,600748.SH,1996-09-25,False,True,1996-09-25,2026-05-21,7001.0,178529679.2
600749,100,2,西藏旅游,2056.1200008392334,SH,上海主板,600749.SH,1996-10-15,False,True,1996-10-15,2026-05-21,6837.0,287395830.4
600750,100,2,华润江中,27.14999961853028,SH,上海主板,600750.SH,1996-09-23,False,True,1996-09-23,2026-05-21,7023.0,141240042.4
600751,100,2,海航科技,7682.005000114441,SH,上海主板,600751.SH,1996-09-09,False,True,1996-09-09,2026-05-21,6521.0,179326956.4
600754,100,2,锦江酒店,28.07999992370605,SH,上海主板,600754.SH,1996-10-11,False,True,1996-10-11,2026-05-21,6956.0,357258679.2
600755,100,2,厦门国贸,6.21999979019165,SH,上海主板,600755.SH,1996-10-03,False,True,1996-10-03,2026-05-21,7110.0,110367047.2
600756,100,2,浪潮软件,17.079999923706055,SH,上海主板,600756.SH,1996-09-23,False,True,1996-09-23,2026-05-21,6999.0,179736422.4
600757,100,2,长江传媒,264.0,SH,上海主板,600757.SH,1996-10-03,False,True,1996-10-03,2026-05-21,6756.0,69161574.6
600758,100,2,辽宁能源,4.300000190734863,SH,上海主板,600758.SH,1996-10-29,False,True,1996-10-29,2026-05-21,6947.0,534179007.2
600759,100,2,洲际油气,6.690000057220459,SH,上海主板,600759.SH,1996-10-08,False,True,1996-10-08,2026-05-21,6074.0,646074849.05
600760,100,2,中航沈飞,280.0800018310547,SH,上海主板,600760.SH,1996-10-11,False,True,1996-10-11,2026-05-21,6940.0,1012502777.6
600761,100,2,安徽合力,18.559999465942383,SH,上海主板,600761.SH,1996-10-09,False,True,1996-10-09,2026-05-21,7126.0,396314482.4
600763,100,2,通策医疗,196.2400016784668,SH,上海主板,600763.SH,1996-10-30,False,True,1996-10-30,2026-05-21,6739.0,371153454.4
600764,100,2,中国海防,25.26000022888184,SH,上海主板,600764.SH,1996-11-04,False,True,1996-11-04,2026-05-21,6737.0,149455053.2
600765,100,2,中航重机,16.670000076293945,SH,上海主板,600765.SH,1996-11-06,False,True,1996-11-06,2026-05-21,7007.0,344204216.8
600768,100,2,宁波富邦,2056.020000457764,SH,上海主板,600768.SH,1996-11-11,False,True,1996-11-11,2026-05-21,6773.0,151047261.2
600769,100,2,祥龙电业,1352.0299997329712,SH,上海主板,600769.SH,1996-11-01,False,True,1996-11-01,2026-05-21,6901.0,417479350.4
600770,100,2,综艺股份,5.670000076293945,SH,上海主板,600770.SH,1996-11-20,False,True,1996-11-20,2026-05-21,7007.0,1091074609.6
600771,100,2,广誉远,16.399999618530273,SH,上海主板,600771.SH,1996-11-05,False,True,1996-11-05,2026-05-21,6897.0,110942564.4
600773,100,2,西藏城投,16.170000076293945,SH,上海主板,600773.SH,1996-11-08,False,True,1996-11-08,2026-05-21,6863.0,1056584473.6
600774,100,2,汉商集团,184.0424995422364,SH,上海主板,600774.SH,1996-11-08,False,True,1996-11-08,2026-05-21,7074.0,36269240.7
600775,100,2,南京熊猫,1528.0424995422363,SH,上海主板,600775.SH,1996-11-18,False,True,1996-11-18,2026-05-21,6975.0,347456482.4
600776,100,2,东方通信,1832.005000114441,SH,上海主板,600776.SH,1996-11-26,False,True,1996-11-26,2026-05-21,7081.0,766171206.4
600778,100,2,友好集团,6.409999847412109,SH,上海主板,600778.SH,1996-12-03,False,True,1996-12-03,2026-05-21,6958.0,52143520.7
600779,100,2,水井坊,64.06000137329102,SH,上海主板,600779.SH,1996-12-06,False,True,1996-12-06,2026-05-21,7057.0,101509688.6
600780,100,2,通宝能源,6.789999961853027,SH,上海主板,600780.SH,1996-12-05,False,True,1996-12-05,2026-05-21,6707.0,297073125.6
600782,100,2,新钢股份,7106.005625009537,SH,上海主板,600782.SH,1996-12-25,False,True,1996-12-25,2026-05-21,6939.0,159859444.4
600783,100,2,鲁信创投,20.59000015258789,SH,上海主板,600783.SH,1996-12-25,False,True,1996-12-25,2026-05-21,6876.0,883559430.4
600784,100,2,鲁银投资,6.820000171661377,SH,上海主板,600784.SH,1996-12-25,False,True,1996-12-25,2026-05-21,6708.0,133081906.4
600785,100,2,新华百货,17.75,SH,上海主板,600785.SH,1997-01-08,False,True,1997-01-08,2026-05-21,6898.0,162099342.8
600787,100,2,中储股份,5.610000133514404,SH,上海主板,600787.SH,1997-01-21,False,True,1997-01-21,2026-05-21,7005.0,101737298.4
600789,100,2,鲁抗医药,104.02499961853027,SH,上海主板,600789.SH,1997-02-26,False,True,1997-02-26,2026-05-21,7019.0,128064239.4
600790,100,2,轻纺城,7042.0112500190735,SH,上海主板,600790.SH,1997-02-28,False,True,1997-02-28,2026-05-21,6850.0,172856804.2
600791,100,2,京能置业,280.0275001525879,SH,上海主板,600791.SH,1997-01-30,False,True,1997-01-30,2026-05-21,7004.0,329637006.4
600792,100,2,云煤能源,4.46999979019165,SH,上海主板,600792.SH,1997-01-23,False,True,1997-01-23,2026-05-21,6808.0,114602275.2
600793,100,2,宜宾纸业,18.39999961853028,SH,上海主板,600793.SH,1997-02-20,False,True,1997-02-20,2026-05-21,6816.0,66586639.4
600794,100,2,保税科技,7298.008749961853,SH,上海主板,600794.SH,1997-03-06,False,True,1997-03-06,2026-05-21,6815.0,40446591.8
600795,100,2,国电电力,4.96999979019165,SH,上海主板,600795.SH,1997-03-18,False,True,1997-03-18,2026-05-21,6898.0,1075917737.6
600796,100,2,钱江生化,6.349999904632568,SH,上海主板,600796.SH,1997-04-08,False,True,1997-04-08,2026-05-21,6755.0,50790751.5
600797,100,2,浙大网新,328.0299997329712,SH,上海主板,600797.SH,1997-04-18,False,True,1997-04-18,2026-05-21,6846.0,279071439.2
600798,100,2,宁波海运,7042.0112500190735,SH,上海主板,600798.SH,1997-04-23,False,True,1997-04-23,2026-05-21,6804.0,92721169.8
600800,100,2,渤海化学,4.179999828338623,SH,上海主板,600800.SH,1993-12-06,False,True,1993-12-06,2026-05-21,7552.0,246751087.2
600801,100,2,华新建材,20.3700008392334,SH,上海主板,600801.SH,1994-01-03,False,True,1994-01-03,2026-05-21,7786.0,269842213.6
600802,100,2,福建水泥,5.679999828338623,SH,上海主板,600802.SH,1994-01-03,False,True,1994-01-03,2026-05-21,7808.0,41105868.0
600803,100,2,新奥股份,23.6299991607666,SH,上海主板,600803.SH,1994-01-03,False,True,1994-01-03,2026-05-21,7575.0,209951878.4
600805,100,2,悦达投资,5.579999923706055,SH,上海主板,600805.SH,1994-01-03,False,True,1994-01-03,2026-05-21,7753.0,64276494.0
600807,100,2,济高发展,4546.010624885559,SH,上海主板,600807.SH,1994-01-03,False,True,1994-01-03,2026-05-21,7313.0,58470712.2
600808,100,2,马钢股份,6914.012500047684,SH,上海主板,600808.SH,1994-01-06,False,True,1994-01-06,2026-05-21,7788.0,253964247.2
600809,100,2,山西汾酒,153.86000061035156,SH,上海主板,600809.SH,1994-01-06,False,True,1994-01-06,2026-05-21,7804.0,1149600540.8
600810,100,2,神马股份,7.840000152587891,SH,上海主板,600810.SH,1994-01-06,False,True,1994-01-06,2026-05-21,7722.0,141981357.6
600812,100,2,华北制药,5.429999828338623,SH,上海主板,600812.SH,1994-01-14,False,True,1994-01-14,2026-05-21,7765.0,67991363.0
600814,100,2,杭州解百,7.639999866485596,SH,上海主板,600814.SH,1994-01-14,False,True,1994-01-14,2026-05-21,7673.0,52379291.6
600815,100,2,厦工股份,6594.000624895096,SH,上海主板,600815.SH,1994-01-28,False,True,1994-01-28,2026-05-21,7762.0,560580682.4
600816,100,2,建元信托,2562.015000104904,SH,上海主板,600816.SH,1994-01-28,False,True,1994-01-28,2026-05-21,7254.0,404207953.6
600817,100,2,宇通重工,840.0500001907349,SH,上海主板,600817.SH,1994-01-28,False,True,1994-01-28,2026-05-21,6591.0,67436249.2
600818,100,2,中路股份,152.01749992370603,SH,上海主板,600818.SH,1994-01-28,False,True,1994-01-28,2026-05-21,7461.0,58188170.15
600819,100,2,耀皮玻璃,7.429999828338623,SH,上海主板,600819.SH,1994-01-28,False,True,1994-01-28,2026-05-21,7650.0,94473587.6
600820,100,2,隧道股份,6.260000228881836,SH,上海主板,600820.SH,1994-01-28,False,True,1994-01-28,2026-05-21,7710.0,113234781.6
600821,100,2,金开新能,696.022500038147,SH,上海主板,600821.SH,1994-01-28,False,True,1994-01-28,2026-05-21,7713.0,2221907641.6
600822,100,2,上海物贸,488.045000076294,SH,上海主板,600822.SH,1994-02-04,False,True,1994-02-04,2026-05-21,7625.0,32387805.4
600824,100,2,益民集团,4.059999942779541,SH,上海主板,600824.SH,1994-02-04,False,True,1994-02-04,2026-05-21,7781.0,40699267.8
600825,100,2,新华传媒,5.78000020980835,SH,上海主板,600825.SH,1994-02-04,False,True,1994-02-04,2026-05-21,7648.0,53965158.5
600826,100,2,兰生股份,520.0200004577637,SH,上海主板,600826.SH,1994-02-04,False,True,1994-02-04,2026-05-21,7764.0,130614114.8
600827,100,2,百联股份,120.01249980926514,SH,上海主板,600827.SH,1994-02-04,False,True,1994-02-04,2026-05-21,7663.0,128141543.4
600828,100,2,茂业商业,5.53000020980835,SH,上海主板,600828.SH,1994-02-24,False,True,1994-02-24,2026-05-21,7539.0,99435340.0
600829,100,2,人民同泰,456.0100002288818,SH,上海主板,600829.SH,1994-02-24,False,True,1994-02-24,2026-05-21,7567.0,67899152.6
600830,100,2,香溢融通,264.0,SH,上海主板,600830.SH,1994-02-24,False,True,1994-02-24,2026-05-21,7760.0,148459619.5
600831,100,2,广电网络,7682.015000104904,SH,上海主板,600831.SH,1994-02-24,False,True,1994-02-24,2026-05-21,7753.0,93311951.6
600833,100,2,第一医药,1000.0249996185304,SH,上海主板,600833.SH,1994-02-24,False,True,1994-02-24,2026-05-21,7360.0,43534663.5
600834,100,2,申通地铁,72.02000045776367,SH,上海主板,600834.SH,1994-02-24,False,True,1994-02-24,2026-05-21,7706.0,20868257.5
600835,100,2,上海机电,22.59000015258789,SH,上海主板,600835.SH,1994-02-24,False,True,1994-02-24,2026-05-21,7756.0,332416011.2
600838,100,2,上海九百,632.0024995803833,SH,上海主板,600838.SH,1994-02-24,False,True,1994-02-24,2026-05-21,7788.0,81740002.0
600839,100,2,四川长虹,264.01000022888184,SH,上海主板,600839.SH,1994-03-11,False,True,1994-03-11,2026-05-21,7654.0,807224080.0
600841,100,2,动力新科,72.01000022888184,SH,上海主板,600841.SH,1994-03-11,False,True,1994-03-11,2026-05-21,7641.0,212976062.0
600843,100,2,上工申贝,440.0024995803833,SH,上海主板,600843.SH,1994-03-11,False,True,1994-03-11,2026-05-21,7603.0,96136104.8
600844,100,2,金煤科技,6786.003750085831,SH,上海主板,600844.SH,1994-03-11,False,True,1994-03-11,2026-05-21,7391.0,175591559.2
600845,100,2,宝信软件,21.690000534057617,SH,上海主板,600845.SH,1994-03-11,False,True,1994-03-11,2026-05-21,7491.0,650569644.8
600846,100,2,同济科技,1224.0600004196167,SH,上海主板,600846.SH,1994-03-11,False,True,1994-03-11,2026-05-21,7758.0,59775338.0
600847,100,2,万里股份,1448.0150003433228,SH,上海主板,600847.SH,1994-03-24,False,True,1994-03-24,2026-05-21,7451.0,85862479.8
600848,100,2,上海临港,552.0150003433228,SH,上海主板,600848.SH,1994-03-24,False,True,1994-03-24,2026-05-21,7355.0,129004172.4
600850,100,2,电科数字,23.90999984741211,SH,上海主板,600850.SH,1994-03-24,False,True,1994-03-24,2026-05-21,7577.0,384234824.8
600851,100,2,海欣股份,7.940000057220459,SH,上海主板,600851.SH,1994-04-04,False,True,1994-04-04,2026-05-21,7717.0,109016144.4
600853,100,2,龙建股份,7938.00250005722,SH,上海主板,600853.SH,1994-04-04,False,True,1994-04-04,2026-05-21,7609.0,75561090.7
600854,100,2,春兰股份,5.059999942779541,SH,上海主板,600854.SH,1994-04-25,False,True,1994-04-25,2026-05-21,7348.0,135171959.4
600855,100,2,航天长峰,17.190000534057617,SH,上海主板,600855.SH,1994-04-25,False,True,1994-04-25,2026-05-21,7161.0,477270612.0
600857,100,2,宁波中百,984.0375003814696,SH,上海主板,600857.SH,1994-04-25,False,True,1994-04-25,2026-05-21,7669.0,128897095.7
600858,100,2,银座股份,5.769999980926514,SH,上海主板,600858.SH,1994-05-06,False,True,1994-05-06,2026-05-21,7362.0,47447325.2
600859,100,2,王府井,1176.0375003814695,SH,上海主板,600859.SH,1994-05-06,False,True,1994-05-06,2026-05-21,7514.0,175643205.6
600860,100,2,京城股份,1032.0600004196167,SH,上海主板,600860.SH,1994-05-06,False,True,1994-05-06,2026-05-21,7500.0,108333874.4
600861,100,2,北京人力,16.350000381469727,SH,上海主板,600861.SH,1994-05-20,False,True,1994-05-20,2026-05-21,7690.0,47138523.6
600862,100,2,中航高科,21.82999992370605,SH,上海主板,600862.SH,1994-05-20,False,True,1994-05-20,2026-05-21,7200.0,420403764.8
600863,100,2,华能蒙电,5.179999828338623,SH,上海主板,600863.SH,1994-05-20,False,True,1994-05-20,2026-05-21,7650.0,665063332.8
600864,100,2,哈投股份,6.539999961853027,SH,上海主板,600864.SH,1994-08-09,False,True,1994-08-09,2026-05-21,7473.0,448983680.0
600865,100,2,百大集团,824.022500038147,SH,上海主板,600865.SH,1994-08-09,False,True,1994-08-09,2026-05-21,7565.0,106191503.0
600866,100,2,星湖科技,7.449999809265137,SH,上海主板,600866.SH,1994-08-18,False,True,1994-08-18,2026-05-21,7404.0,186874270.4
600867,100,2,通化东宝,152.03750038146973,SH,上海主板,600867.SH,1994-08-24,False,True,1994-08-24,2026-05-21,7601.0,392653676.8
600868,100,2,梅雁吉祥,6722.009375095367,SH,上海主板,600868.SH,1994-09-12,False,True,1994-09-12,2026-05-21,7543.0,276634639.2
600869,100,2,远东股份,1176.057499885559,SH,上海主板,600869.SH,1995-02-06,False,True,1995-02-06,2026-05-21,7401.0,2180164483.2
600871,100,2,石化油服,3970.0112500190735,SH,上海主板,600871.SH,1995-04-11,False,True,1995-04-11,2026-05-21,7310.0,382974455.2
600872,100,2,中炬高新,18.530000686645508,SH,上海主板,600872.SH,1995-01-24,False,True,1995-01-24,2026-05-21,7455.0,473090640.0
600873,100,2,梅花生物,888.022500038147,SH,上海主板,600873.SH,1995-02-17,False,True,1995-02-17,2026-05-21,7199.0,487607742.4
600874,100,2,创业环保,6.28000020980835,SH,上海主板,600874.SH,1995-06-30,False,True,1995-06-30,2026-05-21,7409.0,74685831.6
600875,100,2,东方电气,108.1500015258789,SH,上海主板,600875.SH,1995-10-10,False,True,1995-10-10,2026-05-21,7248.0,3708909824.0
600876,100,2,凯盛新能,696.0024995803833,SH,上海主板,600876.SH,1995-10-31,False,True,1995-10-31,2026-05-21,7051.0,62432154.2
600877,100,2,电科芯片,16.3700008392334,SH,上海主板,600877.SH,1995-10-13,False,True,1995-10-13,2026-05-21,7033.0,409161848.0
600879,100,2,航天电子,21.61000061035156,SH,上海主板,600879.SH,1995-11-15,False,True,1995-11-15,2026-05-21,7235.0,4319312780.8
600880,100,2,博瑞传播,4.949999809265137,SH,上海主板,600880.SH,1995-11-15,False,True,1995-11-15,2026-05-21,7077.0,168804064.8
600881,100,2,亚泰集团,1.659999966621399,SH,上海主板,600881.SH,1995-11-15,False,True,1995-11-15,2026-05-21,7286.0,90066121.4
600882,100,2,妙可蓝多,19.71999931335449,SH,上海主板,600882.SH,1995-12-06,False,True,1995-12-06,2026-05-21,7064.0,153634587.2
600883,100,2,博闻科技,7.949999809265137,SH,上海主板,600883.SH,1995-12-08,False,True,1995-12-08,2026-05-21,7326.0,51348497.6
600884,100,2,杉杉股份,1416.0100002288818,SH,上海主板,600884.SH,1996-01-30,False,True,1996-01-30,2026-05-21,7246.0,2289465523.2
600885,100,2,宏发股份,28.040000915527344,SH,上海主板,600885.SH,1996-02-05,False,True,1996-02-05,2026-05-21,7075.0,764549422.4
600886,100,2,国投电力,1672.0100002288818,SH,上海主板,600886.SH,1996-01-18,False,True,1996-01-18,2026-05-21,7076.0,559811800.0
600887,100,2,伊利股份,26.38999938964844,SH,上海主板,600887.SH,1996-03-12,False,True,1996-03-12,2026-05-21,7216.0,1824638700.8
600888,100,2,新疆众和,8.050000190734863,SH,上海主板,600888.SH,1996-02-15,False,True,1996-02-15,2026-05-21,7192.0,361473831.2
600889,100,2,南京化纤,1848.0424995422363,SH,上海主板,600889.SH,1996-03-08,False,True,1996-03-08,2026-05-21,7207.0,77069739.2
600893,100,2,航发动力,308.189998626709,SH,上海主板,600893.SH,1996-04-08,False,True,1996-04-08,2026-05-21,6655.0,1961505420.8
600894,100,2,广日股份,248.02250003814697,SH,上海主板,600894.SH,1996-03-28,False,True,1996-03-28,2026-05-21,7178.0,92479888.6
600895,100,2,张江高科,96.0,SH,上海主板,600895.SH,1996-04-22,False,True,1996-04-22,2026-05-21,7235.0,1402631788.8
600897,100,2,厦门空港,2008.027500152588,SH,上海主板,600897.SH,1996-05-31,False,True,1996-05-31,2026-05-21,7220.0,32675185.5
600900,100,2,长江电力,27.18000030517578,SH,上海主板,600900.SH,2003-11-18,False,True,2003-11-18,2026-05-21,5040.0,2825825299.2
600901,100,2,江苏金租,6.639999866485596,SH,上海主板,600901.SH,2018-03-01,False,True,2018-03-01,2026-05-21,1994.0,270285633.6
600903,100,2,贵州燃气,6.699999809265137,SH,上海主板,600903.SH,2017-11-07,False,True,2017-11-07,2026-05-21,2058.0,415372404.4
600905,100,2,三峡能源,4.329999923706055,SH,上海主板,600905.SH,2021-06-10,False,True,2021-06-10,2026-05-21,1197.0,715906337.6
600906,100,2,财达证券,6.559999942779541,SH,上海主板,600906.SH,2021-05-07,False,True,2021-05-07,2026-05-21,1221.0,228551015.2
600908,100,2,无锡银行,5.900000095367432,SH,上海主板,600908.SH,2016-09-23,False,True,2016-09-23,2026-05-21,2336.0,81609219.6
600909,100,2,华安证券,5.860000133514404,SH,上海主板,600909.SH,2016-12-06,False,True,2016-12-06,2026-05-21,2288.0,773109747.2
600916,100,2,中国黄金,328.0600004196167,SH,上海主板,600916.SH,2021-02-05,False,True,2021-02-05,2026-05-21,1277.0,234934188.0
600917,100,2,重庆燃气,5.639999866485596,SH,上海主板,600917.SH,2014-09-30,False,True,2014-09-30,2026-05-21,2820.0,49573413.7
600918,100,2,中泰证券,6.300000190734863,SH,上海主板,600918.SH,2020-06-03,False,True,2020-06-03,2026-05-21,1445.0,137353842.4
600919,100,2,江苏银行,728.0574998855591,SH,上海主板,600919.SH,2016-08-02,False,True,2016-08-02,2026-05-21,2371.0,906127939.2
600925,100,2,苏能股份,4.78000020980835,SH,上海主板,600925.SH,2023-03-29,False,True,2023-03-29,2026-05-21,760.0,60376126.6
600926,100,2,杭州银行,16.719999313354492,SH,上海主板,600926.SH,2016-10-27,False,True,2016-10-27,2026-05-21,2322.0,483073761.6
600927,100,2,永安期货,1624.0474996566772,SH,上海主板,600927.SH,2021-12-23,False,True,2021-12-23,2026-05-21,1065.0,153664118.2
600928,100,2,西安银行,6658.005000114441,SH,上海主板,600928.SH,2019-03-01,False,True,2019-03-01,2026-05-21,1751.0,101437738.0
600929,100,2,雪天盐业,5.829999923706055,SH,上海主板,600929.SH,2018-03-26,False,True,2018-03-26,2026-05-21,1972.0,226239784.4
600930,100,2,华电新能,6.949999809265137,SH,上海主板,600930.SH,2025-07-16,False,True,2025-07-16,2026-05-21,204.0,1403106707.2
600933,100,2,爱柯迪,16.899999618530273,SH,上海主板,600933.SH,2017-11-17,False,True,2017-11-17,2026-05-21,2054.0,358439624.0
600935,100,2,华塑股份,3138.0143749713898,SH,上海主板,600935.SH,2021-11-26,False,True,2021-11-26,2026-05-21,1084.0,83344900.6
600936,100,2,北投科技,7810.013750076294,SH,上海主板,600936.SH,2016-08-15,False,True,2016-08-15,2026-05-21,2368.0,455103999.6
600938,100,2,中国海油,188.1599998474121,SH,上海主板,600938.SH,2022-04-21,False,True,2022-04-21,2026-05-21,988.0,1792588998.4
600939,100,2,重庆建工,4098.009999990463,SH,上海主板,600939.SH,2017-02-21,False,True,2017-02-21,2026-05-21,2245.0,41091725.9
600941,100,2,中国移动,96.25,SH,上海主板,600941.SH,2022-01-05,False,True,2022-01-05,2026-05-21,1057.0,1162217052.8
600955,100,2,维远股份,1928.0600004196167,SH,上海主板,600955.SH,2021-09-15,False,True,2021-09-15,2026-05-21,1129.0,163405798.0
600956,100,2,新天绿能,392.0299997329712,SH,上海主板,600956.SH,2020-06-29,False,True,2020-06-29,2026-05-21,1429.0,258106789.6
600958,100,2,东方证券,376.01249980926514,SH,上海主板,600958.SH,2015-03-23,False,True,2015-03-23,2026-05-21,2691.0,997758219.2
600959,100,2,江苏有线,7618.010624885559,SH,上海主板,600959.SH,2015-04-28,False,True,2015-04-28,2026-05-21,2586.0,235782327.2
600960,100,2,渤海汽车,5.110000133514404,SH,上海主板,600960.SH,2004-04-07,False,True,2004-04-07,2026-05-21,5147.0,90960657.0
600961,100,2,株冶集团,17.600000381469727,SH,上海主板,600961.SH,2004-08-30,False,True,2004-08-30,2026-05-21,5187.0,2417067564.8
600962,100,2,国投中鲁,19.440000534057617,SH,上海主板,600962.SH,2004-06-22,False,True,2004-06-22,2026-05-21,5143.0,178441714.4
600963,100,2,岳阳林纸,4.849999904632568,SH,上海主板,600963.SH,2004-05-25,False,True,2004-05-25,2026-05-21,5184.0,160886538.4
600965,100,2,福成股份,5.570000171661377,SH,上海主板,600965.SH,2004-07-13,False,True,2004-07-13,2026-05-21,5097.0,65112227.1
600966,100,2,博汇纸业,6.889999866485596,SH,上海主板,600966.SH,2004-06-08,False,True,2004-06-08,2026-05-21,5230.0,101971948.2
600967,100,2,内蒙一机,1720.022500038147,SH,上海主板,600967.SH,2004-05-18,False,True,2004-05-18,2026-05-21,5144.0,284436502.4
600968,100,2,海油发展,4.53000020980835,SH,上海主板,600968.SH,2019-06-26,False,True,2019-06-26,2026-05-21,1673.0,253911066.4
600969,100,2,郴电国际,536.0375003814697,SH,上海主板,600969.SH,2004-04-08,False,True,2004-04-08,2026-05-21,5322.0,154793924.4
600970,100,2,中材国际,552.045000076294,SH,上海主板,600970.SH,2005-04-12,False,True,2005-04-12,2026-05-21,4991.0,270826415.2
600971,100,2,恒源煤电,7.510000228881836,SH,上海主板,600971.SH,2004-08-17,False,True,2004-08-17,2026-05-21,5214.0,150741106.8
600973,100,2,宝胜股份,6.329999923706055,SH,上海主板,600973.SH,2004-08-02,False,True,2004-08-02,2026-05-21,5126.0,310514002.4
600975,100,2,新五丰,5.559999942779541,SH,上海主板,600975.SH,2004-06-09,False,True,2004-06-09,2026-05-21,5167.0,84504082.6
600976,100,2,健民集团,31.229999542236328,SH,上海主板,600976.SH,2004-04-19,False,True,2004-04-19,2026-05-21,5288.0,53384932.7
600977,100,2,中国电影,1288.0200004577637,SH,上海主板,600977.SH,2016-08-09,False,True,2016-08-09,2026-05-21,2372.0,569252512.0
600979,100,2,广安爱众,5.409999847412109,SH,上海主板,600979.SH,2004-09-06,False,True,2004-09-06,2026-05-21,5092.0,581487889.6
600980,100,2,北矿科技,21.07999992370605,SH,上海主板,600980.SH,2004-05-12,False,True,2004-05-12,2026-05-21,5272.0,75737784.2
600981,100,2,苏豪汇鸿,4610.005000114441,SH,上海主板,600981.SH,2004-06-30,False,True,2004-06-30,2026-05-21,5098.0,57723302.4
600982,100,2,宁波能源,5.260000228881836,SH,上海主板,600982.SH,2004-07-06,False,True,2004-07-06,2026-05-21,5162.0,610406451.2
600983,100,2,惠而浦,712.0200004577637,SH,上海主板,600983.SH,2004-07-27,False,True,2004-07-27,2026-05-21,5064.0,52458650.7
600984,100,2,建设机械,7682.015000104904,SH,上海主板,600984.SH,2004-07-07,False,True,2004-07-07,2026-05-21,5105.0,228495992.8
600985,100,2,淮北矿业,1448.034999847412,SH,上海主板,600985.SH,2004-04-28,False,True,2004-04-28,2026-05-21,5080.0,285047769.6
600986,100,2,浙文互联,488.0550003051758,SH,上海主板,600986.SH,2004-04-26,False,True,2004-04-26,2026-05-21,5116.0,1897540022.4
600987,100,2,航民股份,7.389999866485596,SH,上海主板,600987.SH,2004-08-09,False,True,2004-08-09,2026-05-21,5188.0,72768107.8
600988,100,2,赤峰黄金,172.06999969482422,SH,上海主板,600988.SH,2004-04-14,False,True,2004-04-14,2026-05-21,4911.0,2121806041.6
600989,100,2,宝丰能源,31.8700008392334,SH,上海主板,600989.SH,2019-05-16,False,True,2019-05-16,2026-05-21,1701.0,3025190176.0
600990,100,2,四创电子,23.309999465942383,SH,上海主板,600990.SH,2004-05-10,False,True,2004-05-10,2026-05-21,5166.0,99421604.4
600992,100,2,贵绳股份,1208.022500038147,SH,上海主板,600992.SH,2004-05-14,False,True,2004-05-14,2026-05-21,5313.0,142719620.6
600993,100,2,马应龙,25.6200008392334,SH,上海主板,600993.SH,2004-05-17,False,True,2004-05-17,2026-05-21,5315.0,120071524.2
600995,100,2,南网储能,1848.0024995803835,SH,上海主板,600995.SH,2004-06-15,False,True,2004-06-15,2026-05-21,5206.0,451374532.0
600996,100,2,贵广网络,328.0600004196167,SH,上海主板,600996.SH,2016-12-26,False,True,2016-12-26,2026-05-21,2278.0,312070284.0
600997,100,2,开滦股份,6.409999847412109,SH,上海主板,600997.SH,2004-06-02,False,True,2004-06-02,2026-05-21,5223.0,69216866.0
600998,100,2,九州通,5.139999866485596,SH,上海主板,600998.SH,2010-11-02,False,True,2010-11-02,2026-05-21,3754.0,169664497.2
600999,100,2,招商证券,1960.055000305176,SH,上海主板,600999.SH,2009-11-17,False,True,2009-11-17,2026-05-21,3988.0,1020668208.8
601000,100,2,唐山港,4.380000114440918,SH,上海主板,601000.SH,2010-07-05,False,True,2010-07-05,2026-05-21,3764.0,210780224.4
601001,100,2,晋控煤业,17.889999389648438,SH,上海主板,601001.SH,2006-06-23,False,True,2006-06-23,2026-05-21,4651.0,394288990.4
601002,100,2,晋亿实业,5.25,SH,上海主板,601002.SH,2007-01-26,False,True,2007-01-26,2026-05-21,4662.0,203258501.6
601003,100,2,柳钢股份,4.630000114440918,SH,上海主板,601003.SH,2007-02-27,False,True,2007-02-27,2026-05-21,4482.0,97984385.8
601005,100,2,重庆钢铁,1.4500000476837158,SH,上海主板,601005.SH,2007-02-28,False,True,2007-02-28,2026-05-21,4219.0,84792617.8
601006,100,2,大秦铁路,5.309999942779541,SH,上海主板,601006.SH,2006-08-01,False,True,2006-08-01,2026-05-21,4788.0,679619166.4
601007,100,2,金陵饭店,7.96999979019165,SH,上海主板,601007.SH,2007-04-06,False,True,2007-04-06,2026-05-21,4628.0,123823421.6
601008,100,2,连云港,4.909999847412109,SH,上海主板,601008.SH,2007-04-26,False,True,2007-04-26,2026-05-21,4613.0,46781100.4
601009,100,2,南京银行,856.0574998855591,SH,上海主板,601009.SH,2007-07-19,False,True,2007-07-19,2026-05-21,4555.0,504938089.6
601010,100,2,文峰股份,898.0112500190735,SH,上海主板,601010.SH,2011-06-03,False,True,2011-06-03,2026-05-21,3614.0,106893724.45
601011,100,2,宝泰隆,5762.013750076294,SH,上海主板,601011.SH,2011-03-09,False,True,2011-03-09,2026-05-21,3662.0,98548015.0
601012,100,2,隆基绿能,18.989999771118164,SH,上海主板,601012.SH,2012-04-11,False,True,2012-04-11,2026-05-21,3386.0,2433773088.0
601015,100,2,陕西黑猫,5.400000095367432,SH,上海主板,601015.SH,2014-11-05,False,True,2014-11-05,2026-05-21,2795.0,207268722.4
601016,100,2,节能风电,4.449999809265137,SH,上海主板,601016.SH,2014-09-29,False,True,2014-09-29,2026-05-21,2811.0,3266296012.8
601018,100,2,宁波港,4.119999885559082,SH,上海主板,601018.SH,2010-09-28,False,True,2010-09-28,2026-05-21,3658.0,217424065.2
601019,100,2,山东出版,232.0050001144409,SH,上海主板,601019.SH,2017-11-22,False,True,2017-11-22,2026-05-21,2059.0,75229795.4
601020,100,2,华钰矿业,28.0,SH,上海主板,601020.SH,2016-03-16,False,True,2016-03-16,2026-05-21,2454.0,1031852403.2
601021,100,2,春秋航空,264.1500015258789,SH,上海主板,601021.SH,2015-01-21,False,True,2015-01-21,2026-05-21,2727.0,303419152.0
601022,100,2,宁波远洋,264.05000019073486,SH,上海主板,601022.SH,2022-12-08,False,True,2022-12-08,2026-05-21,833.0,73360642.2
601026,100,2,道生天合,20.520000457763672,SH,上海主板,601026.SH,2025-10-17,False,True,2025-10-17,2026-05-21,143.0,98537565.8
601033,100,2,永兴股份,2056.040000915528,SH,上海主板,601033.SH,2024-01-18,False,True,2024-01-18,2026-05-21,562.0,75294781.3
601038,100,2,一拖股份,1320.045000076294,SH,上海主板,601038.SH,2012-08-08,False,True,2012-08-08,2026-05-21,3345.0,89547825.2
601058,100,2,赛轮轮胎,1352.0200004577637,SH,上海主板,601058.SH,2011-06-30,False,True,2011-06-30,2026-05-21,3578.0,622651201.6
601059,100,2,信达证券,17.139999389648438,SH,上海主板,601059.SH,2023-02-01,False,True,2023-02-01,2026-05-21,780.0,172800864.4
601061,100,2,中信金属,1064.005000114441,SH,上海主板,601061.SH,2023-04-10,False,True,2023-04-10,2026-05-21,753.0,319077848.8
601065,100,2,江盐集团,120.05249977111816,SH,上海主板,601065.SH,2023-04-10,False,True,2023-04-10,2026-05-21,753.0,39036715.0
601066,100,2,中信建投,22.57999992370605,SH,上海主板,601066.SH,2018-06-20,False,True,2018-06-20,2026-05-21,1920.0,344702098.4
601068,100,2,中铝国际,5.679999828338623,SH,上海主板,601068.SH,2018-08-31,False,True,2018-08-31,2026-05-21,1868.0,93549591.2
601069,100,2,西部黄金,31.600000381469727,SH,上海主板,601069.SH,2015-01-22,False,True,2015-01-22,2026-05-21,2629.0,584812094.4
601077,100,2,渝农商行,7.079999923706055,SH,上海主板,601077.SH,2019-10-29,False,True,2019-10-29,2026-05-21,1590.0,279180436.8
601083,100,2,锦江航运,1000.0249996185304,SH,上海主板,601083.SH,2023-12-05,False,True,2023-12-05,2026-05-21,593.0,114026361.6
601086,100,2,国芳集团,152.00749969482422,SH,上海主板,601086.SH,2017-09-29,False,True,2017-09-29,2026-05-21,2092.0,146643896.0
601088,100,2,中国神华,312.04999923706055,SH,上海主板,601088.SH,2007-10-09,False,True,2007-10-09,2026-05-21,4445.0,1539105766.4
601089,100,2,福元医药,22.07999992370605,SH,上海主板,601089.SH,2022-06-30,False,True,2022-06-30,2026-05-21,942.0,70386636.2
601096,100,2,宏盛华源,5.880000114440918,SH,上海主板,601096.SH,2023-12-22,False,True,2023-12-22,2026-05-21,580.0,204037805.6
601098,100,2,中南传媒,744.0050001144409,SH,上海主板,601098.SH,2010-10-28,False,True,2010-10-28,2026-05-21,3774.0,120302232.4
601099,100,2,太平洋,7554.006249904633,SH,上海主板,601099.SH,2007-12-28,False,True,2007-12-28,2026-05-21,4437.0,410522789.6
601100,100,2,恒立液压,99.66999816894533,SH,上海主板,601100.SH,2011-10-28,False,True,2011-10-28,2026-05-21,3494.0,1390989715.2
601101,100,2,昊华能源,120.05249977111816,SH,上海主板,601101.SH,2010-03-31,False,True,2010-03-31,2026-05-21,3806.0,521549080.4
601106,100,2,中国一重,4.320000171661377,SH,上海主板,601106.SH,2010-02-09,False,True,2010-02-09,2026-05-21,3936.0,438869764.8
601107,100,2,四川成渝,6.309999942779541,SH,上海主板,601107.SH,2009-07-27,False,True,2009-07-27,2026-05-21,4055.0,74347368.4
601108,100,2,财通证券,8.010000228881836,SH,上海主板,601108.SH,2017-10-24,False,True,2017-10-24,2026-05-21,2074.0,478042195.2
601111,100,2,中国国航,6.760000228881836,SH,上海主板,601111.SH,2006-08-18,False,True,2006-08-18,2026-05-21,4729.0,650204112.0
601113,100,2,华鼎股份,4.360000133514404,SH,上海主板,601113.SH,2011-05-09,False,True,2011-05-09,2026-05-21,3559.0,80941923.6
601116,100,2,三江购物,1528.022500038147,SH,上海主板,601116.SH,2011-03-02,False,True,2011-03-02,2026-05-21,3678.0,179284354.4
601117,100,2,中国化学,200.0600004196167,SH,上海主板,601117.SH,2010-01-07,False,True,2010-01-07,2026-05-21,3965.0,832374758.4
601118,100,2,海南橡胶,6.670000076293945,SH,上海主板,601118.SH,2011-01-07,False,True,2011-01-07,2026-05-21,3598.0,435689207.2
601121,100,2,宝地矿业,7.599999904632568,SH,上海主板,601121.SH,2023-03-10,False,True,2023-03-10,2026-05-21,769.0,97506525.8
601126,100,2,四方股份,256.20999908447266,SH,上海主板,601126.SH,2010-12-31,False,True,2010-12-31,2026-05-21,3723.0,2241684678.4
601127,100,2,赛力斯,99.76000213623048,SH,上海主板,601127.SH,2016-06-15,False,True,2016-06-15,2026-05-21,2386.0,2194586604.8
601128,100,2,常熟银行,7.079999923706055,SH,上海主板,601128.SH,2016-09-30,False,True,2016-09-30,2026-05-21,2336.0,316042388.0
601133,100,2,柏诚股份,17.260000228881836,SH,上海主板,601133.SH,2023-04-10,False,True,2023-04-10,2026-05-21,750.0,720339516.8
601136,100,2,首创证券,17.260000228881836,SH,上海主板,601136.SH,2022-12-22,False,True,2022-12-22,2026-05-21,823.0,194198286.8
601137,100,2,博威合金,18.920000076293945,SH,上海主板,601137.SH,2011-01-27,False,True,2011-01-27,2026-05-21,3651.0,430554472.8
601138,100,2,工业富联,324.04999923706055,SH,上海主板,601138.SH,2018-06-08,False,True,2018-06-08,2026-05-21,1927.0,17208719027.2
601139,100,2,深圳燃气,7.880000114440918,SH,上海主板,601139.SH,2009-12-25,False,True,2009-12-25,2026-05-21,3963.0,210868855.6
601155,100,2,新城控股,1736.039999961853,SH,上海主板,601155.SH,2015-12-04,False,True,2015-12-04,2026-05-21,2528.0,273491862.4
601156,100,2,东航物流,17.510000228881836,SH,上海主板,601156.SH,2021-06-09,False,True,2021-06-09,2026-05-21,1198.0,151042110.0
601158,100,2,重庆水务,4.610000133514404,SH,上海主板,601158.SH,2010-03-29,False,True,2010-03-29,2026-05-21,3904.0,42259951.7
601162,100,2,天风证券,7682.005000114441,SH,上海主板,601162.SH,2018-10-19,False,True,2018-10-19,2026-05-21,1833.0,519217025.6
601163,100,2,三角轮胎,1624.0474996566772,SH,上海主板,601163.SH,2016-09-09,False,True,2016-09-09,2026-05-21,2349.0,73122845.4
601166,100,2,兴业银行,18.790000915527344,SH,上海主板,601166.SH,2007-02-05,False,True,2007-02-05,2026-05-21,4660.0,1731735212.8
601168,100,2,西部矿业,25.84000015258789,SH,上海主板,601168.SH,2007-07-12,False,True,2007-07-12,2026-05-21,4366.0,1892487084.8
601169,100,2,北京银行,5.420000076293945,SH,上海主板,601169.SH,2007-09-19,False,True,2007-09-19,2026-05-21,4477.0,662154825.6
601177,100,2,杭齿前进,1720.0524997711182,SH,上海主板,601177.SH,2010-10-11,False,True,2010-10-11,2026-05-21,3784.0,257584502.2
601179,100,2,中国西电,16.299999237060547,SH,上海主板,601179.SH,2010-01-28,False,True,2010-01-28,2026-05-21,3944.0,4150054905.6
601186,100,2,中国铁建,7.159999847412109,SH,上海主板,601186.SH,2008-03-10,False,True,2008-03-10,2026-05-21,4401.0,367616435.2
601187,100,2,厦门银行,7.739999771118164,SH,上海主板,601187.SH,2020-10-27,False,True,2020-10-27,2026-05-21,1349.0,119404414.0
601188,100,2,龙江交通,5762.013750076294,SH,上海主板,601188.SH,2010-03-19,False,True,2010-03-19,2026-05-21,3916.0,61399563.2
601198,100,2,东兴证券,1320.0150003433228,SH,上海主板,601198.SH,2015-02-26,False,True,2015-02-26,2026-05-21,2702.0,301687942.4
601199,100,2,江南水务,5.960000038146973,SH,上海主板,601199.SH,2011-03-17,False,True,2011-03-17,2026-05-21,3653.0,129592941.2
601200,100,2,上海环境,136.0600004196167,SH,上海主板,601200.SH,2017-03-31,False,True,2017-03-31,2026-05-21,2217.0,82143970.0
601208,100,2,东材科技,30.76000022888184,SH,上海主板,601208.SH,2011-05-20,False,True,2011-05-20,2026-05-21,3634.0,3536367078.4
601211,100,2,国泰海通,17.540000915527344,SH,上海主板,601211.SH,2015-06-26,False,True,2015-06-26,2026-05-21,2628.0,2121533401.6
601212,100,2,白银有色,40.00500011444092,SH,上海主板,601212.SH,2017-02-15,False,True,2017-02-15,2026-05-21,2206.0,997475059.2
601216,100,2,君正集团,5.639999866485596,SH,上海主板,601216.SH,2011-02-22,False,True,2011-02-22,2026-05-21,3576.0,464448360.0
601218,100,2,吉鑫科技,7.03000020980835,SH,上海主板,601218.SH,2011-05-06,False,True,2011-05-06,2026-05-21,3636.0,459234951.2
601222,100,2,林洋能源,6.420000076293945,SH,上海主板,601222.SH,2011-08-08,False,True,2011-08-08,2026-05-21,3570.0,262968956.0
601225,100,2,陕西煤业,27.15999984741211,SH,上海主板,601225.SH,2014-01-28,False,True,2014-01-28,2026-05-21,2990.0,1245862208.0
601226,100,2,华电科工,296.0550003051758,SH,上海主板,601226.SH,2014-12-11,False,True,2014-12-11,2026-05-21,2777.0,176952603.6
601228,100,2,广州港,5890.012500047684,SH,上海主板,601228.SH,2017-03-29,False,True,2017-03-29,2026-05-21,2219.0,84515661.0
601229,100,2,上海银行,488.0150003433228,SH,上海主板,601229.SH,2016-11-16,False,True,2016-11-16,2026-05-21,2308.0,517473491.2
601231,100,2,环旭电子,92.06999969482422,SH,上海主板,601231.SH,2012-02-20,False,True,2012-02-20,2026-05-21,3443.0,2023270982.4
601233,100,2,桐昆股份,16.920000076293945,SH,上海主板,601233.SH,2011-05-18,False,True,2011-05-18,2026-05-21,3632.0,926005825.6
601236,100,2,红塔证券,24.01749992370605,SH,上海主板,601236.SH,2019-07-05,False,True,2019-07-05,2026-05-21,1660.0,103051212.4
601238,100,2,广汽集团,7.5,SH,上海主板,601238.SH,2012-03-29,False,True,2012-03-29,2026-05-21,3421.0,134723401.6
601279,100,2,英利汽车,4.119999885559082,SH,上海主板,601279.SH,2021-04-15,False,True,2021-04-15,2026-05-21,1234.0,44893971.1
601288,100,2,农业银行,6.760000228881836,SH,上海主板,601288.SH,2010-07-15,False,True,2010-07-15,2026-05-21,3843.0,2082078464.0
601298,100,2,青岛港,216.0275001525879,SH,上海主板,601298.SH,2019-01-21,False,True,2019-01-21,2026-05-21,1769.0,88666806.6
601311,100,2,骆驼股份,376.022500038147,SH,上海主板,601311.SH,2011-06-02,False,True,2011-06-02,2026-05-21,3609.0,436015476.8
601318,100,2,中国平安,472.2400016784668,SH,上海主板,601318.SH,2007-03-01,False,True,2007-03-01,2026-05-21,4605.0,5041071936.0
601319,100,2,中国人保,72.0,SH,上海主板,601319.SH,2018-11-16,False,True,2018-11-16,2026-05-21,1819.0,470457712.0
601326,100,2,秦港股份,6786.003750085831,SH,上海主板,601326.SH,2017-08-16,False,True,2017-08-16,2026-05-21,2124.0,72289550.2
601328,100,2,交通银行,6.909999847412109,SH,上海主板,601328.SH,2007-05-15,False,True,2007-05-15,2026-05-21,4607.0,1012363107.2
601330,100,2,绿色动力,456.05000019073486,SH,上海主板,601330.SH,2018-06-11,False,True,2018-06-11,2026-05-21,1926.0,461632892.8
601333,100,2,广深铁路,4418.001874923706,SH,上海主板,601333.SH,2006-12-22,False,True,2006-12-22,2026-05-21,4703.0,202304820.8
601336,100,2,新华保险,68.76000213623047,SH,上海主板,601336.SH,2011-12-16,False,True,2011-12-16,2026-05-21,3473.0,1302329433.6
601339,100,2,百隆东方,7.059999942779541,SH,上海主板,601339.SH,2012-06-12,False,True,2012-06-12,2026-05-21,3384.0,140585129.8
601360,100,2,三六零,808.0349998474121,SH,上海主板,601360.SH,2012-01-16,False,True,2012-01-16,2026-05-21,3353.0,1086012915.2
601366,100,2,利群股份,4.150000095367432,SH,上海主板,601366.SH,2017-04-12,False,True,2017-04-12,2026-05-21,2206.0,41036734.4
601368,100,2,绿城水务,5.329999923706055,SH,上海主板,601368.SH,2015-06-12,False,True,2015-06-12,2026-05-21,2650.0,37166017.0
601369,100,2,陕鼓动力,616.045000076294,SH,上海主板,601369.SH,2010-04-28,False,True,2010-04-28,2026-05-21,3855.0,101316552.0
601375,100,2,中原证券,4.130000114440918,SH,上海主板,601375.SH,2017-01-03,False,True,2017-01-03,2026-05-21,2275.0,139440809.2
601377,100,2,兴业证券,6.269999980926514,SH,上海主板,601377.SH,2010-10-13,False,True,2010-10-13,2026-05-21,3764.0,496958980.8
601388,100,2,怡球资源,6210.01437497139,SH,上海主板,601388.SH,2012-04-23,False,True,2012-04-23,2026-05-21,3265.0,336069889.6
601390,100,2,中国中铁,5.550000190734863,SH,上海主板,601390.SH,2007-12-03,False,True,2007-12-03,2026-05-21,4389.0,715843969.6
601398,100,2,工商银行,7.5,SH,上海主板,601398.SH,2006-10-27,False,True,2006-10-27,2026-05-21,4731.0,2007317318.4
601399,100,2,国机重装,4.510000228881836,SH,上海主板,601399.SH,2020-06-08,False,True,2020-06-08,2026-05-21,1441.0,472835152.0
601456,100,2,国联民生,328.0299997329712,SH,上海主板,601456.SH,2020-07-31,False,True,2020-07-31,2026-05-21,1385.0,254482053.6
601500,100,2,通用股份,4.300000190734863,SH,上海主板,601500.SH,2016-09-19,False,True,2016-09-19,2026-05-21,2338.0,91632166.0
601512,100,2,中新集团,216.03750038146973,SH,上海主板,601512.SH,2019-12-20,False,True,2019-12-20,2026-05-21,1552.0,252477418.8
601515,100,2,衢州东峰,4.179999828338623,SH,上海主板,601515.SH,2012-02-16,False,True,2012-02-16,2026-05-21,3450.0,206876249.2
601518,100,2,吉林高速,3970.00125002861,SH,上海主板,601518.SH,2010-03-19,False,True,2010-03-19,2026-05-21,3876.0,57669040.1
601519,100,2,大智慧,696.0124998092651,SH,上海主板,601519.SH,2011-01-28,False,True,2011-01-28,2026-05-21,3555.0,395433028.0
601528,100,2,瑞丰银行,5.539999961853027,SH,上海主板,601528.SH,2021-06-25,False,True,2021-06-25,2026-05-21,1187.0,78832696.0
601555,100,2,东吴证券,56.0024995803833,SH,上海主板,601555.SH,2011-12-12,False,True,2011-12-12,2026-05-21,3474.0,424837893.6
601566,100,2,九牧王,648.0299997329712,SH,上海主板,601566.SH,2011-05-30,False,True,2011-05-30,2026-05-21,3620.0,146698059.0
601567,100,2,三星医疗,27.989999771118164,SH,上海主板,601567.SH,2011-06-15,False,True,2011-06-15,2026-05-21,3571.0,563216891.2
601568,100,2,北元集团,4.130000114440918,SH,上海主板,601568.SH,2020-10-20,False,True,2020-10-20,2026-05-21,1354.0,91767480.0
601577,100,2,长沙银行,456.039999961853,SH,上海主板,601577.SH,2018-09-26,False,True,2018-09-26,2026-05-21,1851.0,190592790.4
601579,100,2,会稽山,2056.0499992370605,SH,上海主板,601579.SH,2014-08-25,False,True,2014-08-25,2026-05-21,2828.0,165273844.8
601588,100,2,北辰实业,1.7599999904632568,SH,上海主板,601588.SH,2006-10-16,False,True,2006-10-16,2026-05-21,4737.0,132090819.6
601595,100,2,上海电影,23.809999465942383,SH,上海主板,601595.SH,2016-08-17,False,True,2016-08-17,2026-05-21,2366.0,111651795.6
601598,100,2,中国外运,5.78000020980835,SH,上海主板,601598.SH,2019-01-18,False,True,2019-01-18,2026-05-21,1776.0,107063227.6
601599,100,2,浙文影业,7682.015000104904,SH,上海主板,601599.SH,2011-05-27,False,True,2011-05-27,2026-05-21,3470.0,78581402.6
601600,100,2,中国铝业,904.0299997329712,SH,上海主板,601600.SH,2007-04-30,False,True,2007-04-30,2026-05-21,4485.0,2684406873.6
601601,100,2,中国太保,144.1599998474121,SH,上海主板,601601.SH,2007-12-25,False,True,2007-12-25,2026-05-21,4461.0,1698796928.0
601606,100,2,长城军工,136.0800018310547,SH,上海主板,601606.SH,2018-08-06,False,True,2018-08-06,2026-05-21,1887.0,600650937.6
601607,100,2,上海医药,16.889999389648438,SH,上海主板,601607.SH,1994-03-24,False,True,1994-03-24,2026-05-21,7562.0,139926513.2
601608,100,2,中信重工,6.21999979019165,SH,上海主板,601608.SH,2012-07-06,False,True,2012-07-06,2026-05-21,3218.0,245737478.4
601609,100,2,金田股份,456.0100002288818,SH,上海主板,601609.SH,2020-04-22,False,True,2020-04-22,2026-05-21,1472.0,1011325836.0
601611,100,2,中国核建,1736.0,SH,上海主板,601611.SH,2016-06-06,False,True,2016-06-06,2026-05-21,2415.0,533788300.8
601615,100,2,明阳智能,19.57999992370605,SH,上海主板,601615.SH,2019-01-23,False,True,2019-01-23,2026-05-21,1765.0,1612359296.0
601616,100,2,广电电气,5.0,SH,上海主板,601616.SH,2011-02-01,False,True,2011-02-01,2026-05-21,3698.0,147921949.2
601618,100,2,中国中冶,4290.003124952316,SH,上海主板,601618.SH,2009-09-21,False,True,2009-09-21,2026-05-21,3964.0,285382124.8
601619,100,2,嘉泽新能,5.630000114440918,SH,上海主板,601619.SH,2017-07-20,False,True,2017-07-20,2026-05-21,2014.0,465570848.8
601628,100,2,中国人寿,184.22000122070312,SH,上海主板,601628.SH,2007-01-09,False,True,2007-01-09,2026-05-21,4694.0,1253126251.2
601633,100,2,长城汽车,21.290000915527344,SH,上海主板,601633.SH,2011-09-28,False,True,2011-09-28,2026-05-21,3527.0,296439724.0
601636,100,2,旗滨集团,6.090000152587891,SH,上海主板,601636.SH,2011-08-12,False,True,2011-08-12,2026-05-21,3571.0,698151971.2
601658,100,2,邮储银行,5.050000190734863,SH,上海主板,601658.SH,2019-12-10,False,True,2019-12-10,2026-05-21,1560.0,616063350.4
601665,100,2,齐鲁银行,5.75,SH,上海主板,601665.SH,2021-06-18,False,True,2021-06-18,2026-05-21,1192.0,348263760.8
601666,100,2,平煤股份,56.05249977111816,SH,上海主板,601666.SH,2006-11-23,False,True,2006-11-23,2026-05-21,4722.0,281949575.2
601668,100,2,中国建筑,4.980000019073486,SH,上海主板,601668.SH,2009-07-29,False,True,2009-07-29,2026-05-21,4074.0,1007425017.6
601669,100,2,中国电建,5.849999904632568,SH,上海主板,601669.SH,2011-10-18,False,True,2011-10-18,2026-05-21,3427.0,1717914166.4
601677,100,2,明泰铝业,1752.057499885559,SH,上海主板,601677.SH,2011-09-19,False,True,2011-09-19,2026-05-21,3555.0,769114934.4
601678,100,2,滨化股份,4.849999904632568,SH,上海主板,601678.SH,2010-02-23,False,True,2010-02-23,2026-05-21,3935.0,696209962.4
601686,100,2,友发集团,5.789999961853027,SH,上海主板,601686.SH,2020-12-04,False,True,2020-12-04,2026-05-21,1321.0,34797343.6
601688,100,2,华泰证券,19.030000686645508,SH,上海主板,601688.SH,2010-02-26,False,True,2010-02-26,2026-05-21,3930.0,2174845750.4
601689,100,2,拓普集团,452.0,SH,上海主板,601689.SH,2015-03-19,False,True,2015-03-19,2026-05-21,2705.0,3018517808.0
601696,100,2,中银证券,1208.022500038147,SH,上海主板,601696.SH,2020-02-26,False,True,2020-02-26,2026-05-21,1511.0,428161877.6
601698,100,2,中国卫通,44.16999816894531,SH,上海主板,601698.SH,2019-06-28,False,True,2019-06-28,2026-05-21,1671.0,3034044307.2
601699,100,2,潞安环能,1704.0150003433228,SH,上海主板,601699.SH,2006-09-22,False,True,2006-09-22,2026-05-21,4740.0,521448343.2
601700,100,2,风范股份,5.579999923706055,SH,上海主板,601700.SH,2011-01-18,False,True,2011-01-18,2026-05-21,3510.0,124347210.8
601702,100,2,华峰铝业,19.57999992370605,SH,上海主板,601702.SH,2020-09-07,False,True,2020-09-07,2026-05-21,1379.0,162946759.6
601717,100,2,中创智领,21.920000076293945,SH,上海主板,601717.SH,2010-08-03,False,True,2010-08-03,2026-05-21,3630.0,432598800.8
601718,100,2,际华集团,4290.01312494278,SH,上海主板,601718.SH,2010-08-16,False,True,2010-08-16,2026-05-21,3811.0,119090374.9
601727,100,2,上海电气,88.01749992370605,SH,上海主板,601727.SH,2008-12-05,False,True,2008-12-05,2026-05-21,3958.0,2249897859.2
601728,100,2,中国电信,5.940000057220459,SH,上海主板,601728.SH,2021-08-20,False,True,2021-08-20,2026-05-21,1147.0,1538551308.8
601766,100,2,中国中车,6.320000171661377,SH,上海主板,601766.SH,2008-08-18,False,True,2008-08-18,2026-05-21,4212.0,1416243340.8
601777,100,2,千里科技,504.0325002670288,SH,上海主板,601777.SH,2010-11-25,False,True,2010-11-25,2026-05-21,3713.0,743225588.0
601778,100,2,晶科科技,5.340000152587891,SH,上海主板,601778.SH,2020-05-19,False,True,2020-05-19,2026-05-21,1456.0,4283247232.0
601788,100,2,光大证券,1992.0600004196167,SH,上海主板,601788.SH,2009-08-18,False,True,2009-08-18,2026-05-21,4045.0,517706235.2
601789,100,2,宁波建工,5.920000076293945,SH,上海主板,601789.SH,2011-08-16,False,True,2011-08-16,2026-05-21,3394.0,700404009.6
601798,100,2,蓝科高新,200.0,SH,上海主板,601798.SH,2011-06-22,False,True,2011-06-22,2026-05-21,3550.0,64989192.8
601799,100,2,星宇股份,124.0999984741211,SH,上海主板,601799.SH,2011-02-01,False,True,2011-02-01,2026-05-21,3660.0,621111760.8
601800,100,2,中国交建,7.940000057220459,SH,上海主板,601800.SH,2012-03-09,False,True,2012-03-09,2026-05-21,3446.0,315323571.2
601801,100,2,皖新传媒,6.539999961853027,SH,上海主板,601801.SH,2010-01-18,False,True,2010-01-18,2026-05-21,3936.0,50917979.7
601808,100,2,中海油服,16.809999465942383,SH,上海主板,601808.SH,2007-09-28,False,True,2007-09-28,2026-05-21,4515.0,317749161.6
601811,100,2,新华文轩,1432.057499885559,SH,上海主板,601811.SH,2016-08-08,False,True,2016-08-08,2026-05-21,2373.0,46154249.9
601816,100,2,京沪高铁,5.070000171661377,SH,上海主板,601816.SH,2020-01-16,False,True,2020-01-16,2026-05-21,1534.0,860774440.0
601818,100,2,光大银行,5186.01437497139,SH,上海主板,601818.SH,2010-08-18,False,True,2010-08-18,2026-05-21,3804.0,446821124.0
601825,100,2,沪农商行,200.03999996185303,SH,上海主板,601825.SH,2021-08-19,False,True,2021-08-19,2026-05-21,1148.0,212541639.6
601827,100,2,三峰环境,248.0124998092652,SH,上海主板,601827.SH,2020-06-05,False,True,2020-06-05,2026-05-21,1443.0,57806804.0
601828,100,2,美凯龙,1922.0012500286105,SH,上海主板,601828.SH,2018-01-17,False,True,2018-01-17,2026-05-21,2014.0,114726179.6
601838,100,2,成都银行,17.09000015258789,SH,上海主板,601838.SH,2018-01-31,False,True,2018-01-31,2026-05-21,2010.0,431230984.0
601857,100,2,中国石油,1080.0524997711182,SH,上海主板,601857.SH,2007-11-05,False,True,2007-11-05,2026-05-21,4496.0,2092916902.4
601858,100,2,中国科传,23.5,SH,上海主板,601858.SH,2017-01-18,False,True,2017-01-18,2026-05-21,2264.0,427104438.4
601860,100,2,紫金银行,3266.0031249523163,SH,上海主板,601860.SH,2019-01-03,False,True,2019-01-03,2026-05-21,1787.0,100141106.6
601865,100,2,福莱特,1992.039999961853,SH,上海主板,601865.SH,2019-02-15,False,True,2019-02-15,2026-05-21,1761.0,288086948.8
601866,100,2,中远海发,2754.008125066757,SH,上海主板,601866.SH,2007-12-12,False,True,2007-12-12,2026-05-21,4359.0,234086615.2
601868,100,2,中国能建,4738.013750076294,SH,上海主板,601868.SH,2021-09-28,False,True,2021-09-28,2026-05-21,1122.0,3235965619.2
601869,100,2,长飞光纤,216.8800048828125,SH,上海主板,601869.SH,2018-07-20,False,True,2018-07-20,2026-05-21,1898.0,6358340057.6
601872,100,2,招商轮船,16.780000686645508,SH,上海主板,601872.SH,2006-12-01,False,True,2006-12-01,2026-05-21,4600.0,2872891788.8
601877,100,2,正泰电器,80.04999923706055,SH,上海主板,601877.SH,2010-01-21,False,True,2010-01-21,2026-05-21,3821.0,1139258054.4
601878,100,2,浙商证券,520.0100002288818,SH,上海主板,601878.SH,2017-06-26,False,True,2017-06-26,2026-05-21,2161.0,334809017.6
601880,100,2,辽港股份,1.7300000190734863,SH,上海主板,601880.SH,2010-12-06,False,True,2010-12-06,2026-05-21,3731.0,184585574.0
601881,100,2,中国银河,1480.0,SH,上海主板,601881.SH,2017-01-23,False,True,2017-01-23,2026-05-21,2261.0,560565976.0
601882,100,2,海天精工,20.280000686645508,SH,上海主板,601882.SH,2016-11-07,False,True,2016-11-07,2026-05-21,2312.0,176502158.6
601886,100,2,江河集团,8.0,SH,上海主板,601886.SH,2011-08-18,False,True,2011-08-18,2026-05-21,3546.0,75247656.9
601888,100,2,中国中免,72.19999694824219,SH,上海主板,601888.SH,2009-10-15,False,True,2009-10-15,2026-05-21,3965.0,1801442534.4
601890,100,2,亚星锚链,664.0574998855591,SH,上海主板,601890.SH,2010-12-28,False,True,2010-12-28,2026-05-21,3731.0,471051627.2
601898,100,2,中煤能源,18.559999465942383,SH,上海主板,601898.SH,2008-02-01,False,True,2008-02-01,2026-05-21,4432.0,734928310.4
601899,100,2,紫金矿业,31.64999961853028,SH,上海主板,601899.SH,2008-04-25,False,True,2008-04-25,2026-05-21,4345.0,10341286348.8
601900,100,2,南方传媒,1416.0600004196167,SH,上海主板,601900.SH,2016-02-15,False,True,2016-02-15,2026-05-21,2376.0,129636307.6
601901,100,2,方正证券,7.190000057220459,SH,上海主板,601901.SH,2011-08-10,False,True,2011-08-10,2026-05-21,3467.0,408804212.8
601908,100,2,京运通,4.150000095367432,SH,上海主板,601908.SH,2011-09-08,False,True,2011-09-08,2026-05-21,3546.0,491851171.2
601916,100,2,浙商银行,4418.011874914169,SH,上海主板,601916.SH,2019-11-26,False,True,2019-11-26,2026-05-21,1564.0,247039847.2
601918,100,2,新集能源,7.769999980926514,SH,上海主板,601918.SH,2007-12-19,False,True,2007-12-19,2026-05-21,4320.0,520279504.0
601919,100,2,中远海控,2008.017499923706,SH,上海主板,601919.SH,2007-06-26,False,True,2007-06-26,2026-05-21,4406.0,1367615747.2
601921,100,2,浙版传媒,7.760000228881836,SH,上海主板,601921.SH,2021-07-23,False,True,2021-07-23,2026-05-21,1167.0,86838282.4
601928,100,2,凤凰传媒,456.0299997329712,SH,上海主板,601928.SH,2011-11-30,False,True,2011-11-30,2026-05-21,3457.0,73074860.4
601929,100,2,吉视传媒,4162.004374980927,SH,上海主板,601929.SH,2012-02-23,False,True,2012-02-23,2026-05-21,3448.0,420914143.2
601933,100,2,永辉超市,7554.006249904633,SH,上海主板,601933.SH,2010-12-15,False,True,2010-12-15,2026-05-21,3722.0,429762378.4
601939,100,2,建设银行,360.0050001144409,SH,上海主板,601939.SH,2007-09-25,False,True,2007-09-25,2026-05-21,4514.0,855063353.6
601949,100,2,中国出版,6.409999847412109,SH,上海主板,601949.SH,2017-08-21,False,True,2017-08-21,2026-05-21,2121.0,67057765.6
601952,100,2,苏垦农发,552.045000076294,SH,上海主板,601952.SH,2017-05-15,False,True,2017-05-15,2026-05-21,2189.0,191433865.6
601956,100,2,东贝集团,6.53000020980835,SH,上海主板,601956.SH,2020-12-25,False,True,2020-12-25,2026-05-21,1306.0,48231265.6
601958,100,2,金钼股份,18.940000534057617,SH,上海主板,601958.SH,2008-04-17,False,True,2008-04-17,2026-05-21,4386.0,1023337680.0
601963,100,2,重庆银行,776.0,SH,上海主板,601963.SH,2021-02-05,False,True,2021-02-05,2026-05-21,1277.0,145594288.4
601965,100,2,中国汽研,17.559999465942383,SH,上海主板,601965.SH,2012-06-11,False,True,2012-06-11,2026-05-21,3377.0,234014036.8
601966,100,2,玲珑轮胎,1624.017499923706,SH,上海主板,601966.SH,2016-07-06,False,True,2016-07-06,2026-05-21,2377.0,144379406.8
601968,100,2,宝钢包装,5.25,SH,上海主板,601968.SH,2015-06-11,False,True,2015-06-11,2026-05-21,2636.0,76760104.6
601969,100,2,海南矿业,936.0050001144408,SH,上海主板,601969.SH,2014-12-09,False,True,2014-12-09,2026-05-21,2730.0,371716424.0
601975,100,2,招商南油,4.519999980926514,SH,上海主板,601975.SH,2019-01-08,False,True,2019-01-08,2026-05-21,1783.0,1670947676.8
601985,100,2,中国核电,216.04749965667725,SH,上海主板,601985.SH,2015-06-10,False,True,2015-06-10,2026-05-21,2658.0,1305914560.0
601988,100,2,中国银行,5.510000228881836,SH,上海主板,601988.SH,2006-07-05,False,True,2006-07-05,2026-05-21,4814.0,1235059840.0
601990,100,2,南京证券,7.409999847412109,SH,上海主板,601990.SH,2018-06-13,False,True,2018-06-13,2026-05-21,1924.0,130608974.4
601991,100,2,大唐发电,4.199999809265137,SH,上海主板,601991.SH,2006-12-20,False,True,2006-12-20,2026-05-21,4675.0,4106047955.2
601992,100,2,金隅集团,1.809999942779541,SH,上海主板,601992.SH,2011-03-01,False,True,2011-03-01,2026-05-21,3669.0,115134522.4
601995,100,2,中金公司,60.02999877929688,SH,上海主板,601995.SH,2020-11-02,False,True,2020-11-02,2026-05-21,1325.0,631750652.8
601996,100,2,丰林集团,1474.0006248950958,SH,上海主板,601996.SH,2011-09-29,False,True,2011-09-29,2026-05-21,3450.0,225639893.6
601997,100,2,贵阳银行,5.78000020980835,SH,上海主板,601997.SH,2016-08-16,False,True,2016-08-16,2026-05-21,2367.0,355849236.0
601998,100,2,中信银行,7.96999979019165,SH,上海主板,601998.SH,2007-04-27,False,True,2007-04-27,2026-05-21,4609.0,425707056.0
601999,100,2,出版传媒,7.769999980926514,SH,上海主板,601999.SH,2007-12-21,False,True,2007-12-21,2026-05-21,4365.0,67939371.2
603000,100,2,人民网,19.700000762939453,SH,上海主板,603000.SH,2012-04-27,False,True,2012-04-27,2026-05-21,3415.0,426005178.4
603001,100,2,奥康国际,136.03999996185303,SH,上海主板,603001.SH,2012-04-26,False,True,2012-04-26,2026-05-21,3386.0,111277567.0
603002,100,2,宏昌电子,488.0349998474121,SH,上海主板,603002.SH,2012-05-18,False,True,2012-05-18,2026-05-21,3375.0,1287936284.8
603004,100,2,鼎龙科技,22.190000534057617,SH,上海主板,603004.SH,2023-12-27,False,True,2023-12-27,2026-05-21,577.0,52706958.7
603005,100,2,晶方科技,28.1200008392334,SH,上海主板,603005.SH,2014-02-10,False,True,2014-02-10,2026-05-21,2983.0,1790741478.4
603006,100,2,联明股份,1192.045000076294,SH,上海主板,603006.SH,2014-06-30,False,True,2014-06-30,2026-05-21,2822.0,57888624.2
603008,100,2,喜临门,20.34000015258789,SH,上海主板,603008.SH,2012-07-17,False,True,2012-07-17,2026-05-21,3272.0,158274422.3
603009,100,2,北特科技,268.04999923706055,SH,上海主板,603009.SH,2014-07-18,False,True,2014-07-18,2026-05-21,2797.0,475760880.0
603010,100,2,万盛股份,808.045000076294,SH,上海主板,603010.SH,2014-10-10,False,True,2014-10-10,2026-05-21,2529.0,229269006.8
603011,100,2,合锻智能,21.31999969482422,SH,上海主板,603011.SH,2014-11-07,False,True,2014-11-07,2026-05-21,2704.0,375396809.6
603012,100,2,创力集团,7.949999809265137,SH,上海主板,603012.SH,2015-03-20,False,True,2015-03-20,2026-05-21,2709.0,244806437.6
603013,100,2,亚普股份,20.89999961853028,SH,上海主板,603013.SH,2018-05-09,False,True,2018-05-09,2026-05-21,1949.0,109070647.2
603014,100,2,威高血净,128.11999893188477,SH,上海主板,603014.SH,2025-05-19,False,True,2025-05-19,2026-05-21,235.0,33502087.2
603015,100,2,弘讯科技,1224.0500001907349,SH,上海主板,603015.SH,2015-03-03,False,True,2015-03-03,2026-05-21,2716.0,115657101.4
603016,100,2,新宏泰,80.06999969482422,SH,上海主板,603016.SH,2016-07-01,False,True,2016-07-01,2026-05-21,2220.0,340533708.0
603017,100,2,中衡设计,1400.0524997711182,SH,上海主板,603017.SH,2014-12-31,False,True,2014-12-31,2026-05-21,2696.0,435911105.2
603018,100,2,华设集团,7.550000190734863,SH,上海主板,603018.SH,2014-10-13,False,True,2014-10-13,2026-05-21,2760.0,54990531.8
603019,100,2,中科曙光,83.76000213623047,SH,上海主板,603019.SH,2014-11-06,False,True,2014-11-06,2026-05-21,2776.0,7085904537.6
603020,100,2,爱普股份,600.0375003814697,SH,上海主板,603020.SH,2015-03-25,False,True,2015-03-25,2026-05-21,2711.0,95971604.7
603022,100,2,新通联,600.017499923706,SH,上海主板,603022.SH,2015-05-18,False,True,2015-05-18,2026-05-21,2672.0,56997380.6
603023,100,2,威帝股份,4.699999809265137,SH,上海主板,603023.SH,2015-05-27,False,True,2015-05-27,2026-05-21,2644.0,94117217.2
603025,100,2,大豪科技,1832.0150003433228,SH,上海主板,603025.SH,2015-04-22,False,True,2015-04-22,2026-05-21,2655.0,286394070.4
603026,100,2,石大胜华,75.41000366210938,SH,上海主板,603026.SH,2015-05-29,False,True,2015-05-29,2026-05-21,2665.0,2258483155.2
603027,100,2,千禾味业,296.0349998474121,SH,上海主板,603027.SH,2016-03-07,False,True,2016-03-07,2026-05-21,2478.0,183980331.6
603028,100,2,赛福天,184.0424995422364,SH,上海主板,603028.SH,2016-03-31,False,True,2016-03-31,2026-05-21,2441.0,95195803.6
603029,100,2,天鹅股份,18.51000022888184,SH,上海主板,603029.SH,2016-04-27,False,True,2016-04-27,2026-05-21,2393.0,42803335.7
603030,100,2,全筑股份,1794.0125000476835,SH,上海主板,603030.SH,2015-03-20,False,True,2015-03-20,2026-05-21,2696.0,178554547.2
603031,100,2,安孚科技,312.0299987792969,SH,上海主板,603031.SH,2016-08-22,False,True,2016-08-22,2026-05-21,2355.0,1079919006.4
603032,100,2,德新科技,17.600000381469727,SH,上海主板,603032.SH,2017-01-05,False,True,2017-01-05,2026-05-21,2118.0,389708006.4
603033,100,2,三维股份,520.0,SH,上海主板,603033.SH,2016-12-07,False,True,2016-12-07,2026-05-21,2219.0,135019099.2
603035,100,2,常熟汽饰,1576.045000076294,SH,上海主板,603035.SH,2017-01-05,False,True,2017-01-05,2026-05-21,2273.0,69345976.8
603036,100,2,如通股份,18.59000015258789,SH,上海主板,603036.SH,2016-12-09,False,True,2016-12-09,2026-05-21,2286.0,80203035.8
603037,100,2,凯众股份,1368.057499885559,SH,上海主板,603037.SH,2017-01-20,False,True,2017-01-20,2026-05-21,2257.0,175843607.4
603038,100,2,华立股份,1768.0550003051758,SH,上海主板,603038.SH,2017-01-16,False,True,2017-01-16,2026-05-21,2263.0,113244718.8
603039,100,2,泛微网络,168.0099983215332,SH,上海主板,603039.SH,2017-01-13,False,True,2017-01-13,2026-05-21,2198.0,534591443.2
603040,100,2,新坐标,77.72000122070312,SH,上海主板,603040.SH,2017-02-09,False,True,2017-02-09,2026-05-21,2252.0,223287502.0
603041,100,2,美思德,1096.0299997329712,SH,上海主板,603041.SH,2017-03-30,False,True,2017-03-30,2026-05-21,2218.0,60109566.9
603042,100,2,华脉科技,19.82999992370605,SH,上海主板,603042.SH,2017-06-02,False,True,2017-06-02,2026-05-21,2170.0,318927247.2
603043,100,2,广州酒家,16.309999465942383,SH,上海主板,603043.SH,2017-06-27,False,True,2017-06-27,2026-05-21,2160.0,55061274.9
603045,100,2,福达合金,29.950000762939453,SH,上海主板,603045.SH,2018-05-17,False,True,2018-05-17,2026-05-21,1932.0,673501514.2
603048,100,2,浙江黎明,20.76000022888184,SH,上海主板,603048.SH,2021-11-16,False,True,2021-11-16,2026-05-21,1092.0,51775580.2
603049,100,2,中策橡胶,284.1599998474121,SH,上海主板,603049.SH,2025-06-05,False,True,2025-06-05,2026-05-21,233.0,117849752.8
603050,100,2,科林电气,22.40999984741211,SH,上海主板,603050.SH,2017-04-14,False,True,2017-04-14,2026-05-21,2208.0,240750957.8
603051,100,2,鹿山新材,21.459999084472656,SH,上海主板,603051.SH,2022-03-25,False,True,2022-03-25,2026-05-21,1005.0,138826933.4
603052,100,2,可川科技,496.2099990844727,SH,上海主板,603052.SH,2022-10-11,False,True,2022-10-11,2026-05-21,875.0,890645847.2
603053,100,2,成都燃气,584.0,SH,上海主板,603053.SH,2019-12-17,False,True,2019-12-17,2026-05-21,1555.0,36461548.1
603055,100,2,台华新材,392.0600004196167,SH,上海主板,603055.SH,2017-09-21,False,True,2017-09-21,2026-05-21,2098.0,70386298.4
603056,100,2,德邦股份,18.850000381469727,SH,上海主板,603056.SH,,False,True,2018-01-16,2026-01-20,1931.0,247973656.4
603057,100,2,紫燕食品,26.39999961853028,SH,上海主板,603057.SH,2022-09-26,False,True,2022-09-26,2026-05-21,881.0,112506898.0
603058,100,2,永吉股份,1048.057499885559,SH,上海主板,603058.SH,2016-12-23,False,True,2016-12-23,2026-05-21,2269.0,131865606.0
603059,100,2,倍加洁,32.15999984741211,SH,上海主板,603059.SH,2018-03-02,False,True,2018-03-02,2026-05-21,1993.0,58454111.8
603060,100,2,国检集团,6.360000133514404,SH,上海主板,603060.SH,2016-11-09,False,True,2016-11-09,2026-05-21,2313.0,178850799.8
603061,100,2,金海通,243.6000061035156,SH,上海主板,603061.SH,2023-03-03,False,True,2023-03-03,2026-05-21,778.0,1032574502.4
603062,100,2,麦加芯彩,304.1800003051758,SH,上海主板,603062.SH,2023-11-07,False,True,2023-11-07,2026-05-21,613.0,99470247.8
603063,100,2,禾望电气,44.13999938964844,SH,上海主板,603063.SH,2017-07-28,False,True,2017-07-28,2026-05-21,2137.0,2004027372.8
603065,100,2,宿迁联盛,24.01749992370605,SH,上海主板,603065.SH,2023-03-21,False,True,2023-03-21,2026-05-21,766.0,37524704.4
603066,100,2,音飞储存,520.0600004196167,SH,上海主板,603066.SH,2015-06-11,False,True,2015-06-11,2026-05-21,2574.0,120595264.8
603067,100,2,振华股份,32.16999816894531,SH,上海主板,603067.SH,2016-09-13,False,True,2016-09-13,2026-05-21,2334.0,1364726396.8
603068,100,2,博通集成,36.02999877929688,SH,上海主板,603068.SH,2019-04-15,False,True,2019-04-15,2026-05-21,1721.0,158777371.2
603069,100,2,海汽集团,18.06999969482422,SH,上海主板,603069.SH,2016-07-12,False,True,2016-07-12,2026-05-21,2374.0,121201760.8
603070,100,2,万控智造,1752.017499923706,SH,上海主板,603070.SH,2022-03-10,False,True,2022-03-10,2026-05-21,1016.0,133229669.0
603071,100,2,物产环能,1640.045000076294,SH,上海主板,603071.SH,2021-12-16,False,True,2021-12-16,2026-05-21,1070.0,54955334.6
603072,100,2,天和磁材,100.22999954223631,SH,上海主板,603072.SH,2025-01-03,False,True,2025-01-03,2026-05-21,331.0,117356212.0
603073,100,2,彩蝶实业,19.299999237060547,SH,上海主板,603073.SH,2023-03-16,False,True,2023-03-16,2026-05-21,769.0,42971795.0
603075,100,2,热威股份,21.479999542236328,SH,上海主板,603075.SH,2023-09-11,False,True,2023-09-11,2026-05-21,648.0,53914817.4
603076,100,2,乐惠国际,24.940000534057617,SH,上海主板,603076.SH,2017-11-13,False,True,2017-11-13,2026-05-21,2066.0,173745734.4
603077,100,2,和邦生物,3138.0043749809265,SH,上海主板,603077.SH,2012-07-31,False,True,2012-07-31,2026-05-21,3266.0,714553014.4
603078,100,2,江化微,22.489999771118164,SH,上海主板,603078.SH,2017-04-10,False,True,2017-04-10,2026-05-21,2206.0,981587254.4
603079,100,2,圣达生物,16.690000534057617,SH,上海主板,603079.SH,2017-08-23,False,True,2017-08-23,2026-05-21,2081.0,64757171.6
603080,100,2,新疆火炬,22.739999771118164,SH,上海主板,603080.SH,2018-01-03,False,True,2018-01-03,2026-05-21,2028.0,81957564.7
603081,100,2,大丰实业,1000.034999847412,SH,上海主板,603081.SH,2017-04-20,False,True,2017-04-20,2026-05-21,2205.0,91824243.4
603082,100,2,北自科技,80.18000030517578,SH,上海主板,603082.SH,2024-01-30,False,True,2024-01-30,2026-05-21,549.0,224340804.0
603083,100,2,剑桥科技,115.33000183105467,SH,上海主板,603083.SH,2017-11-10,False,True,2017-11-10,2026-05-21,2067.0,6239430054.4
603085,100,2,天成自控,696.0325002670288,SH,上海主板,603085.SH,2015-06-30,False,True,2015-06-30,2026-05-21,2624.0,174832504.8
603086,100,2,先达股份,7.46999979019165,SH,上海主板,603086.SH,2017-05-11,False,True,2017-05-11,2026-05-21,2191.0,46526074.8
603087,100,2,甘李药业,472.1500015258789,SH,上海主板,603087.SH,2020-06-29,False,True,2020-06-29,2026-05-21,1429.0,418804409.6
603088,100,2,宁波精达,1192.0550003051758,SH,上海主板,603088.SH,2014-11-11,False,True,2014-11-11,2026-05-21,2783.0,265900628.0
603089,100,2,正裕工业,1096.039999961853,SH,上海主板,603089.SH,2017-01-26,False,True,2017-01-26,2026-05-21,2258.0,37617662.6
603090,100,2,宏盛股份,496.1199989318848,SH,上海主板,603090.SH,2016-08-31,False,True,2016-08-31,2026-05-21,2300.0,452843249.6
603091,100,2,众鑫股份,73.7300033569336,SH,上海主板,603091.SH,2024-09-20,False,True,2024-09-20,2026-05-21,400.0,50571955.7
603092,100,2,德力佳,71.11000061035156,SH,上海主板,603092.SH,2025-11-07,False,True,2025-11-07,2026-05-21,128.0,207069930.8
603093,100,2,南华期货,19.90999984741211,SH,上海主板,603093.SH,2019-08-30,False,True,2019-08-30,2026-05-21,1626.0,375309066.4
603095,100,2,越剑智能,16.920000076293945,SH,上海主板,603095.SH,2020-04-15,False,True,2020-04-15,2026-05-21,1477.0,335041823.4
603096,100,2,新经典,17.579999923706055,SH,上海主板,603096.SH,2017-04-25,False,True,2017-04-25,2026-05-21,2202.0,37538300.3
603097,100,2,江苏华辰,60.150001525878906,SH,上海主板,603097.SH,2022-05-12,False,True,2022-05-12,2026-05-21,976.0,107052609.6
603098,100,2,森特股份,17.270000457763672,SH,上海主板,603098.SH,2016-12-16,False,True,2016-12-16,2026-05-21,2285.0,104084279.6
603099,100,2,长白山,108.11000061035156,SH,上海主板,603099.SH,2014-08-22,False,True,2014-08-22,2026-05-21,2851.0,217760149.6
603100,100,2,川仪股份,20.57999992370605,SH,上海主板,603100.SH,2014-08-05,False,True,2014-08-05,2026-05-21,2826.0,144463634.0
603101,100,2,汇嘉时代,40.00500011444092,SH,上海主板,603101.SH,2016-05-06,False,True,2016-05-06,2026-05-21,2437.0,266660789.6
603102,100,2,百合股份,172.13000106811523,SH,上海主板,603102.SH,2022-01-25,False,True,2022-01-25,2026-05-21,1043.0,28262988.5
603103,100,2,横店影视,23.06999969482422,SH,上海主板,603103.SH,2017-10-12,False,True,2017-10-12,2026-05-21,2088.0,200942892.4
603105,100,2,芯能科技,920.017499923706,SH,上海主板,603105.SH,2018-07-09,False,True,2018-07-09,2026-05-21,1907.0,260799914.4
603106,100,2,恒银科技,312.01249980926514,SH,上海主板,603106.SH,2017-09-20,False,True,2017-09-20,2026-05-21,2098.0,54463322.2
603107,100,2,上海汽配,1656.0524997711182,SH,上海主板,603107.SH,2023-11-01,False,True,2023-11-01,2026-05-21,617.0,33906528.8
603108,100,2,润达医疗,1432.027500152588,SH,上海主板,603108.SH,2015-05-27,False,True,2015-05-27,2026-05-21,2531.0,361192627.2
603109,100,2,神驰机电,23.020000457763672,SH,上海主板,603109.SH,2019-12-31,False,True,2019-12-31,2026-05-21,1545.0,102260814.6
603110,100,2,东方材料,2056.1200008392334,SH,上海主板,603110.SH,2017-10-13,False,True,2017-10-13,2026-05-21,2085.0,427849264.0
603111,100,2,康尼机电,6.599999904632568,SH,上海主板,603111.SH,2014-08-01,False,True,2014-08-01,2026-05-21,2675.0,65014047.9
603112,100,2,华翔股份,17.200000762939453,SH,上海主板,603112.SH,2020-09-17,False,True,2020-09-17,2026-05-21,1371.0,277284244.8
603113,100,2,金能科技,7.230000019073486,SH,上海主板,603113.SH,2017-05-11,False,True,2017-05-11,2026-05-21,2191.0,113877261.4
603115,100,2,海星股份,31.850000381469727,SH,上海主板,603115.SH,2019-08-09,False,True,2019-08-09,2026-05-21,1641.0,662469978.4
603116,100,2,红蜻蜓,5.570000171661377,SH,上海主板,603116.SH,2015-06-29,False,True,2015-06-29,2026-05-21,2643.0,172154816.6
603117,100,2,万林物流,5.050000190734863,SH,上海主板,603117.SH,2015-06-29,False,True,2015-06-29,2026-05-21,2630.0,74067312.0
603118,100,2,共进股份,1096.0100002288818,SH,上海主板,603118.SH,2015-02-25,False,True,2015-02-25,2026-05-21,2694.0,1325124329.6
603119,100,2,浙江荣泰,74.37000274658203,SH,上海主板,603119.SH,2023-08-01,False,True,2023-08-01,2026-05-21,677.0,1821209795.2
603120,100,2,肯特催化,144.0800018310547,SH,上海主板,603120.SH,2025-04-16,False,True,2025-04-16,2026-05-21,265.0,153233516.6
603121,100,2,华培动力,17.260000228881836,SH,上海主板,603121.SH,2019-01-11,False,True,2019-01-11,2026-05-21,1771.0,175572274.4
603122,100,2,合富中国,1928.0500001907349,SH,上海主板,603122.SH,2022-02-16,False,True,2022-02-16,2026-05-21,1029.0,291236813.6
603123,100,2,翠微股份,872.0050001144409,SH,上海主板,603123.SH,2012-05-03,False,True,2012-05-03,2026-05-21,3332.0,239819589.6
603124,100,2,江南新材,100.5,SH,上海主板,603124.SH,2025-03-20,False,True,2025-03-20,2026-05-21,283.0,355638502.4
603125,100,2,常青科技,17.549999237060547,SH,上海主板,603125.SH,2023-04-10,False,True,2023-04-10,2026-05-21,753.0,253312501.0
603126,100,2,中材节能,7.380000114440918,SH,上海主板,603126.SH,2014-07-31,False,True,2014-07-31,2026-05-21,2807.0,188154347.8
603127,100,2,昭衍新药,28.100000381469727,SH,上海主板,603127.SH,2017-08-25,False,True,2017-08-25,2026-05-21,2117.0,1469221267.2
603128,100,2,华贸物流,5.75,SH,上海主板,603128.SH,2012-05-29,False,True,2012-05-29,2026-05-21,3279.0,55987744.2
603129,100,2,春风动力,240.0,SH,上海主板,603129.SH,2017-08-18,False,True,2017-08-18,2026-05-21,2122.0,338238216.8
603130,100,2,云中马,208.20999908447263,SH,上海主板,603130.SH,2022-11-18,False,True,2022-11-18,2026-05-21,847.0,134511719.2
603131,100,2,上海沪工,20.950000762939453,SH,上海主板,603131.SH,2016-06-07,False,True,2016-06-07,2026-05-21,2326.0,390022252.8
603132,100,2,金徽股份,1960.055000305176,SH,上海主板,603132.SH,2022-02-22,False,True,2022-02-22,2026-05-21,1028.0,160237199.2
603135,100,2,中重科技,568.0424995422363,SH,上海主板,603135.SH,2023-04-10,False,True,2023-04-10,2026-05-21,753.0,89748517.4
603136,100,2,天目湖,920.0375003814696,SH,上海主板,603136.SH,2017-09-27,False,True,2017-09-27,2026-05-21,2094.0,66127406.8
603137,100,2,恒尚节能,1352.039999961853,SH,上海主板,603137.SH,2023-04-19,False,True,2023-04-19,2026-05-21,746.0,32650420.9
603138,100,2,海量数据,19.81999969482422,SH,上海主板,603138.SH,2017-03-06,False,True,2017-03-06,2026-05-21,2236.0,281267741.6
603139,100,2,康惠股份,26.36000061035156,SH,上海主板,603139.SH,2017-04-21,False,True,2017-04-21,2026-05-21,2202.0,192250644.4
603150,100,2,万朗磁塑,348.04000091552734,SH,上海主板,603150.SH,2022-01-24,False,True,2022-01-24,2026-05-21,1044.0,159140216.8
603151,100,2,邦基科技,17.489999771118164,SH,上海主板,603151.SH,2022-10-19,False,True,2022-10-19,2026-05-21,861.0,45983741.1
603153,100,2,上海建科,2040.0024995803835,SH,上海主板,603153.SH,2023-03-13,False,True,2023-03-13,2026-05-21,772.0,54329706.5
603155,100,2,新亚强,2008.007499694824,SH,上海主板,603155.SH,2020-09-01,False,True,2020-09-01,2026-05-21,1383.0,137960709.8
603156,100,2,养元饮品,30.790000915527344,SH,上海主板,603156.SH,2018-02-12,False,True,2018-02-12,2026-05-21,2002.0,758399950.4
603158,100,2,腾龙股份,920.0574998855592,SH,上海主板,603158.SH,2015-03-20,False,True,2015-03-20,2026-05-21,2675.0,542227772.8
603159,100,2,上海亚虹,25.0,SH,上海主板,603159.SH,2016-08-12,False,True,2016-08-12,2026-05-21,2367.0,53009838.4
603160,100,2,汇顶科技,69.44999694824219,SH,上海主板,603160.SH,2016-10-17,False,True,2016-10-17,2026-05-21,2320.0,434438662.4
603161,100,2,科华控股,1704.034999847412,SH,上海主板,603161.SH,2018-01-05,False,True,2018-01-05,2026-05-21,2013.0,44474448.8
603162,100,2,海通发展,1176.027500152588,SH,上海主板,603162.SH,2023-03-29,False,True,2023-03-29,2026-05-21,760.0,361163227.2
603163,100,2,圣晖集成,109.91999816894533,SH,上海主板,603163.SH,2022-10-13,False,True,2022-10-13,2026-05-21,873.0,375996454.4
603165,100,2,荣晟环保,1784.022500038147,SH,上海主板,603165.SH,2017-01-17,False,True,2017-01-17,2026-05-21,2264.0,227693462.4
603166,100,2,福达股份,1336.0524997711182,SH,上海主板,603166.SH,2014-11-27,False,True,2014-11-27,2026-05-21,2785.0,112898533.6
603167,100,2,渤海轮渡,328.0299997329712,SH,上海主板,603167.SH,2012-09-06,False,True,2012-09-06,2026-05-21,3324.0,64279888.2
603168,100,2,莎普爱思,6.880000114440918,SH,上海主板,603168.SH,2014-07-02,False,True,2014-07-02,2026-05-21,2862.0,43658526.5
603169,100,2,兰石重装,840.0100002288818,SH,上海主板,603169.SH,2014-10-09,False,True,2014-10-09,2026-05-21,2725.0,210018287.2
603170,100,2,宝立食品,1288.0299997329712,SH,上海主板,603170.SH,2022-07-15,False,True,2022-07-15,2026-05-21,931.0,49394140.5
603171,100,2,税友股份,352.1500015258789,SH,上海主板,603171.SH,2021-06-30,False,True,2021-06-30,2026-05-21,1184.0,461549611.2
603172,100,2,万丰股份,20.700000762939453,SH,上海主板,603172.SH,2023-05-10,False,True,2023-05-10,2026-05-21,734.0,79847826.4
603173,100,2,福斯达,176.1699981689453,SH,上海主板,603173.SH,2023-01-30,False,True,2023-01-30,2026-05-21,802.0,78890660.6
603175,100,2,超颖电子,87.20999908447266,SH,上海主板,603175.SH,2025-10-24,False,True,2025-10-24,2026-05-21,138.0,489411000.0
603176,100,2,汇通集团,5.309999942779541,SH,上海主板,603176.SH,2021-12-31,False,True,2021-12-31,2026-05-21,1059.0,31764464.2
603177,100,2,德创环保,824.0124998092651,SH,上海主板,603177.SH,2017-02-07,False,True,2017-02-07,2026-05-21,2250.0,68012536.4
603178,100,2,圣龙股份,1896.034999847412,SH,上海主板,603178.SH,2017-03-28,False,True,2017-03-28,2026-05-21,2220.0,620355857.6
603179,100,2,新泉股份,544.0,SH,上海主板,603179.SH,2017-03-17,False,True,2017-03-17,2026-05-21,2227.0,1971829625.6
603180,100,2,金牌家居,18.920000076293945,SH,上海主板,603180.SH,2017-05-12,False,True,2017-05-12,2026-05-21,2190.0,21634242.85
603181,100,2,皇马科技,1720.0024995803833,SH,上海主板,603181.SH,2017-08-24,False,True,2017-08-24,2026-05-21,2118.0,124922313.6
603182,100,2,嘉华股份,1752.0074996948242,SH,上海主板,603182.SH,2022-09-09,False,True,2022-09-09,2026-05-21,886.0,51939636.2
603183,100,2,建研院,4.480000019073486,SH,上海主板,603183.SH,2017-09-05,False,True,2017-09-05,2026-05-21,2104.0,77222944.4
603185,100,2,弘元绿能,25.5,SH,上海主板,603185.SH,2018-12-28,False,True,2018-12-28,2026-05-21,1789.0,517644728.0
603186,100,2,华正新材,520.0999984741211,SH,上海主板,603186.SH,2017-01-03,False,True,2017-01-03,2026-05-21,2275.0,1566082038.4
603187,100,2,海容冷链,1944.017499923706,SH,上海主板,603187.SH,2018-11-29,False,True,2018-11-29,2026-05-21,1810.0,93028892.4
603188,100,2,亚邦股份,4.829999923706055,SH,上海主板,603188.SH,2014-09-09,False,True,2014-09-09,2026-05-21,2755.0,85444439.2
603189,100,2,网达软件,20.209999084472656,SH,上海主板,603189.SH,2016-09-14,False,True,2016-09-14,2026-05-21,2344.0,194521230.4
603190,100,2,亚通精工,24.780000686645508,SH,上海主板,603190.SH,2023-02-17,False,True,2023-02-17,2026-05-21,788.0,100405138.5
603191,100,2,望变电气,21.799999237060547,SH,上海主板,603191.SH,2022-04-28,False,True,2022-04-28,2026-05-21,983.0,365288140.8
603192,100,2,汇得科技,23.290000915527344,SH,上海主板,603192.SH,2018-08-28,False,True,2018-08-28,2026-05-21,1871.0,30466118.35
603193,100,2,润本股份,21.56999969482422,SH,上海主板,603193.SH,2023-10-17,False,True,2023-10-17,2026-05-21,628.0,133903297.6
603194,100,2,中力股份,56.13999938964844,SH,上海主板,603194.SH,2024-12-24,False,True,2024-12-24,2026-05-21,338.0,71693966.6
603195,100,2,公牛集团,200.02000045776367,SH,上海主板,603195.SH,2020-02-06,False,True,2020-02-06,2026-05-21,1525.0,256091852.2
603196,100,2,日播时尚,26.84000015258789,SH,上海主板,603196.SH,2017-05-31,False,True,2017-05-31,2026-05-21,2159.0,191477594.8
603197,100,2,保隆科技,44.119998931884766,SH,上海主板,603197.SH,2017-05-19,False,True,2017-05-19,2026-05-21,2185.0,102523463.2
603198,100,2,迎驾贡酒,56.0,SH,上海主板,603198.SH,2015-05-28,False,True,2015-05-28,2026-05-21,2667.0,318866547.6
603199,100,2,九华旅游,208.13999938964844,SH,上海主板,603199.SH,2015-03-26,False,True,2015-03-26,2026-05-21,2710.0,83022503.0
603200,100,2,上海洗霸,476.0800018310547,SH,上海主板,603200.SH,2017-06-01,False,True,2017-06-01,2026-05-21,2178.0,424226032.8
603201,100,2,常润股份,17.31999969482422,SH,上海主板,603201.SH,2022-07-29,False,True,2022-07-29,2026-05-21,921.0,45569915.7
603202,100,2,天有为,93.7300033569336,SH,上海主板,603202.SH,2025-04-24,False,True,2025-04-24,2026-05-21,259.0,125506658.8
603203,100,2,快克智能,108.04000091552734,SH,上海主板,603203.SH,2016-11-08,False,True,2016-11-08,2026-05-21,2314.0,609031564.8
603205,100,2,健尔康,26.479999542236328,SH,上海主板,603205.SH,2024-11-07,False,True,2024-11-07,2026-05-21,371.0,40555912.1
603206,100,2,嘉环科技,1944.057499885559,SH,上海主板,603206.SH,2022-05-06,False,True,2022-05-06,2026-05-21,980.0,191575818.6
603207,100,2,小方制药,27.32999992370605,SH,上海主板,603207.SH,2024-08-26,False,True,2024-08-26,2026-05-21,417.0,29056875.5
603208,100,2,江山欧派,1400.0124998092651,SH,上海主板,603208.SH,2017-02-10,False,True,2017-02-10,2026-05-21,2252.0,33139949.45
603209,100,2,兴通股份,1688.057499885559,SH,上海主板,603209.SH,2022-03-24,False,True,2022-03-24,2026-05-21,1006.0,74263087.4
603210,100,2,泰鸿万立,18.3799991607666,SH,上海主板,603210.SH,2025-04-09,False,True,2025-04-09,2026-05-21,270.0,49470735.6
603211,100,2,晋拓股份,23.709999084472656,SH,上海主板,603211.SH,2022-07-25,False,True,2022-07-25,2026-05-21,925.0,353553679.2
603212,100,2,赛伍技术,1544.0,SH,上海主板,603212.SH,2020-04-30,False,True,2020-04-30,2026-05-21,1466.0,312950013.6
603213,100,2,镇洋发展,1320.045000076294,SH,上海主板,603213.SH,2021-11-11,False,True,2021-11-11,2026-05-21,1085.0,30504827.15
603214,100,2,爱婴室,1976.0325002670288,SH,上海主板,603214.SH,2018-03-30,False,True,2018-03-30,2026-05-21,1973.0,43855096.7
603215,100,2,比依股份,18.450000762939453,SH,上海主板,603215.SH,2022-02-18,False,True,2022-02-18,2026-05-21,1030.0,102573794.8
603216,100,2,梦天家居,56.119998931884766,SH,上海主板,603216.SH,2021-12-15,False,True,2021-12-15,2026-05-21,1062.0,142347892.2
603217,100,2,元利科技,23.299999237060547,SH,上海主板,603217.SH,2019-06-20,False,True,2019-06-20,2026-05-21,1677.0,180545434.8
603218,100,2,日月股份,1768.0249996185305,SH,上海主板,603218.SH,2016-12-28,False,True,2016-12-28,2026-05-21,2278.0,201748107.6
603219,100,2,富佳股份,17.520000457763672,SH,上海主板,603219.SH,2021-11-22,False,True,2021-11-22,2026-05-21,1088.0,160370452.0
603220,100,2,中贝通信,25.84000015258789,SH,上海主板,603220.SH,2018-11-15,False,True,2018-11-15,2026-05-21,1820.0,1899414828.8
603221,100,2,爱丽家居,968.0,SH,上海主板,603221.SH,2020-03-23,False,True,2020-03-23,2026-05-21,1493.0,57684567.5
603222,100,2,济民健康,184.0024995803833,SH,上海主板,603222.SH,2015-02-17,False,True,2015-02-17,2026-05-21,2678.0,210302708.8
603223,100,2,恒通股份,168.0349998474121,SH,上海主板,603223.SH,2015-06-30,False,True,2015-06-30,2026-05-21,2632.0,99486261.2
603225,100,2,新凤鸣,1896.0249996185305,SH,上海主板,603225.SH,2017-04-18,False,True,2017-04-18,2026-05-21,2207.0,352594001.6
603226,100,2,菲林格尔,120.18999862670898,SH,上海主板,603226.SH,2017-06-15,False,True,2017-06-15,2026-05-21,2162.0,183927011.2
603227,100,2,雪峰科技,168.0349998474121,SH,上海主板,603227.SH,2015-05-15,False,True,2015-05-15,2026-05-21,2617.0,144714592.4
603228,100,2,景旺电子,444.20000076293945,SH,上海主板,603228.SH,2017-01-06,False,True,2017-01-06,2026-05-21,2272.0,3366981977.6
603229,100,2,奥翔药业,312.022500038147,SH,上海主板,603229.SH,2017-05-09,False,True,2017-05-09,2026-05-21,2193.0,119652307.2
603230,100,2,内蒙新华,984.0375003814696,SH,上海主板,603230.SH,2021-12-24,False,True,2021-12-24,2026-05-21,1064.0,25485054.5
603231,100,2,索宝蛋白,17.329999923706055,SH,上海主板,603231.SH,2023-12-15,False,True,2023-12-15,2026-05-21,585.0,50949751.6
603232,100,2,格尔软件,21.3799991607666,SH,上海主板,603232.SH,2017-04-21,False,True,2017-04-21,2026-05-21,2204.0,137722077.6
603233,100,2,大参林,18.11000061035156,SH,上海主板,603233.SH,2017-07-31,False,True,2017-07-31,2026-05-21,2136.0,135928301.0
603236,100,2,移远通信,76.51000213623047,SH,上海主板,603236.SH,2019-07-16,False,True,2019-07-16,2026-05-21,1659.0,607073494.4
603237,100,2,五芳斋,16.600000381469727,SH,上海主板,603237.SH,2022-08-31,False,True,2022-08-31,2026-05-21,898.0,33896030.6
603238,100,2,诺邦股份,2040.022500038147,SH,上海主板,603238.SH,2017-02-22,False,True,2017-02-22,2026-05-21,2174.0,55816690.8
603239,100,2,浙江仙通,21.89999961853028,SH,上海主板,603239.SH,2016-12-30,False,True,2016-12-30,2026-05-21,2275.0,162576310.0
603255,100,2,鼎际得,27.75,SH,上海主板,603255.SH,2022-08-18,False,True,2022-08-18,2026-05-21,907.0,57804356.5
603256,100,2,宏和科技,544.0999984741211,SH,上海主板,603256.SH,2019-07-19,False,True,2019-07-19,2026-05-21,1656.0,2989437094.4
603257,100,2,中国瑞林,432.1599998474121,SH,上海主板,603257.SH,2025-04-08,False,True,2025-04-08,2026-05-21,271.0,128051448.8
603258,100,2,电魂网络,17.040000915527344,SH,上海主板,603258.SH,2016-10-26,False,True,2016-10-26,2026-05-21,2323.0,42789470.0
603259,100,2,药明康德,90.9000015258789,SH,上海主板,603259.SH,2018-05-08,False,True,2018-05-08,2026-05-21,1950.0,4913209228.8
603260,100,2,合盛硅业,232.0999984741211,SH,上海主板,603260.SH,2017-10-30,False,True,2017-10-30,2026-05-21,2076.0,413546593.6
603262,100,2,技源集团,26.450000762939453,SH,上海主板,603262.SH,2025-07-23,False,True,2025-07-23,2026-05-21,199.0,39673484.1
603266,100,2,天龙股份,18.450000762939453,SH,上海主板,603266.SH,2017-01-10,False,True,2017-01-10,2026-05-21,2270.0,81170621.2
603267,100,2,鸿远电子,360.0999984741211,SH,上海主板,603267.SH,2019-05-15,False,True,2019-05-15,2026-05-21,1702.0,514888828.0
603269,100,2,海鸥股份,1672.0,SH,上海主板,603269.SH,2017-05-17,False,True,2017-05-17,2026-05-21,2181.0,492250299.2
603270,100,2,金帝股份,23.549999237060547,SH,上海主板,603270.SH,2023-09-01,False,True,2023-09-01,2026-05-21,654.0,139074732.4
603271,100,2,永杰新材,180.0099983215332,SH,上海主板,603271.SH,2025-03-11,False,True,2025-03-11,2026-05-21,290.0,194130655.6
603272,100,2,联翔股份,21.799999237060547,SH,上海主板,603272.SH,2022-05-20,False,True,2022-05-20,2026-05-21,969.0,172271499.3
603273,100,2,天元智能,18.739999771118164,SH,上海主板,603273.SH,2023-10-23,False,True,2023-10-23,2026-05-21,624.0,31906332.0
603275,100,2,众辰科技,212.13000106811523,SH,上海主板,603275.SH,2023-08-23,False,True,2023-08-23,2026-05-21,661.0,204827187.4
603276,100,2,恒兴新材,16.5,SH,上海主板,603276.SH,2023-09-25,False,True,2023-09-25,2026-05-21,638.0,60170236.0
603277,100,2,银都股份,1720.0325002670288,SH,上海主板,603277.SH,2017-09-11,False,True,2017-09-11,2026-05-21,2106.0,26969591.95
603278,100,2,大业股份,728.017499923706,SH,上海主板,603278.SH,2017-11-13,False,True,2017-11-13,2026-05-21,2066.0,879229165.6
603279,100,2,景津装备,16.549999237060547,SH,上海主板,603279.SH,2019-07-29,False,True,2019-07-29,2026-05-21,1650.0,192106247.6
603280,100,2,南方路机,88.04999923706055,SH,上海主板,603280.SH,2022-11-08,False,True,2022-11-08,2026-05-21,855.0,44120444.6
603281,100,2,江瀚新材,30.1200008392334,SH,上海主板,603281.SH,2023-01-31,False,True,2023-01-31,2026-05-21,801.0,185373123.0
603282,100,2,亚光股份,20.299999237060547,SH,上海主板,603282.SH,2023-03-15,False,True,2023-03-15,2026-05-21,770.0,54820892.7
603283,100,2,赛腾股份,212.13000106811523,SH,上海主板,603283.SH,2017-12-25,False,True,2017-12-25,2026-05-21,2030.0,1116964507.2
603285,100,2,键邦股份,31.32999992370605,SH,上海主板,603285.SH,2024-07-05,False,True,2024-07-05,2026-05-21,453.0,238004763.2
603286,100,2,日盈电子,404.0800018310547,SH,上海主板,603286.SH,2017-06-27,False,True,2017-06-27,2026-05-21,2141.0,340829269.6
603288,100,2,海天味业,124.0999984741211,SH,上海主板,603288.SH,2014-02-11,False,True,2014-02-11,2026-05-21,2985.0,621224044.8
603289,100,2,泰瑞机器,776.0600004196167,SH,上海主板,603289.SH,2017-10-31,False,True,2017-10-31,2026-05-21,2075.0,159931264.0
603290,100,2,斯达半导,108.7699966430664,SH,上海主板,603290.SH,2020-02-04,False,True,2020-02-04,2026-05-21,1527.0,1346534878.4
603291,100,2,联合水务,1000.0249996185304,SH,上海主板,603291.SH,2023-03-27,False,True,2023-03-27,2026-05-21,762.0,79032134.4
603296,100,2,华勤技术,86.80999755859375,SH,上海主板,603296.SH,2023-08-08,False,True,2023-08-08,2026-05-21,672.0,2106403187.2
603297,100,2,永新光学,109.6999969482422,SH,上海主板,603297.SH,2018-09-10,False,True,2018-09-10,2026-05-21,1862.0,368836247.2
603298,100,2,杭叉集团,24.18000030517578,SH,上海主板,603298.SH,2016-12-27,False,True,2016-12-27,2026-05-21,2279.0,235733227.2
603299,100,2,苏盐井神,824.0024995803833,SH,上海主板,603299.SH,2015-12-31,False,True,2015-12-31,2026-05-21,2399.0,94992125.4
603300,100,2,海南华铁,6.960000038146973,SH,上海主板,603300.SH,2015-05-29,False,True,2015-05-29,2026-05-21,2643.0,432759494.4
603301,100,2,振德医疗,92.73999786376952,SH,上海主板,603301.SH,2018-04-12,False,True,2018-04-12,2026-05-21,1966.0,218548274.0
603303,100,2,得邦照明,1608.0100002288818,SH,上海主板,603303.SH,2017-03-30,False,True,2017-03-30,2026-05-21,2218.0,103122643.4
603305,100,2,旭升集团,1608.0500001907349,SH,上海主板,603305.SH,2017-07-10,False,True,2017-07-10,2026-05-21,2144.0,639267118.4
603306,100,2,华懋科技,79.9800033569336,SH,上海主板,603306.SH,2014-09-26,False,True,2014-09-26,2026-05-21,2792.0,1941425657.6
603307,100,2,扬州金泉,128.06999969482422,SH,上海主板,603307.SH,2023-02-16,False,True,2023-02-16,2026-05-21,789.0,34538455.3
603308,100,2,应流股份,480.189998626709,SH,上海主板,603308.SH,2014-01-22,False,True,2014-01-22,2026-05-21,2926.0,1714117427.2
603309,100,2,维力医疗,1752.0074996948242,SH,上海主板,603309.SH,2015-03-02,False,True,2015-03-02,2026-05-21,2659.0,83789690.6
603310,100,2,巍华新材,16.18000030517578,SH,上海主板,603310.SH,2024-08-14,False,True,2024-08-14,2026-05-21,425.0,81206157.85
603311,100,2,金海高科,16.350000381469727,SH,上海主板,603311.SH,2015-05-18,False,True,2015-05-18,2026-05-21,2665.0,341063454.0
603312,100,2,西典新能,244.02999877929688,SH,上海主板,603312.SH,2024-01-11,False,True,2024-01-11,2026-05-21,567.0,65087631.4
603313,100,2,梦百合,72.05000019073486,SH,上海主板,603313.SH,2016-10-13,False,True,2016-10-13,2026-05-21,2332.0,80784879.4
603315,100,2,福鞍股份,1720.0325002670288,SH,上海主板,603315.SH,2015-04-24,False,True,2015-04-24,2026-05-21,2598.0,490708223.2
603316,100,2,诚邦股份,1992.039999961853,SH,上海主板,603316.SH,2017-06-19,False,True,2017-06-19,2026-05-21,2166.0,520872403.2
603317,100,2,天味食品,1112.0074996948242,SH,上海主板,603317.SH,2019-04-16,False,True,2019-04-16,2026-05-21,1720.0,326098896.8
603318,100,2,水发燃气,7.920000076293945,SH,上海主板,603318.SH,2015-04-24,False,True,2015-04-24,2026-05-21,2511.0,1027017126.4
603319,100,2,美湖股份,80.06999969482422,SH,上海主板,603319.SH,2016-11-30,False,True,2016-11-30,2026-05-21,2298.0,868900662.4
603320,100,2,迪贝电气,19.989999771118164,SH,上海主板,603320.SH,2017-05-02,False,True,2017-05-02,2026-05-21,2198.0,129466158.4
603321,100,2,梅轮电梯,7.199999809265137,SH,上海主板,603321.SH,2017-09-15,False,True,2017-09-15,2026-05-21,2102.0,34079208.2
603322,100,2,超讯通信,31.549999237060547,SH,上海主板,603322.SH,2016-07-28,False,True,2016-07-28,2026-05-21,2355.0,417419080.8
603323,100,2,苏农银行,5.0,SH,上海主板,603323.SH,2016-11-29,False,True,2016-11-29,2026-05-21,2299.0,119954449.6
603324,100,2,盛剑科技,24.11000061035156,SH,上海主板,603324.SH,2021-04-07,False,True,2021-04-07,2026-05-21,1240.0,119758096.6
603325,100,2,博隆技术,74.22000122070312,SH,上海主板,603325.SH,2024-01-10,False,True,2024-01-10,2026-05-21,568.0,58782569.6
603326,100,2,我乐家居,296.0050001144409,SH,上海主板,603326.SH,2017-06-16,False,True,2017-06-16,2026-05-21,2166.0,42894198.5
603327,100,2,福蓉科技,360.0050001144409,SH,上海主板,603327.SH,2019-05-23,False,True,2019-05-23,2026-05-21,1696.0,375989336.8
603328,100,2,依顿电子,984.0474996566772,SH,上海主板,603328.SH,2014-07-01,False,True,2014-07-01,2026-05-21,2885.0,511029025.6
603329,100,2,上海雅仕,632.022500038147,SH,上海主板,603329.SH,2017-12-29,False,True,2017-12-29,2026-05-21,2026.0,58281115.3
603330,100,2,天洋新材,6.900000095367432,SH,上海主板,603330.SH,2017-02-13,False,True,2017-02-13,2026-05-21,2234.0,62541099.8
603331,100,2,百达精工,1736.0299997329712,SH,上海主板,603331.SH,2017-07-05,False,True,2017-07-05,2026-05-21,2154.0,204900602.8
603332,100,2,苏州龙杰,1336.0524997711182,SH,上海主板,603332.SH,2019-01-17,False,True,2019-01-17,2026-05-21,1777.0,129585177.2
603333,100,2,尚纬股份,7.630000114440918,SH,上海主板,603333.SH,2012-05-07,False,True,2012-05-07,2026-05-21,3364.0,248387591.8
603334,100,2,丰倍生物,304.04999923706055,SH,上海主板,603334.SH,2025-11-05,False,True,2025-11-05,2026-05-21,130.0,85875186.6
603335,100,2,迪生力,5.590000152587891,SH,上海主板,603335.SH,2017-06-20,False,True,2017-06-20,2026-05-21,2165.0,226849901.6
603336,100,2,宏辉果蔬,184.0124998092652,SH,上海主板,603336.SH,2016-11-24,False,True,2016-11-24,2026-05-21,2285.0,322427008.8
603337,100,2,杰克科技,192.2400016784668,SH,上海主板,603337.SH,2017-01-19,False,True,2017-01-19,2026-05-21,2263.0,178540358.0
603338,100,2,浙江鼎力,320.0999984741211,SH,上海主板,603338.SH,2015-03-25,False,True,2015-03-25,2026-05-21,2698.0,394640800.8
603339,100,2,四方科技,1224.0299997329712,SH,上海主板,603339.SH,2016-05-19,False,True,2016-05-19,2026-05-21,2427.0,67384795.8
603341,100,2,龙旗科技,144.18000030517578,SH,上海主板,603341.SH,2024-03-01,False,True,2024-03-01,2026-05-21,537.0,398219309.6
603344,100,2,星德胜,26.989999771118164,SH,上海主板,603344.SH,2024-03-20,False,True,2024-03-20,2026-05-21,524.0,130693185.6
603345,100,2,安井食品,82.29000091552734,SH,上海主板,603345.SH,2017-02-22,False,True,2017-02-22,2026-05-21,2205.0,600885166.4
603348,100,2,文灿股份,19.57999992370605,SH,上海主板,603348.SH,2018-04-26,False,True,2018-04-26,2026-05-21,1955.0,44603781.0
603350,100,2,安乃达,64.15999984741211,SH,上海主板,603350.SH,2024-07-03,False,True,2024-07-03,2026-05-21,455.0,46693525.8
603351,100,2,威尔药业,24.81999969482422,SH,上海主板,603351.SH,2019-01-30,False,True,2019-01-30,2026-05-21,1768.0,30858772.05
603353,100,2,和顺石油,160.18999862670898,SH,上海主板,603353.SH,2020-04-07,False,True,2020-04-07,2026-05-21,1483.0,456614740.0
603355,100,2,莱克电气,29.76000022888184,SH,上海主板,603355.SH,2015-05-13,False,True,2015-05-13,2026-05-21,2678.0,115430547.6
603356,100,2,华菱精工,16.719999313354492,SH,上海主板,603356.SH,2018-01-24,False,True,2018-01-24,2026-05-21,2005.0,95278586.6
603357,100,2,设计总院,24.04749965667725,SH,上海主板,603357.SH,2017-08-01,False,True,2017-08-01,2026-05-21,2135.0,43615481.4
603358,100,2,华达科技,236.02999877929688,SH,上海主板,603358.SH,2017-01-25,False,True,2017-01-25,2026-05-21,2254.0,497656293.6
603359,100,2,东珠生态,6.059999942779541,SH,上海主板,603359.SH,2017-09-01,False,True,2017-09-01,2026-05-21,2101.0,56855802.35
603360,100,2,百傲化学,24.229999542236328,SH,上海主板,603360.SH,2017-02-06,False,True,2017-02-06,2026-05-21,2256.0,496643712.6
603363,100,2,傲农生物,4.179999828338623,SH,上海主板,603363.SH,2017-09-26,False,True,2017-09-26,2026-05-21,2093.0,230938565.2
603365,100,2,水星家纺,20.600000381469727,SH,上海主板,603365.SH,2017-11-20,False,True,2017-11-20,2026-05-21,2061.0,90114493.2
603366,100,2,日出东方,680.0050001144409,SH,上海主板,603366.SH,2012-05-21,False,True,2012-05-21,2026-05-21,3399.0,106939685.0
603367,100,2,辰欣药业,2056.1200008392334,SH,上海主板,603367.SH,2017-09-29,False,True,2017-09-29,2026-05-21,2092.0,92447230.0
603368,100,2,柳药集团,16.920000076293945,SH,上海主板,603368.SH,2014-12-04,False,True,2014-12-04,2026-05-21,2770.0,53483009.0
603369,100,2,今世缘,28.170000076293945,SH,上海主板,603369.SH,2014-07-03,False,True,2014-07-03,2026-05-21,2884.0,368119211.2
603370,100,2,华新精科,240.13999938964844,SH,上海主板,603370.SH,2025-09-05,False,True,2025-09-05,2026-05-21,167.0,57829198.1
603373,100,2,安邦护卫,180.0999984741211,SH,上海主板,603373.SH,2023-12-20,False,True,2023-12-20,2026-05-21,582.0,101468300.5
603375,100,2,盛景微,112.20000076293944,SH,上海主板,603375.SH,2024-01-24,False,True,2024-01-24,2026-05-21,558.0,225171511.8
603376,100,2,大明电子,88.20000076293945,SH,上海主板,603376.SH,2025-11-06,False,True,2025-11-06,2026-05-21,129.0,54146610.0
603378,100,2,亚士创能,5.699999809265137,SH,上海主板,603378.SH,2017-09-28,False,True,2017-09-28,2026-05-21,2092.0,92915145.65
603379,100,2,三美股份,524.0800018310547,SH,上海主板,603379.SH,2019-04-02,False,True,2019-04-02,2026-05-21,1729.0,664081598.4
603380,100,2,易德龙,76.0099983215332,SH,上海主板,603380.SH,2017-06-22,False,True,2017-06-22,2026-05-21,2163.0,157030845.4
603381,100,2,永臻股份,28.21999931335449,SH,上海主板,603381.SH,2024-06-26,False,True,2024-06-26,2026-05-21,460.0,194099411.6
603382,100,2,海阳科技,28.780000686645508,SH,上海主板,603382.SH,2025-06-12,False,True,2025-06-12,2026-05-21,228.0,27087325.8
603383,100,2,顶点软件,30.350000381469727,SH,上海主板,603383.SH,2017-05-22,False,True,2017-05-22,2026-05-21,2182.0,220524592.8
603385,100,2,惠达卫浴,6.670000076293945,SH,上海主板,603385.SH,2017-04-05,False,True,2017-04-05,2026-05-21,2216.0,31654230.9
603386,100,2,骏亚科技,1400.0424995422363,SH,上海主板,603386.SH,2017-09-12,False,True,2017-09-12,2026-05-21,2017.0,244113388.4
603387,100,2,基蛋生物,424.0249996185303,SH,上海主板,603387.SH,2017-07-17,False,True,2017-07-17,2026-05-21,2146.0,146941351.6
603390,100,2,通达电气,936.0249996185304,SH,上海主板,603390.SH,2019-11-25,False,True,2019-11-25,2026-05-21,1571.0,356794308.6
603391,100,2,力聚热能,67.62000274658203,SH,上海主板,603391.SH,2024-07-31,False,True,2024-07-31,2026-05-21,435.0,85989658.2
603392,100,2,万泰生物,160.18000030517578,SH,上海主板,603392.SH,2020-04-29,False,True,2020-04-29,2026-05-21,1467.0,263155204.0
603393,100,2,新天然气,200.0,SH,上海主板,603393.SH,2016-09-12,False,True,2016-09-12,2026-05-21,2286.0,323590086.4
603395,100,2,红四方,30.38999938964844,SH,上海主板,603395.SH,2024-11-26,False,True,2024-11-26,2026-05-21,358.0,66332631.8
603396,100,2,金辰股份,144.18000030517578,SH,上海主板,603396.SH,2017-10-18,False,True,2017-10-18,2026-05-21,2084.0,159000805.6
603399,100,2,永杉锂业,504.0325002670288,SH,上海主板,603399.SH,2012-08-24,False,True,2012-08-24,2026-05-21,3123.0,1680044333.6
603400,100,2,华之杰,67.5,SH,上海主板,603400.SH,2025-06-20,False,True,2025-06-20,2026-05-21,222.0,172409747.4
603406,100,2,天富龙,124.0999984741211,SH,上海主板,603406.SH,2025-08-08,False,True,2025-08-08,2026-05-21,187.0,40128714.4
603408,100,2,建霖家居,1032.0299997329712,SH,上海主板,603408.SH,2020-07-30,False,True,2020-07-30,2026-05-21,1406.0,26727173.35
603409,100,2,汇通控股,104.20000076293944,SH,上海主板,603409.SH,2025-03-04,False,True,2025-03-04,2026-05-21,295.0,88661805.8
603416,100,2,信捷电气,312.2200012207031,SH,上海主板,603416.SH,2016-12-21,False,True,2016-12-21,2026-05-21,2283.0,250987878.2
603418,100,2,友升股份,376.0299987792969,SH,上海主板,603418.SH,2025-09-23,False,True,2025-09-23,2026-05-21,155.0,135622966.8
603421,100,2,鼎信通讯,520.0,SH,上海主板,603421.SH,2016-10-11,False,True,2016-10-11,2026-05-21,2334.0,142417050.8
603429,100,2,集友股份,136.02000045776367,SH,上海主板,603429.SH,2017-01-24,False,True,2017-01-24,2026-05-21,2210.0,42861279.8
603439,100,2,三力制药,776.0500001907349,SH,上海主板,603439.SH,2020-04-28,False,True,2020-04-28,2026-05-21,1468.0,107821671.1
603444,100,2,吉比特,372.2999877929688,SH,上海主板,603444.SH,2017-01-04,False,True,2017-01-04,2026-05-21,2274.0,839910388.8
603456,100,2,九洲药业,16.219999313354492,SH,上海主板,603456.SH,2014-10-10,False,True,2014-10-10,2026-05-21,2784.0,262711292.0
603458,100,2,勘设股份,488.0249996185303,SH,上海主板,603458.SH,2017-08-09,False,True,2017-08-09,2026-05-21,2127.0,226136724.8
603466,100,2,风语筑,360.0349998474121,SH,上海主板,603466.SH,2017-10-20,False,True,2017-10-20,2026-05-21,2081.0,431846538.4
603477,100,2,巨星农牧,18.46999931335449,SH,上海主板,603477.SH,2017-12-18,False,True,2017-12-18,2026-05-21,2030.0,338046705.6
603486,100,2,科沃斯,496.2400016784668,SH,上海主板,603486.SH,2018-05-28,False,True,2018-05-28,2026-05-21,1936.0,686461958.4
603488,100,2,展鹏科技,472.0074996948242,SH,上海主板,603488.SH,2017-05-16,False,True,2017-05-16,2026-05-21,2172.0,200188118.4
603489,100,2,八方股份,44.18000030517578,SH,上海主板,603489.SH,2019-11-11,False,True,2019-11-11,2026-05-21,1581.0,242271411.2
603496,100,2,恒为科技,28.76000022888184,SH,上海主板,603496.SH,2017-06-07,False,True,2017-06-07,2026-05-21,2165.0,831465616.0
603499,100,2,翔港科技,24.15999984741211,SH,上海主板,603499.SH,2017-10-16,False,True,2017-10-16,2026-05-21,2085.0,164781785.2
603500,100,2,祥和实业,728.0375003814697,SH,上海主板,603500.SH,2017-09-04,False,True,2017-09-04,2026-05-21,2111.0,58374565.2
603501,100,2,豪威集团,103.5500030517578,SH,上海主板,603501.SH,2017-05-04,False,True,2017-05-04,2026-05-21,2025.0,3531617248.0
603505,100,2,金石资源,18.030000686645508,SH,上海主板,603505.SH,2017-05-03,False,True,2017-05-03,2026-05-21,2197.0,535974411.2
603506,100,2,南都物业,1112.0375003814695,SH,上海主板,603506.SH,2018-02-01,False,True,2018-02-01,2026-05-21,2009.0,40277333.9
603507,100,2,振江股份,128.0,SH,上海主板,603507.SH,2017-11-06,False,True,2017-11-06,2026-05-21,2066.0,569887644.8
603508,100,2,思维列控,25.450000762939453,SH,上海主板,603508.SH,2015-12-24,False,True,2015-12-24,2026-05-21,2432.0,166581758.2
603511,100,2,爱慕股份,1512.0550003051758,SH,上海主板,603511.SH,2021-05-31,False,True,2021-05-31,2026-05-21,1205.0,26457120.25
603515,100,2,欧普照明,19.020000457763672,SH,上海主板,603515.SH,2016-08-19,False,True,2016-08-19,2026-05-21,2364.0,49131946.4
603516,100,2,淳中科技,148.52999877929688,SH,上海主板,603516.SH,2018-02-02,False,True,2018-02-02,2026-05-21,2008.0,1381999628.8
603518,100,2,锦泓集团,152.04749965667725,SH,上海主板,603518.SH,2014-12-03,False,True,2014-12-03,2026-05-21,2648.0,70043111.0
603519,100,2,立霸股份,1336.0424995422363,SH,上海主板,603519.SH,2015-03-19,False,True,2015-03-19,2026-05-21,2621.0,70478165.0
603520,100,2,司太立,392.05000019073486,SH,上海主板,603520.SH,2016-03-09,False,True,2016-03-09,2026-05-21,2351.0,528468776.8
603527,100,2,众源新材,632.0124998092651,SH,上海主板,603527.SH,2017-09-07,False,True,2017-09-07,2026-05-21,2108.0,231181204.8
603528,100,2,多伦科技,56.0024995803833,SH,上海主板,603528.SH,2016-05-03,False,True,2016-05-03,2026-05-21,2438.0,81512819.0
603529,100,2,爱玛科技,28.280000686645508,SH,上海主板,603529.SH,2021-06-15,False,True,2021-06-15,2026-05-21,1195.0,240984134.8
603530,100,2,神马电力,472.2200012207031,SH,上海主板,603530.SH,2019-08-05,False,True,2019-08-05,2026-05-21,1645.0,381637806.4
603533,100,2,掌阅科技,25.229999542236328,SH,上海主板,603533.SH,2017-09-21,False,True,2017-09-21,2026-05-21,2096.0,614666305.6
603535,100,2,嘉诚国际,120.05249977111816,SH,上海主板,603535.SH,2017-08-08,False,True,2017-08-08,2026-05-21,2130.0,61379104.1
603536,100,2,惠发食品,392.0200004577637,SH,上海主板,603536.SH,2017-06-13,False,True,2017-06-13,2026-05-21,2170.0,46776743.2
603538,100,2,美诺华,27.84000015258789,SH,上海主板,603538.SH,2017-04-07,False,True,2017-04-07,2026-05-21,2141.0,3016192192.0
603551,100,2,奥普科技,1096.0100002288818,SH,上海主板,603551.SH,2020-01-15,False,True,2020-01-15,2026-05-21,1535.0,34504084.3
603556,100,2,海兴电力,88.04999923706055,SH,上海主板,603556.SH,2016-11-10,False,True,2016-11-10,2026-05-21,2312.0,198470084.4
603558,100,2,健盛集团,1480.0600004196167,SH,上海主板,603558.SH,2015-01-27,False,True,2015-01-27,2026-05-21,2645.0,105147432.2
603565,100,2,中谷物流,808.045000076294,SH,上海主板,603565.SH,2020-09-25,False,True,2020-09-25,2026-05-21,1365.0,184679057.6
603566,100,2,普莱柯,1240.0474996566772,SH,上海主板,603566.SH,2015-05-18,False,True,2015-05-18,2026-05-21,2670.0,43713954.6
603567,100,2,珍宝岛,7.019999980926514,SH,上海主板,603567.SH,2015-04-24,False,True,2015-04-24,2026-05-21,2675.0,130598642.6
603568,100,2,伟明环保,26.15999984741211,SH,上海主板,603568.SH,2015-05-28,False,True,2015-05-28,2026-05-21,2667.0,160833460.4
603569,100,2,长久物流,6.840000152587891,SH,上海主板,603569.SH,2016-08-10,False,True,2016-08-10,2026-05-21,2371.0,32834873.9
603577,100,2,汇金通,792.017499923706,SH,上海主板,603577.SH,2016-12-22,False,True,2016-12-22,2026-05-21,2282.0,79068089.4
603578,100,2,三星新材,1336.0124998092651,SH,上海主板,603578.SH,2017-03-06,False,True,2017-03-06,2026-05-21,2224.0,77933215.0
603579,100,2,荣泰健康,20.5,SH,上海主板,603579.SH,2017-01-11,False,True,2017-01-11,2026-05-21,2269.0,136675294.4
603583,100,2,捷昌驱动,32.20000076293945,SH,上海主板,603583.SH,2018-09-21,False,True,2018-09-21,2026-05-21,1853.0,219269740.8
603585,100,2,苏利股份,18.61000061035156,SH,上海主板,603585.SH,2016-12-14,False,True,2016-12-14,2026-05-21,2288.0,157370174.6
603586,100,2,金麒麟,16.93000030517578,SH,上海主板,603586.SH,2017-04-06,False,True,2017-04-06,2026-05-21,2215.0,92310278.2
603587,100,2,地素时尚,1128.0249996185305,SH,上海主板,603587.SH,2018-06-22,False,True,2018-06-22,2026-05-21,1918.0,36153820.3
603588,100,2,高能环境,1528.022500038147,SH,上海主板,603588.SH,2014-12-29,False,True,2014-12-29,2026-05-21,2663.0,813522961.6
603589,100,2,口子窖,25.68000030517578,SH,上海主板,603589.SH,2015-06-29,False,True,2015-06-29,2026-05-21,2646.0,133450560.8
603590,100,2,康辰药业,100.16999816894533,SH,上海主板,603590.SH,2018-08-27,False,True,2018-08-27,2026-05-21,1872.0,128800194.0
603596,100,2,伯特利,256.1800003051758,SH,上海主板,603596.SH,2018-04-27,False,True,2018-04-27,2026-05-21,1955.0,630703577.6
603598,100,2,引力传媒,19.3799991607666,SH,上海主板,603598.SH,2015-05-27,False,True,2015-05-27,2026-05-21,2487.0,610576655.2
603599,100,2,广信股份,1352.0,SH,上海主板,603599.SH,2015-05-13,False,True,2015-05-13,2026-05-21,2672.0,316317072.0
603600,100,2,永艺股份,648.0100002288818,SH,上海主板,603600.SH,2015-01-23,False,True,2015-01-23,2026-05-21,2737.0,79543720.0
603601,100,2,再升科技,824.0325002670288,SH,上海主板,603601.SH,2015-01-22,False,True,2015-01-22,2026-05-21,2693.0,3823613414.4
603602,100,2,纵横通信,1336.0424995422363,SH,上海主板,603602.SH,2017-08-10,False,True,2017-08-10,2026-05-21,2066.0,82848666.4
603605,100,2,珀莱雅,65.0199966430664,SH,上海主板,603605.SH,2017-11-15,False,True,2017-11-15,2026-05-21,2064.0,245333758.4
603606,100,2,东方电缆,544.2799987792969,SH,上海主板,603606.SH,2014-10-15,False,True,2014-10-15,2026-05-21,2810.0,1027418931.2
603607,100,2,京华激光,22.90999984741211,SH,上海主板,603607.SH,2017-10-25,False,True,2017-10-25,2026-05-21,2078.0,116511916.4
603608,100,2,天创时尚,616.0150003433228,SH,上海主板,603608.SH,2016-02-18,False,True,2016-02-18,2026-05-21,2405.0,371632200.0
603609,100,2,禾丰股份,7.059999942779541,SH,上海主板,603609.SH,2014-08-08,False,True,2014-08-08,2026-05-21,2849.0,25116866.2
603610,100,2,麒盛科技,16.940000534057617,SH,上海主板,603610.SH,2019-10-29,False,True,2019-10-29,2026-05-21,1590.0,192315360.6
603611,100,2,诺力股份,21.600000381469727,SH,上海主板,603611.SH,2015-01-28,False,True,2015-01-28,2026-05-21,2663.0,76091937.0
603612,100,2,索通发展,26.82999992370605,SH,上海主板,603612.SH,2017-07-18,False,True,2017-07-18,2026-05-21,2134.0,413554688.0
603613,100,2,国联股份,25.89999961853028,SH,上海主板,603613.SH,2019-07-30,False,True,2019-07-30,2026-05-21,1649.0,410148136.8
603615,100,2,茶花股份,21.020000457763672,SH,上海主板,603615.SH,2017-02-13,False,True,2017-02-13,2026-05-21,2251.0,110737560.4
603616,100,2,韩建河山,6.590000152587891,SH,上海主板,603616.SH,2015-06-11,False,True,2015-06-11,2026-05-21,2629.0,185417588.0
603617,100,2,君禾股份,7.440000057220459,SH,上海主板,603617.SH,2017-07-03,False,True,2017-07-03,2026-05-21,2156.0,68273159.4
603618,100,2,杭电股份,20.07999992370605,SH,上海主板,603618.SH,2015-02-17,False,True,2015-02-17,2026-05-21,2707.0,2929162128.0
603619,100,2,中曼石油,64.08000183105469,SH,上海主板,603619.SH,2017-11-17,False,True,2017-11-17,2026-05-21,2062.0,652590659.2
603626,100,2,科森科技,21.280000686645508,SH,上海主板,603626.SH,2017-02-09,False,True,2017-02-09,2026-05-21,2253.0,1088907721.6
603628,100,2,清源股份,1864.0600004196167,SH,上海主板,603628.SH,2017-01-12,False,True,2017-01-12,2026-05-21,2264.0,95404334.0
603629,100,2,利通电子,500.0099983215332,SH,上海主板,603629.SH,2018-12-24,False,True,2018-12-24,2026-05-21,1793.0,5093398704.0
603630,100,2,拉芳家化,2056.010000228882,SH,上海主板,603630.SH,2017-03-13,False,True,2017-03-13,2026-05-21,2231.0,61788542.7
603633,100,2,徕木股份,7.800000190734863,SH,上海主板,603633.SH,2016-11-17,False,True,2016-11-17,2026-05-21,2301.0,114957376.6
603636,100,2,南威软件,376.022500038147,SH,上海主板,603636.SH,2014-12-30,False,True,2014-12-30,2026-05-21,2686.0,366630872.6
603637,100,2,镇海股份,1000.034999847412,SH,上海主板,603637.SH,2017-02-08,False,True,2017-02-08,2026-05-21,2252.0,220080970.4
603638,100,2,艾迪精密,20.1299991607666,SH,上海主板,603638.SH,2017-01-20,False,True,2017-01-20,2026-05-21,2262.0,247749667.2
603639,100,2,海利尔,1336.0524997711182,SH,上海主板,603639.SH,2017-01-12,False,True,2017-01-12,2026-05-21,2268.0,47944511.3
603648,100,2,畅联股份,488.0550003051758,SH,上海主板,603648.SH,2017-09-13,False,True,2017-09-13,2026-05-21,2104.0,34096142.4
603650,100,2,彤程新材,324.2400016784668,SH,上海主板,603650.SH,2018-06-27,False,True,2018-06-27,2026-05-21,1915.0,1089853225.6
603655,100,2,朗博科技,160.0999984741211,SH,上海主板,603655.SH,2017-12-29,False,True,2017-12-29,2026-05-21,2027.0,173033658.0
603656,100,2,泰禾智能,21.86000061035156,SH,上海主板,603656.SH,2017-03-21,False,True,2017-03-21,2026-05-21,2225.0,54881330.2
603657,100,2,春光科技,25.57999992370605,SH,上海主板,603657.SH,2018-07-30,False,True,2018-07-30,2026-05-21,1892.0,165449836.6
603658,100,2,安图生物,68.0,SH,上海主板,603658.SH,2016-09-01,False,True,2016-09-01,2026-05-21,2355.0,90133632.4
603659,100,2,璞泰来,31.600000381469727,SH,上海主板,603659.SH,2017-11-03,False,True,2017-11-03,2026-05-21,2016.0,2145622188.8
603660,100,2,苏州科达,424.0050001144409,SH,上海主板,603660.SH,2016-12-01,False,True,2016-12-01,2026-05-21,2295.0,512921732.0
603661,100,2,恒林股份,31.1200008392334,SH,上海主板,603661.SH,2017-11-21,False,True,2017-11-21,2026-05-21,2052.0,46743744.1
603662,100,2,柯力传感,424.2400016784668,SH,上海主板,603662.SH,2019-08-06,False,True,2019-08-06,2026-05-21,1644.0,428013694.4
603663,100,2,三祥新材,208.1100006103516,SH,上海主板,603663.SH,2016-08-01,False,True,2016-08-01,2026-05-21,2378.0,452547028.0
603665,100,2,康隆达,29.450000762939453,SH,上海主板,603665.SH,2017-03-13,False,True,2017-03-13,2026-05-21,2231.0,130675719.6
603666,100,2,亿嘉和,27.670000076293945,SH,上海主板,603666.SH,2018-06-12,False,True,2018-06-12,2026-05-21,1925.0,167374512.6
603667,100,2,五洲新春,65.48999786376953,SH,上海主板,603667.SH,2016-10-25,False,True,2016-10-25,2026-05-21,2252.0,2801505011.2
603668,100,2,天马科技,1224.0200004577637,SH,上海主板,603668.SH,2017-01-17,False,True,2017-01-17,2026-05-21,2265.0,114019452.4
603669,100,2,灵康药业,4.340000152587891,SH,上海主板,603669.SH,2015-05-28,False,True,2015-05-28,2026-05-21,2667.0,62903064.9
603676,100,2,卫信康,616.0249996185303,SH,上海主板,603676.SH,2017-07-21,False,True,2017-07-21,2026-05-21,2142.0,21999665.3
603677,100,2,奇精机械,2056.1200008392334,SH,上海主板,603677.SH,2017-02-06,False,True,2017-02-06,2026-05-21,2251.0,61269805.6
603678,100,2,火炬电子,96.0,SH,上海主板,603678.SH,2015-01-26,False,True,2015-01-26,2026-05-21,2732.0,433888880.8
603679,100,2,华体科技,1784.0124998092651,SH,上海主板,603679.SH,2017-06-21,False,True,2017-06-21,2026-05-21,2164.0,143597300.2
603680,100,2,今创集团,1288.0600004196167,SH,上海主板,603680.SH,2018-02-27,False,True,2018-02-27,2026-05-21,1996.0,130515280.4
603681,100,2,永冠新材,17.170000076293945,SH,上海主板,603681.SH,2019-03-26,False,True,2019-03-26,2026-05-21,1734.0,179927936.4
603682,100,2,锦和商管,6.650000095367432,SH,上海主板,603682.SH,2020-04-21,False,True,2020-04-21,2026-05-21,1473.0,181876929.6
603683,100,2,晶华新材,27.75,SH,上海主板,603683.SH,2017-10-20,False,True,2017-10-20,2026-05-21,2082.0,343135060.8
603685,100,2,晨丰科技,27.06999969482422,SH,上海主板,603685.SH,2017-11-27,False,True,2017-11-27,2026-05-21,2054.0,121629859.6
603686,100,2,福龙马,18.5,SH,上海主板,603686.SH,2015-01-26,False,True,2015-01-26,2026-05-21,2686.0,320825389.6
603687,100,2,大胜达,1384.0150003433228,SH,上海主板,603687.SH,2019-07-26,False,True,2019-07-26,2026-05-21,1651.0,1021452446.4
603688,100,2,石英股份,216.20999908447263,SH,上海主板,603688.SH,2014-10-31,False,True,2014-10-31,2026-05-21,2804.0,2154600659.2
603689,100,2,皖天然气,120.01249980926514,SH,上海主板,603689.SH,2017-01-10,False,True,2017-01-10,2026-05-21,2270.0,42478846.2
603690,100,2,至纯科技,25.40999984741211,SH,上海主板,603690.SH,2017-01-13,False,True,2017-01-13,2026-05-21,2174.0,682640248.8
603693,100,2,江苏新能,16.559999465942383,SH,上海主板,603693.SH,2018-07-03,False,True,2018-07-03,2026-05-21,1902.0,499614944.0
603696,100,2,安记食品,2056.069999694824,SH,上海主板,603696.SH,2015-12-09,False,True,2015-12-09,2026-05-21,2502.0,80561850.0
603697,100,2,有友食品,696.0424995422363,SH,上海主板,603697.SH,2019-05-08,False,True,2019-05-08,2026-05-21,1707.0,111050176.8
603698,100,2,航天工程,29.459999084472656,SH,上海主板,603698.SH,2015-01-28,False,True,2015-01-28,2026-05-21,2746.0,1610799676.8
603699,100,2,纽威股份,312.0699996948242,SH,上海主板,603699.SH,2014-01-17,False,True,2014-01-17,2026-05-21,2987.0,502437103.2
603700,100,2,宁水集团,1336.0424995422363,SH,上海主板,603700.SH,2019-01-22,False,True,2019-01-22,2026-05-21,1774.0,53073895.6
603701,100,2,德宏股份,21.459999084472656,SH,上海主板,603701.SH,2016-04-12,False,True,2016-04-12,2026-05-21,2430.0,136454194.4
603703,100,2,盛洋科技,1080.0424995422363,SH,上海主板,603703.SH,2015-04-23,False,True,2015-04-23,2026-05-21,2601.0,166311056.8
603706,100,2,东方环宇,19.96999931335449,SH,上海主板,603706.SH,2018-07-09,False,True,2018-07-09,2026-05-21,1907.0,49290863.7
603707,100,2,健友股份,472.0074996948242,SH,上海主板,603707.SH,2017-07-19,False,True,2017-07-19,2026-05-21,2144.0,85829650.6
603708,100,2,家家悦,776.0,SH,上海主板,603708.SH,2016-12-13,False,True,2016-12-13,2026-05-21,2289.0,51590376.0
603709,100,2,中源家居,16.81999969482422,SH,上海主板,603709.SH,2018-02-08,False,True,2018-02-08,2026-05-21,2004.0,94588025.65
603711,100,2,香飘飘,1176.027500152588,SH,上海主板,603711.SH,2017-11-30,False,True,2017-11-30,2026-05-21,2053.0,102843603.6
603712,100,2,七一二,17.049999237060547,SH,上海主板,603712.SH,2018-02-26,False,True,2018-02-26,2026-05-21,1994.0,198052634.4
603713,100,2,密尔克卫,456.1800003051758,SH,上海主板,603713.SH,2018-07-13,False,True,2018-07-13,2026-05-21,1903.0,83830825.0
603716,100,2,塞力医疗,21.100000381469727,SH,上海主板,603716.SH,2016-10-31,False,True,2016-10-31,2026-05-21,2308.0,201939538.0
603717,100,2,天域生物,6.699999809265137,SH,上海主板,603717.SH,2017-03-27,False,True,2017-03-27,2026-05-21,2221.0,118554950.4
603718,100,2,海利生物,4.5,SH,上海主板,603718.SH,2015-05-15,False,True,2015-05-15,2026-05-21,2636.0,85342673.4
603719,100,2,良品铺子,536.017499923706,SH,上海主板,603719.SH,2020-02-24,False,True,2020-02-24,2026-05-21,1508.0,63389732.0
603722,100,2,阿科力,88.0999984741211,SH,上海主板,603722.SH,2017-10-25,False,True,2017-10-25,2026-05-21,2077.0,63626937.2
603725,100,2,天安新材,280.0574998855591,SH,上海主板,603725.SH,2017-09-06,False,True,2017-09-06,2026-05-21,2094.0,93309083.8
603726,100,2,朗迪集团,23.75,SH,上海主板,603726.SH,2016-04-21,False,True,2016-04-21,2026-05-21,2441.0,215103387.6
603727,100,2,博迈科,17.950000762939453,SH,上海主板,603727.SH,2016-11-22,False,True,2016-11-22,2026-05-21,2304.0,93898340.0
603728,100,2,鸣志电器,432.1800003051758,SH,上海主板,603728.SH,2017-05-09,False,True,2017-05-09,2026-05-21,2193.0,561054256.8
603729,100,2,龙韵股份,17.149999618530273,SH,上海主板,603729.SH,2015-03-24,False,True,2015-03-24,2026-05-21,2621.0,64962905.45
603730,100,2,岱美股份,120.02250003814696,SH,上海主板,603730.SH,2017-07-28,False,True,2017-07-28,2026-05-21,2122.0,287871259.2
603733,100,2,仙鹤股份,22.229999542236328,SH,上海主板,603733.SH,2018-04-20,False,True,2018-04-20,2026-05-21,1960.0,65653523.0
603737,100,2,三棵树,296.13000106811523,SH,上海主板,603737.SH,2016-06-03,False,True,2016-06-03,2026-05-21,2417.0,273077764.0
603738,100,2,泰晶科技,23.07999992370605,SH,上海主板,603738.SH,2016-09-28,False,True,2016-09-28,2026-05-21,2338.0,2637000673.6
603739,100,2,蔚蓝生物,1720.0524997711182,SH,上海主板,603739.SH,2019-01-16,False,True,2019-01-16,2026-05-21,1778.0,74263431.8
603755,100,2,日辰股份,28.190000534057617,SH,上海主板,603755.SH,2019-08-28,False,True,2019-08-28,2026-05-21,1628.0,43393925.5
603757,100,2,大元泵业,272.1500015258789,SH,上海主板,603757.SH,2017-07-11,False,True,2017-07-11,2026-05-21,2150.0,839631792.0
603758,100,2,秦安股份,1288.0600004196167,SH,上海主板,603758.SH,2017-05-17,False,True,2017-05-17,2026-05-21,2173.0,82655577.8
603759,100,2,海天股份,424.0349998474121,SH,上海主板,603759.SH,2021-03-26,False,True,2021-03-26,2026-05-21,1247.0,37670259.4
603766,100,2,隆鑫通用,1656.0124998092651,SH,上海主板,603766.SH,2012-08-10,False,True,2012-08-10,2026-05-21,3302.0,271920208.0
603767,100,2,中马传动,18.350000381469727,SH,上海主板,603767.SH,2017-06-13,False,True,2017-06-13,2026-05-21,2170.0,271140412.8
603768,100,2,常青股份,776.0,SH,上海主板,603768.SH,2017-03-24,False,True,2017-03-24,2026-05-21,2222.0,39616135.1
603773,100,2,沃格光电,108.13000106811523,SH,上海主板,603773.SH,2018-04-17,False,True,2018-04-17,2026-05-21,1963.0,2035514249.2
603776,100,2,永安行,18.850000381469727,SH,上海主板,603776.SH,2017-08-17,False,True,2017-08-17,2026-05-21,2108.0,124742805.0
603777,100,2,来伊份,1320.034999847412,SH,上海主板,603777.SH,2016-10-12,False,True,2016-10-12,2026-05-21,2333.0,329475359.2
603778,100,2,国晟科技,24.209999084472656,SH,上海主板,603778.SH,2015-12-31,False,True,2015-12-31,2026-05-21,2483.0,1884167184.0
603779,100,2,威龙股份,6.059999942779541,SH,上海主板,603779.SH,2016-05-16,False,True,2016-05-16,2026-05-21,2418.0,170838693.65
603786,100,2,科博达,388.0200004577637,SH,上海主板,603786.SH,2019-10-15,False,True,2019-10-15,2026-05-21,1600.0,228256548.8
603787,100,2,新日股份,1400.0325002670288,SH,上海主板,603787.SH,2017-04-27,False,True,2017-04-27,2026-05-21,2200.0,65348021.2
603788,100,2,宁波高发,1848.022500038147,SH,上海主板,603788.SH,2015-01-20,False,True,2015-01-20,2026-05-21,2738.0,147654807.6
603790,100,2,雅运股份,21.6299991607666,SH,上海主板,603790.SH,2018-09-12,False,True,2018-09-12,2026-05-21,1849.0,132787333.2
603797,100,2,联泰环保,4.639999866485596,SH,上海主板,603797.SH,2017-04-13,False,True,2017-04-13,2026-05-21,2210.0,29925332.7
603798,100,2,康普顿,1272.0524997711182,SH,上海主板,603798.SH,2016-04-06,False,True,2016-04-06,2026-05-21,2456.0,180264608.0
603799,100,2,华友钴业,436.1599998474121,SH,上海主板,603799.SH,2015-01-29,False,True,2015-01-29,2026-05-21,2711.0,5040512588.8
603800,100,2,洪田股份,108.08000183105467,SH,上海主板,603800.SH,2015-12-10,False,True,2015-12-10,2026-05-21,2529.0,485727584.0
603801,100,2,志邦家居,328.01000022888184,SH,上海主板,603801.SH,2017-06-30,False,True,2017-06-30,2026-05-21,2157.0,31585216.15
603803,100,2,瑞斯康达,1352.0299997329712,SH,上海主板,603803.SH,2017-04-20,False,True,2017-04-20,2026-05-21,2202.0,772251560.0
603806,100,2,福斯特,19.280000686645508,SH,上海主板,603806.SH,2014-09-05,False,True,2014-09-05,2026-05-21,2822.0,1022722134.4
603808,100,2,歌力思,376.0424995422363,SH,上海主板,603808.SH,2015-04-22,False,True,2015-04-22,2026-05-21,2609.0,100202060.4
603809,100,2,豪能股份,760.0124998092651,SH,上海主板,603809.SH,2017-11-28,False,True,2017-11-28,2026-05-21,2055.0,154496550.0
603810,100,2,丰山集团,1944.057499885559,SH,上海主板,603810.SH,2018-09-17,False,True,2018-09-17,2026-05-21,1855.0,43140641.4
603811,100,2,诚意药业,888.0424995422363,SH,上海主板,603811.SH,2017-03-15,False,True,2017-03-15,2026-05-21,2229.0,86778567.6
603815,100,2,交建股份,6.010000228881836,SH,上海主板,603815.SH,2019-10-21,False,True,2019-10-21,2026-05-21,1586.0,237974139.6
603816,100,2,顾家家居,76.0999984741211,SH,上海主板,603816.SH,2016-10-14,False,True,2016-10-14,2026-05-21,2327.0,230253378.8
603817,100,2,海峡环保,184.0024995803833,SH,上海主板,603817.SH,2017-02-20,False,True,2017-02-20,2026-05-21,2246.0,92165913.2
603818,100,2,曲美家居,6338.01312494278,SH,上海主板,603818.SH,2015-04-22,False,True,2015-04-22,2026-05-21,2656.0,59860910.2
603819,100,2,神力股份,968.039999961853,SH,上海主板,603819.SH,2016-11-25,False,True,2016-11-25,2026-05-21,2294.0,156805636.4
603823,100,2,百合花,1960.0150003433228,SH,上海主板,603823.SH,2016-12-20,False,True,2016-12-20,2026-05-21,2284.0,231248402.4
603826,100,2,坤彩科技,22.96999931335449,SH,上海主板,603826.SH,2017-04-14,False,True,2017-04-14,2026-05-21,2209.0,440231180.8
603829,100,2,洛凯股份,27.14999961853028,SH,上海主板,603829.SH,2017-10-17,False,True,2017-10-17,2026-05-21,2085.0,205938838.4
603833,100,2,欧派家居,384.0999984741211,SH,上海主板,603833.SH,2017-03-28,False,True,2017-03-28,2026-05-21,2214.0,162952492.8
603836,100,2,海程邦达,1304.0474996566772,SH,上海主板,603836.SH,2021-05-26,False,True,2021-05-26,2026-05-21,1208.0,39710231.9
603839,100,2,安正时尚,7.230000019073486,SH,上海主板,603839.SH,2017-02-14,False,True,2017-02-14,2026-05-21,2249.0,38832424.3
603848,100,2,好太太,1960.045000076294,SH,上海主板,603848.SH,2017-12-01,False,True,2017-12-01,2026-05-21,2052.0,57611295.3
603855,100,2,华荣股份,19.32999992370605,SH,上海主板,603855.SH,2017-05-24,False,True,2017-05-24,2026-05-21,2182.0,77758880.7
603856,100,2,东宏股份,1368.027500152588,SH,上海主板,603856.SH,2017-11-06,False,True,2017-11-06,2026-05-21,2071.0,76873042.2
603858,100,2,步长制药,16.5,SH,上海主板,603858.SH,2016-11-18,False,True,2016-11-18,2026-05-21,2306.0,94548995.8
603859,100,2,能科科技,140.0999984741211,SH,上海主板,603859.SH,2016-10-21,False,True,2016-10-21,2026-05-21,2321.0,422018618.4
603860,100,2,中公高科,29.90999984741211,SH,上海主板,603860.SH,2017-08-02,False,True,2017-08-02,2026-05-21,2134.0,42529558.3
603861,100,2,白云电器,2024.005000114441,SH,上海主板,603861.SH,2016-03-22,False,True,2016-03-22,2026-05-21,2386.0,313625971.2
603863,100,2,松炀资源,19.56999969482422,SH,上海主板,603863.SH,2019-06-21,False,True,2019-06-21,2026-05-21,1669.0,131926596.8
603866,100,2,桃李面包,5.050000190734863,SH,上海主板,603866.SH,2015-12-22,False,True,2015-12-22,2026-05-21,2527.0,44291119.2
603867,100,2,新化股份,30.270000457763672,SH,上海主板,603867.SH,2019-06-27,False,True,2019-06-27,2026-05-21,1672.0,332853634.4
603868,100,2,飞科电器,76.02000045776367,SH,上海主板,603868.SH,2016-04-18,False,True,2016-04-18,2026-05-21,2450.0,93735647.6
603871,100,2,嘉友国际,1736.0299997329712,SH,上海主板,603871.SH,2018-02-06,False,True,2018-02-06,2026-05-21,2006.0,192375928.8
603876,100,2,鼎胜新材,19.81999969482422,SH,上海主板,603876.SH,2018-04-18,False,True,2018-04-18,2026-05-21,1962.0,1539584009.6
603877,100,2,太平鸟,1608.0200004577637,SH,上海主板,603877.SH,2017-01-09,False,True,2017-01-09,2026-05-21,2268.0,27411356.8
603878,100,2,武进不锈,7.860000133514404,SH,上海主板,603878.SH,2016-12-19,False,True,2016-12-19,2026-05-21,2285.0,148022648.8
603879,100,2,永悦科技,5.610000133514404,SH,上海主板,603879.SH,2017-06-14,False,True,2017-06-14,2026-05-21,2167.0,59825859.4
603880,100,2,南卫股份,6.989999771118164,SH,上海主板,603880.SH,2017-08-07,False,True,2017-08-07,2026-05-21,2035.0,77743024.0
603881,100,2,数据港,112.0099983215332,SH,上海主板,603881.SH,2017-02-08,False,True,2017-02-08,2026-05-21,2252.0,2643164348.8
603882,100,2,金域医学,26.809999465942383,SH,上海主板,603882.SH,2017-09-08,False,True,2017-09-08,2026-05-21,2107.0,167251990.4
603883,100,2,老百姓,1448.0550003051758,SH,上海主板,603883.SH,2015-04-23,False,True,2015-04-23,2026-05-21,2598.0,120730955.4
603885,100,2,吉祥航空,872.0150003433228,SH,上海主板,603885.SH,2015-05-27,False,True,2015-05-27,2026-05-21,2656.0,229268109.6
603886,100,2,元祖股份,1048.057499885559,SH,上海主板,603886.SH,2016-12-28,False,True,2016-12-28,2026-05-21,2278.0,64220971.4
603887,100,2,城地香江,16.399999618530273,SH,上海主板,603887.SH,2016-10-10,False,True,2016-10-10,2026-05-21,2253.0,420395112.0
603888,100,2,新华网,20.170000076293945,SH,上海主板,603888.SH,2016-10-28,False,True,2016-10-28,2026-05-21,2319.0,208685555.6
603889,100,2,新澳股份,7.900000095367432,SH,上海主板,603889.SH,2014-12-31,False,True,2014-12-31,2026-05-21,2648.0,117848531.0
603890,100,2,春秋电子,1512.045000076294,SH,上海主板,603890.SH,2017-12-12,False,True,2017-12-12,2026-05-21,2045.0,854428382.4
603893,100,2,瑞芯微,156.0800018310547,SH,上海主板,603893.SH,2020-02-07,False,True,2020-02-07,2026-05-21,1524.0,2144585299.2
603895,100,2,天永智能,27.170000076293945,SH,上海主板,603895.SH,2018-01-22,False,True,2018-01-22,2026-05-21,2017.0,132527176.4
603896,100,2,寿仙谷,19.18000030517578,SH,上海主板,603896.SH,2017-05-10,False,True,2017-05-10,2026-05-21,2192.0,31514846.0
603897,100,2,长城科技,32.0099983215332,SH,上海主板,603897.SH,2018-04-10,False,True,2018-04-10,2026-05-21,1963.0,644707366.4
603898,100,2,好莱客,1752.017499923706,SH,上海主板,603898.SH,2015-02-17,False,True,2015-02-17,2026-05-21,2655.0,62080958.6
603899,100,2,晨光股份,25.39999961853028,SH,上海主板,603899.SH,2015-01-27,False,True,2015-01-27,2026-05-21,2747.0,103233467.4
603900,100,2,莱绅通灵,7.460000038146973,SH,上海主板,603900.SH,2016-11-23,False,True,2016-11-23,2026-05-21,2301.0,66111537.8
603901,100,2,永创智能,1032.0,SH,上海主板,603901.SH,2015-05-29,False,True,2015-05-29,2026-05-21,2647.0,192660838.0
603903,100,2,中持股份,840.039999961853,SH,上海主板,603903.SH,2017-03-14,False,True,2017-03-14,2026-05-21,2228.0,198625262.0
603906,100,2,龙蟠科技,17.799999237060547,SH,上海主板,603906.SH,2017-04-10,False,True,2017-04-10,2026-05-21,2213.0,1945680064.0
603908,100,2,牧高笛,22.450000762939453,SH,上海主板,603908.SH,2017-03-07,False,True,2017-03-07,2026-05-21,2235.0,35383835.8
603909,100,2,建发合诚,744.045000076294,SH,上海主板,603909.SH,2016-06-28,False,True,2016-06-28,2026-05-21,2355.0,67879922.4
603912,100,2,佳力图,520.0600004196167,SH,上海主板,603912.SH,2017-11-01,False,True,2017-11-01,2026-05-21,2074.0,467084817.6
603915,100,2,国茂股份,1800.0299997329712,SH,上海主板,603915.SH,2019-06-14,False,True,2019-06-14,2026-05-21,1681.0,264224924.0
603916,100,2,苏博特,680.0550003051758,SH,上海主板,603916.SH,2017-11-10,False,True,2017-11-10,2026-05-21,2067.0,330421026.8
603917,100,2,合力科技,1272.0524997711182,SH,上海主板,603917.SH,2017-12-04,False,True,2017-12-04,2026-05-21,2051.0,109904949.0
603918,100,2,金桥信息,1496.057499885559,SH,上海主板,603918.SH,2015-05-28,False,True,2015-05-28,2026-05-21,2571.0,120041786.8
603919,100,2,金徽酒,18.11000061035156,SH,上海主板,603919.SH,2016-03-10,False,True,2016-03-10,2026-05-21,2451.0,150053126.4
603920,100,2,世运电路,344.2200012207031,SH,上海主板,603920.SH,2017-04-26,False,True,2017-04-26,2026-05-21,2198.0,2957594336.0
603922,100,2,金鸿顺,19.63999938964844,SH,上海主板,603922.SH,2017-10-23,False,True,2017-10-23,2026-05-21,2057.0,143379558.2
603926,100,2,铁流股份,18.5,SH,上海主板,603926.SH,2017-05-10,False,True,2017-05-10,2026-05-21,2192.0,250994551.2
603927,100,2,中科软,17.399999618530273,SH,上海主板,603927.SH,2019-09-09,False,True,2019-09-09,2026-05-21,1620.0,160052685.2
603928,100,2,兴业股份,1704.0249996185305,SH,上海主板,603928.SH,2016-12-12,False,True,2016-12-12,2026-05-21,2290.0,86904151.0
603929,100,2,亚翔集成,184.9199981689453,SH,上海主板,603929.SH,2016-12-30,False,True,2016-12-30,2026-05-21,2276.0,1084507734.4
603931,100,2,格林达,28.38999938964844,SH,上海主板,603931.SH,2020-08-19,False,True,2020-08-19,2026-05-21,1392.0,468552173.6
603933,100,2,睿能科技,20.71999931335449,SH,上海主板,603933.SH,2017-07-06,False,True,2017-07-06,2026-05-21,2143.0,337662455.6
603936,100,2,博敏电子,1400.0424995422363,SH,上海主板,603936.SH,2015-12-09,False,True,2015-12-09,2026-05-21,2438.0,1251056296.0
603937,100,2,丽岛新材,952.0325002670288,SH,上海主板,603937.SH,2017-11-02,False,True,2017-11-02,2026-05-21,2073.0,275964887.2
603938,100,2,三孚股份,23.229999542236328,SH,上海主板,603938.SH,2017-06-28,False,True,2017-06-28,2026-05-21,2159.0,956809883.2
603939,100,2,益丰药房,24.450000762939453,SH,上海主板,603939.SH,2015-02-17,False,True,2015-02-17,2026-05-21,2616.0,322342831.2
603948,100,2,建业股份,26.21999931335449,SH,上海主板,603948.SH,2020-03-02,False,True,2020-03-02,2026-05-21,1508.0,65128463.4
603949,100,2,雪龙集团,21.780000686645508,SH,上海主板,603949.SH,2020-03-10,False,True,2020-03-10,2026-05-21,1502.0,72630461.6
603950,100,2,长源东谷,156.2400016784668,SH,上海主板,603950.SH,2020-05-26,False,True,2020-05-26,2026-05-21,1441.0,724952217.6
603955,100,2,大千生态,25.530000686645508,SH,上海主板,603955.SH,2017-03-10,False,True,2017-03-10,2026-05-21,2186.0,50585421.5
603956,100,2,威派格,5.75,SH,上海主板,603956.SH,2019-02-22,False,True,2019-02-22,2026-05-21,1756.0,68152207.3
603958,100,2,哈森股份,19.46999931335449,SH,上海主板,603958.SH,2016-06-29,False,True,2016-06-29,2026-05-21,2376.0,242136562.8
603959,100,2,百利科技,5.960000038146973,SH,上海主板,603959.SH,2016-05-17,False,True,2016-05-17,2026-05-21,2421.0,153459374.0
603960,100,2,克来机电,19.82999992370605,SH,上海主板,603960.SH,2017-03-14,False,True,2017-03-14,2026-05-21,2173.0,274625960.8
603966,100,2,法兰泰克,968.0600004196168,SH,上海主板,603966.SH,2017-01-25,False,True,2017-01-25,2026-05-21,2256.0,147123386.8
603967,100,2,中创物流,1208.0325002670288,SH,上海主板,603967.SH,2019-04-29,False,True,2019-04-29,2026-05-21,1711.0,90249591.4
603968,100,2,醋化股份,1480.0500001907349,SH,上海主板,603968.SH,2015-05-18,False,True,2015-05-18,2026-05-21,2675.0,52958804.1
603969,100,2,银龙股份,312.022500038147,SH,上海主板,603969.SH,2015-02-27,False,True,2015-02-27,2026-05-21,2729.0,199120934.8
603970,100,2,中农立华,1160.0500001907349,SH,上海主板,603970.SH,2017-11-16,False,True,2017-11-16,2026-05-21,2063.0,31257207.8
603976,100,2,正川股份,18.89999961853028,SH,上海主板,603976.SH,2017-08-22,False,True,2017-08-22,2026-05-21,2120.0,54331470.9
603977,100,2,国泰集团,1848.0524997711184,SH,上海主板,603977.SH,2016-11-11,False,True,2016-11-11,2026-05-21,2222.0,284504661.6
603978,100,2,深圳新星,22.280000686645508,SH,上海主板,603978.SH,2017-08-07,False,True,2017-08-07,2026-05-21,2128.0,561139073.6
603979,100,2,金诚信,408.060001373291,SH,上海主板,603979.SH,2015-06-30,False,True,2015-06-30,2026-05-21,2645.0,673480625.6
603980,100,2,吉华集团,6.449999809265137,SH,上海主板,603980.SH,2017-06-15,False,True,2017-06-15,2026-05-21,2162.0,104463851.6
603982,100,2,泉峰汽车,7.769999980926514,SH,上海主板,603982.SH,2019-05-22,False,True,2019-05-22,2026-05-21,1697.0,68316814.2
603983,100,2,丸美生物,26.809999465942383,SH,上海主板,603983.SH,2019-07-25,False,True,2019-07-25,2026-05-21,1652.0,57180298.4
603985,100,2,恒润股份,19.0,SH,上海主板,603985.SH,2017-05-05,False,True,2017-05-05,2026-05-21,2190.0,1310788131.2
603986,100,2,兆易创新,290.20001220703125,SH,上海主板,603986.SH,2016-08-18,False,True,2016-08-18,2026-05-21,2159.0,17075165593.6
603987,100,2,康德莱,168.04500007629397,SH,上海主板,603987.SH,2016-11-21,False,True,2016-11-21,2026-05-21,2305.0,46714417.9
603988,100,2,中电电机,24.739999771118164,SH,上海主板,603988.SH,2014-11-04,False,True,2014-11-04,2026-05-21,2779.0,180649041.2
603989,100,2,艾华集团,17.06999969482422,SH,上海主板,603989.SH,2015-05-15,False,True,2015-05-15,2026-05-21,2673.0,318183720.4
603990,100,2,麦迪科技,1912.022500038147,SH,上海主板,603990.SH,2016-12-08,False,True,2016-12-08,2026-05-21,2287.0,244778358.0
603991,100,2,至正股份,99.9000015258789,SH,上海主板,603991.SH,2017-03-08,False,True,2017-03-08,2026-05-21,2225.0,359794344.8
603992,100,2,松霖科技,48.22999954223633,SH,上海主板,603992.SH,2019-08-26,False,True,2019-08-26,2026-05-21,1630.0,128892403.2
603993,100,2,洛阳钼业,17.549999237060547,SH,上海主板,603993.SH,2012-10-09,False,True,2012-10-09,2026-05-21,3284.0,4799861657.6
603995,100,2,甬金股份,17.43000030517578,SH,上海主板,603995.SH,2019-12-24,False,True,2019-12-24,2026-05-21,1550.0,105864854.6
603997,100,2,继峰股份,1096.0500001907349,SH,上海主板,603997.SH,2015-03-02,False,True,2015-03-02,2026-05-21,2632.0,228101879.6
603998,100,2,方盛制药,824.0124998092651,SH,上海主板,603998.SH,2014-12-05,False,True,2014-12-05,2026-05-21,2706.0,83170241.4
603999,100,2,读者传媒,7.099999904632568,SH,上海主板,603999.SH,2015-12-10,False,True,2015-12-10,2026-05-21,2532.0,83054533.0
605001,100,2,威奥股份,7.460000038146973,SH,上海主板,605001.SH,2020-05-22,False,True,2020-05-22,2026-05-21,1453.0,46438934.8
605003,100,2,众望布艺,28.979999542236328,SH,上海主板,605003.SH,2020-09-08,False,True,2020-09-08,2026-05-21,1378.0,49822376.0
605005,100,2,合兴股份,19.459999084472656,SH,上海主板,605005.SH,2021-01-19,False,True,2021-01-19,2026-05-21,1290.0,63997485.2
605006,100,2,山东玻纤,168.01500034332275,SH,上海主板,605006.SH,2020-09-03,False,True,2020-09-03,2026-05-21,1381.0,765319597.6
605007,100,2,五洲特纸,1544.0299997329712,SH,上海主板,605007.SH,2020-11-10,False,True,2020-11-10,2026-05-21,1339.0,98110990.4
605008,100,2,长鸿高科,1016.0124998092653,SH,上海主板,605008.SH,2020-08-21,False,True,2020-08-21,2026-05-21,1381.0,30653141.5
605009,100,2,豪悦护理,28.64999961853028,SH,上海主板,605009.SH,2020-09-11,False,True,2020-09-11,2026-05-21,1375.0,33284426.2
605011,100,2,杭州热电,20.959999084472656,SH,上海主板,605011.SH,2021-06-30,False,True,2021-06-30,2026-05-21,1184.0,189571472.2
605016,100,2,百龙创园,23.25,SH,上海主板,605016.SH,2021-04-21,False,True,2021-04-21,2026-05-21,1230.0,159391604.8
605018,100,2,长华集团,696.022500038147,SH,上海主板,605018.SH,2020-09-29,False,True,2020-09-29,2026-05-21,1363.0,96329246.8
605020,100,2,永和股份,25.5,SH,上海主板,605020.SH,2021-07-09,False,True,2021-07-09,2026-05-21,1177.0,688845039.2
605028,100,2,世茂能源,27.170000076293945,SH,上海主板,605028.SH,2021-07-12,False,True,2021-07-12,2026-05-21,1167.0,66077776.0
605033,100,2,美邦股份,22.209999084472656,SH,上海主板,605033.SH,2021-09-16,False,True,2021-09-16,2026-05-21,1128.0,74596140.4
605050,100,2,福然德,1640.0550003051758,SH,上海主板,605050.SH,2020-09-24,False,True,2020-09-24,2026-05-21,1366.0,64581945.6
605055,100,2,迎丰股份,152.04749965667725,SH,上海主板,605055.SH,2021-01-29,False,True,2021-01-29,2026-05-21,1282.0,169273836.2
605056,100,2,咸亨国际,22.25,SH,上海主板,605056.SH,2021-07-20,False,True,2021-07-20,2026-05-21,1170.0,268926816.8
605058,100,2,澳弘电子,52.08000183105469,SH,上海主板,605058.SH,2020-10-21,False,True,2020-10-21,2026-05-21,1353.0,153074712.4
605060,100,2,联德股份,376.1800003051758,SH,上海主板,605060.SH,2021-03-01,False,True,2021-03-01,2026-05-21,1266.0,580504584.0
605066,100,2,天正电气,8.050000190734863,SH,上海主板,605066.SH,2020-08-07,False,True,2020-08-07,2026-05-21,1400.0,99152493.2
605068,100,2,明新旭腾,26.6299991607666,SH,上海主板,605068.SH,2020-11-23,False,True,2020-11-23,2026-05-21,1330.0,107541972.8
605069,100,2,正和生态,1176.0375003814695,SH,上海主板,605069.SH,2021-08-16,False,True,2021-08-16,2026-05-21,1151.0,135867395.2
605077,100,2,华康股份,1816.017499923706,SH,上海主板,605077.SH,2021-02-09,False,True,2021-02-09,2026-05-21,1270.0,336962686.4
605080,100,2,浙江自然,23.1299991607666,SH,上海主板,605080.SH,2021-05-06,False,True,2021-05-06,2026-05-21,1222.0,69902645.2
605086,100,2,龙高股份,72.22999954223633,SH,上海主板,605086.SH,2021-04-16,False,True,2021-04-16,2026-05-21,1233.0,133758720.6
605088,100,2,冠盛股份,72.11000061035156,SH,上海主板,605088.SH,2020-08-17,False,True,2020-08-17,2026-05-21,1394.0,171256888.0
605089,100,2,味知香,24.39999961853028,SH,上海主板,605089.SH,2021-04-27,False,True,2021-04-27,2026-05-21,1226.0,72026870.2
605090,100,2,九丰能源,128.11000061035156,SH,上海主板,605090.SH,2021-05-25,False,True,2021-05-25,2026-05-21,1198.0,1562339833.6
605098,100,2,行动教育,348.0200004577637,SH,上海主板,605098.SH,2021-04-21,False,True,2021-04-21,2026-05-21,1230.0,124885563.2
605099,100,2,共创草坪,196.22000122070312,SH,上海主板,605099.SH,2020-09-30,False,True,2020-09-30,2026-05-21,1362.0,274552586.0
605100,100,2,华丰股份,160.1599998474121,SH,上海主板,605100.SH,2020-08-11,False,True,2020-08-11,2026-05-21,1398.0,187813494.0
605108,100,2,同庆楼,16.780000686645508,SH,上海主板,605108.SH,2020-07-16,False,True,2020-07-16,2026-05-21,1416.0,57641586.8
605111,100,2,新洁能,184.20000076293945,SH,上海主板,605111.SH,2020-09-28,False,True,2020-09-28,2026-05-21,1364.0,1369090336.0
605116,100,2,奥锐特,25.940000534057617,SH,上海主板,605116.SH,2020-09-21,False,True,2020-09-21,2026-05-21,1369.0,104531311.4
605117,100,2,德业股份,140.6999969482422,SH,上海主板,605117.SH,2021-04-20,False,True,2021-04-20,2026-05-21,1231.0,2186904089.6
605118,100,2,力鼎光电,184.1699981689453,SH,上海主板,605118.SH,2020-07-30,False,True,2020-07-30,2026-05-21,1406.0,240043952.8
605122,100,2,四方新材,1240.0474996566772,SH,上海主板,605122.SH,2021-03-10,False,True,2021-03-10,2026-05-21,1259.0,63516247.55
605123,100,2,派克新材,94.5500030517578,SH,上海主板,605123.SH,2020-08-25,False,True,2020-08-25,2026-05-21,1388.0,528494979.2
605128,100,2,上海沿浦,60.16999816894531,SH,上海主板,605128.SH,2020-09-15,False,True,2020-09-15,2026-05-21,1373.0,128599319.8
605133,100,2,嵘泰股份,26.6299991607666,SH,上海主板,605133.SH,2021-02-24,False,True,2021-02-24,2026-05-21,1269.0,463053819.2
605136,100,2,丽人丽妆,456.039999961853,SH,上海主板,605136.SH,2020-09-29,False,True,2020-09-29,2026-05-21,1363.0,85947428.6
605138,100,2,盛泰集团,6.730000019073486,SH,上海主板,605138.SH,2021-10-27,False,True,2021-10-27,2026-05-21,1106.0,79554422.8
605151,100,2,西上海,18.56999969482422,SH,上海主板,605151.SH,2020-12-15,False,True,2020-12-15,2026-05-21,1314.0,63382752.9
605155,100,2,西大门,1928.020000457764,SH,上海主板,605155.SH,2020-12-31,False,True,2020-12-31,2026-05-21,1302.0,60363481.7
605158,100,2,华达新材,7.5,SH,上海主板,605158.SH,2020-08-05,False,True,2020-08-05,2026-05-21,1402.0,125647473.1
605162,100,2,新中港,680.0150003433228,SH,上海主板,605162.SH,2021-07-07,False,True,2021-07-07,2026-05-21,1179.0,233768175.2
605166,100,2,聚合顺,536.017499923706,SH,上海主板,605166.SH,2020-06-18,False,True,2020-06-18,2026-05-21,1434.0,100581506.8
605167,100,2,利柏特,17.43000030517578,SH,上海主板,605167.SH,2021-07-26,False,True,2021-07-26,2026-05-21,1166.0,112203635.6
605168,100,2,三人行,60.0099983215332,SH,上海主板,605168.SH,2020-05-28,False,True,2020-05-28,2026-05-21,1449.0,743974870.4
605169,100,2,洪通燃气,1608.0600004196167,SH,上海主板,605169.SH,2020-10-30,False,True,2020-10-30,2026-05-21,1336.0,76157702.4
605177,100,2,东亚药业,20.40999984741211,SH,上海主板,605177.SH,2020-11-25,False,True,2020-11-25,2026-05-21,1328.0,70899442.9
605178,100,2,时空科技,67.80000305175781,SH,上海主板,605178.SH,2020-08-21,False,True,2020-08-21,2026-05-21,1376.0,299628556.4
605179,100,2,一鸣食品,17.40999984741211,SH,上海主板,605179.SH,2020-12-28,False,True,2020-12-28,2026-05-21,1305.0,50860099.9
605180,100,2,华生科技,1672.0600004196167,SH,上海主板,605180.SH,2021-04-30,False,True,2021-04-30,2026-05-21,1223.0,27718448.2
605183,100,2,确成股份,20.299999237060547,SH,上海主板,605183.SH,2020-12-07,False,True,2020-12-07,2026-05-21,1320.0,50132844.2
605186,100,2,健麾信息,19.57999992370605,SH,上海主板,605186.SH,2020-12-22,False,True,2020-12-22,2026-05-21,1309.0,164713299.8
605188,100,2,国光连锁,16.6200008392334,SH,上海主板,605188.SH,2020-07-28,False,True,2020-07-28,2026-05-21,1408.0,127421497.4
605189,100,2,富春染织,1352.039999961853,SH,上海主板,605189.SH,2021-05-28,False,True,2021-05-28,2026-05-21,1206.0,257358189.2
605196,100,2,华通线缆,196.13000106811523,SH,上海主板,605196.SH,2021-05-11,False,True,2021-05-11,2026-05-21,1219.0,545192874.4
605198,100,2,安德利,100.20999908447266,SH,上海主板,605198.SH,2020-09-18,False,True,2020-09-18,2026-05-21,1370.0,249830818.8
605208,100,2,永茂泰,1160.0100002288818,SH,上海主板,605208.SH,2021-03-08,False,True,2021-03-08,2026-05-21,1261.0,239927384.4
605218,100,2,伟时电子,18.61000061035156,SH,上海主板,605218.SH,2020-09-28,False,True,2020-09-28,2026-05-21,1364.0,120039945.8
605222,100,2,起帆电缆,20.11000061035156,SH,上海主板,605222.SH,2020-07-31,False,True,2020-07-31,2026-05-21,1405.0,820710163.2
605228,100,2,神通科技,1528.022500038147,SH,上海主板,605228.SH,2021-01-20,False,True,2021-01-20,2026-05-21,1289.0,124726119.2
605255,100,2,天普股份,99.37000274658205,SH,上海主板,605255.SH,2020-08-25,False,True,2020-08-25,2026-05-21,1355.0,206530620.0
605258,100,2,协和电子,68.04999923706055,SH,上海主板,605258.SH,2020-12-03,False,True,2020-12-03,2026-05-21,1322.0,142634660.4
605259,100,2,绿田机械,22.309999465942383,SH,上海主板,605259.SH,2021-06-15,False,True,2021-06-15,2026-05-21,1195.0,43710034.7
605266,100,2,健之佳,19.350000381469727,SH,上海主板,605266.SH,2020-12-01,False,True,2020-12-01,2026-05-21,1324.0,38631281.3
605268,100,2,王力安防,1080.0124998092651,SH,上海主板,605268.SH,2021-02-24,False,True,2021-02-24,2026-05-21,1269.0,171603721.2
605277,100,2,新亚电子,22.64999961853028,SH,上海主板,605277.SH,2021-01-06,False,True,2021-01-06,2026-05-21,1299.0,155364365.2
605286,100,2,同力天启,288.0,SH,上海主板,605286.SH,2021-03-22,False,True,2021-03-22,2026-05-21,1241.0,141568717.2
605287,100,2,德才股份,204.18000030517572,SH,上海主板,605287.SH,2021-07-06,False,True,2021-07-06,2026-05-21,1180.0,495238552.0
605288,100,2,凯迪股份,90.93000030517578,SH,上海主板,605288.SH,2020-06-01,False,True,2020-06-01,2026-05-21,1447.0,148723460.2
605289,100,2,罗曼股份,113.0,SH,上海主板,605289.SH,2021-04-26,False,True,2021-04-26,2026-05-21,1227.0,720953248.0
605296,100,2,神农集团,30.559999465942383,SH,上海主板,605296.SH,2021-05-28,False,True,2021-05-28,2026-05-21,1206.0,123901777.2
605298,100,2,必得科技,236.0,SH,上海主板,605298.SH,2021-03-01,False,True,2021-03-01,2026-05-21,1266.0,184269102.8
605299,100,2,舒华体育,1864.039999961853,SH,上海主板,605299.SH,2020-12-15,False,True,2020-12-15,2026-05-21,1314.0,892659077.6
605300,100,2,佳禾食品,712.0500001907349,SH,上海主板,605300.SH,2021-04-30,False,True,2021-04-30,2026-05-21,1223.0,29697501.7
605303,100,2,园林股份,17.700000762939453,SH,上海主板,605303.SH,2021-03-01,False,True,2021-03-01,2026-05-21,1266.0,184710727.6
605305,100,2,中际联合,160.22999954223633,SH,上海主板,605305.SH,2021-05-06,False,True,2021-05-06,2026-05-21,1222.0,322906546.4
605318,100,2,法狮龙,72.19000244140625,SH,上海主板,605318.SH,2020-08-03,False,True,2020-08-03,2026-05-21,1403.0,302477091.2
605319,100,2,无锡振华,23.75,SH,上海主板,605319.SH,2021-06-07,False,True,2021-06-07,2026-05-21,1193.0,171847359.6
605333,100,2,沪光股份,25.21999931335449,SH,上海主板,605333.SH,2020-08-18,False,True,2020-08-18,2026-05-21,1393.0,71528506.2
605336,100,2,帅丰电器,1800.0500001907349,SH,上海主板,605336.SH,2020-10-19,False,True,2020-10-19,2026-05-21,1354.0,90102434.2
605337,100,2,李子园,712.0500001907349,SH,上海主板,605337.SH,2021-02-08,False,True,2021-02-08,2026-05-21,1276.0,35930944.8
605338,100,2,巴比食品,25.200000762939453,SH,上海主板,605338.SH,2020-10-12,False,True,2020-10-12,2026-05-21,1360.0,65368768.8
605339,100,2,南侨食品,16.670000076293945,SH,上海主板,605339.SH,2021-05-18,False,True,2021-05-18,2026-05-21,1214.0,28755603.5
605358,100,2,立昂微,72.13999938964844,SH,上海主板,605358.SH,2020-09-11,False,True,2020-09-11,2026-05-21,1375.0,2168109411.2
605365,100,2,立达信,18.309999465942383,SH,上海主板,605365.SH,2021-07-20,False,True,2021-07-20,2026-05-21,1170.0,388935466.4
605366,100,2,宏柏新材,584.0,SH,上海主板,605366.SH,2020-08-12,False,True,2020-08-12,2026-05-21,1397.0,466002004.8
605368,100,2,蓝天燃气,136.05000019073486,SH,上海主板,605368.SH,2021-01-29,False,True,2021-01-29,2026-05-21,1281.0,40051689.2
605369,100,2,拱东医疗,17.299999237060547,SH,上海主板,605369.SH,2020-09-16,False,True,2020-09-16,2026-05-21,1372.0,78099214.8
605376,100,2,博迁新材,90.36000061035156,SH,上海主板,605376.SH,2020-12-08,False,True,2020-12-08,2026-05-21,1319.0,1612237206.4
605377,100,2,华旺科技,408.0375003814697,SH,上海主板,605377.SH,2020-12-28,False,True,2020-12-28,2026-05-21,1305.0,85589864.2
605378,100,2,野马电池,19.88999938964844,SH,上海主板,605378.SH,2021-04-12,False,True,2021-04-12,2026-05-21,1237.0,50466487.8
605388,100,2,均瑶健康,6.329999923706055,SH,上海主板,605388.SH,2020-08-18,False,True,2020-08-18,2026-05-21,1393.0,192912480.8
605389,100,2,长龄液压,77.80999755859375,SH,上海主板,605389.SH,2021-03-22,False,True,2021-03-22,2026-05-21,1233.0,385572629.6
605398,100,2,新炬网络,27.299999237060547,SH,上海主板,605398.SH,2021-01-21,False,True,2021-01-21,2026-05-21,1288.0,60131287.2
605399,100,2,晨光新材,1544.0200004577637,SH,上海主板,605399.SH,2020-08-04,False,True,2020-08-04,2026-05-21,1403.0,108062901.4
605488,100,2,福莱新材,40.15999984741211,SH,上海主板,605488.SH,2021-05-13,False,True,2021-05-13,2026-05-21,1217.0,324125036.0
605499,100,2,东鹏饮料,228.08999633789065,SH,上海主板,605499.SH,2021-05-27,False,True,2021-05-27,2026-05-21,1207.0,964227099.2
605500,100,2,森林包装,264.0,SH,上海主板,605500.SH,2020-12-22,False,True,2020-12-22,2026-05-21,1309.0,48298698.3
605507,100,2,国邦医药,26.21999931335449,SH,上海主板,605507.SH,2021-08-02,False,True,2021-08-02,2026-05-21,1161.0,75485435.0
605555,100,2,德昌股份,1864.0600004196167,SH,上海主板,605555.SH,2021-10-21,False,True,2021-10-21,2026-05-21,1106.0,130704235.0
605566,100,2,福莱蒽特,26.84000015258789,SH,上海主板,605566.SH,2021-10-25,False,True,2021-10-25,2026-05-21,1108.0,166441513.4
605567,100,2,春雪食品,664.017499923706,SH,上海主板,605567.SH,2021-10-13,False,True,2021-10-13,2026-05-21,1116.0,47850051.0
605577,100,2,龙版传媒,1352.0,SH,上海主板,605577.SH,2021-08-24,False,True,2021-08-24,2026-05-21,1145.0,55145974.4
605580,100,2,恒盛能源,20.559999465942383,SH,上海主板,605580.SH,2021-08-19,False,True,2021-08-19,2026-05-21,1148.0,97715413.8
605588,100,2,冠石科技,368.0,SH,上海主板,605588.SH,2021-08-12,False,True,2021-08-12,2026-05-21,1153.0,147587963.6
605589,100,2,圣泉集团,30.799999237060547,SH,上海主板,605589.SH,2021-08-10,False,True,2021-08-10,2026-05-21,1155.0,2104290144.0
605598,100,2,上海港湾,276.060001373291,SH,上海主板,605598.SH,2021-09-17,False,True,2021-09-17,2026-05-21,1127.0,406759885.6
605599,100,2,菜百股份,22.600000381469727,SH,上海主板,605599.SH,2021-09-09,False,True,2021-09-09,2026-05-21,1133.0,137098168.0
688001,100,2,华兴源创,30.43000030517578,SH,科创板,688001.SH,2019-07-22,False,True,2019-07-22,2026-05-21,1655.0,1062051638.4
688002,100,2,睿创微纳,101.0,SH,科创板,688002.SH,2019-07-22,False,True,2019-07-22,2026-05-21,1655.0,1422468902.4
688003,100,2,天准科技,464.1800003051758,SH,科创板,688003.SH,2019-07-22,False,True,2019-07-22,2026-05-21,1655.0,544925052.0
688004,100,2,博汇科技,22.01000022888184,SH,科创板,688004.SH,2020-06-12,False,True,2020-06-12,2026-05-21,1438.0,39973321.7
688005,100,2,容百科技,29.96999931335449,SH,科创板,688005.SH,2019-07-22,False,True,2019-07-22,2026-05-21,1651.0,1410761718.4
688006,100,2,杭可科技,25.559999465942383,SH,科创板,688006.SH,2019-07-22,False,True,2019-07-22,2026-05-21,1655.0,517004505.6
688007,100,2,光峰科技,1608.0299997329712,SH,科创板,688007.SH,2019-07-22,False,True,2019-07-22,2026-05-21,1655.0,112457093.6
688008,100,2,澜起科技,144.89999389648438,SH,科创板,688008.SH,2019-07-22,False,True,2019-07-22,2026-05-21,1655.0,17565249792.0
688009,100,2,中国通号,5.650000095367432,SH,科创板,688009.SH,2019-07-22,False,True,2019-07-22,2026-05-21,1655.0,194294026.4
688010,100,2,福光股份,28.200000762939453,SH,科创板,688010.SH,2019-07-22,False,True,2019-07-22,2026-05-21,1655.0,214965564.0
688011,100,2,新光光电,65.30000305175781,SH,科创板,688011.SH,2019-07-22,False,True,2019-07-22,2026-05-21,1655.0,124520523.0
688012,100,2,中微公司,309.29998779296875,SH,科创板,688012.SH,2019-07-22,False,True,2019-07-22,2026-05-21,1646.0,8683781811.2
688013,100,2,天臣医疗,112.16999816894533,SH,科创板,688013.SH,2020-09-28,False,True,2020-09-28,2026-05-21,1364.0,51644255.0
688015,100,2,交控科技,22.43000030517578,SH,科创板,688015.SH,2019-07-22,False,True,2019-07-22,2026-05-21,1655.0,47998744.9
688016,100,2,心脉医疗,105.06999969482422,SH,科创板,688016.SH,2019-07-22,False,True,2019-07-22,2026-05-21,1655.0,222756598.4
688017,100,2,绿的谐波,186.0200042724609,SH,科创板,688017.SH,2020-08-28,False,True,2020-08-28,2026-05-21,1385.0,2886051033.6
688018,100,2,乐鑫科技,142.99000549316406,SH,科创板,688018.SH,2019-07-22,False,True,2019-07-22,2026-05-21,1655.0,1150806464.0
688019,100,2,安集科技,232.27999877929688,SH,科创板,688019.SH,2019-07-22,False,True,2019-07-22,2026-05-21,1655.0,1865748230.4
688020,100,2,方邦股份,84.62000274658203,SH,科创板,688020.SH,2019-07-22,False,True,2019-07-22,2026-05-21,1655.0,944845742.4
688021,100,2,奥福科技,26.89999961853028,SH,科创板,688021.SH,2019-11-06,False,True,2019-11-06,2026-05-21,1584.0,80029206.4
688022,100,2,瀚川智能,1704.0150003433228,SH,科创板,688022.SH,2019-07-22,False,True,2019-07-22,2026-05-21,1654.0,90255635.55
688023,100,2,安恒信息,348.04999923706055,SH,科创板,688023.SH,2019-11-05,False,True,2019-11-05,2026-05-21,1585.0,147335545.6
688025,100,2,杰普特,212.1000061035156,SH,科创板,688025.SH,2019-10-31,False,True,2019-10-31,2026-05-21,1588.0,1587757977.6
688026,100,2,洁特生物,16.309999465942383,SH,科创板,688026.SH,2020-01-22,False,True,2020-01-22,2026-05-21,1530.0,32607600.7
688027,100,2,国盾量子,643.0,SH,科创板,688027.SH,2020-07-09,False,True,2020-07-09,2026-05-21,1417.0,1462114540.8
688028,100,2,沃尔德,90.5,SH,科创板,688028.SH,2019-07-22,False,True,2019-07-22,2026-05-21,1646.0,861040340.8
688029,100,2,南微医学,71.58999633789062,SH,科创板,688029.SH,2019-07-22,False,True,2019-07-22,2026-05-21,1653.0,157249055.4
688030,100,2,山石网科,2024.055000305176,SH,科创板,688030.SH,2019-09-30,False,True,2019-09-30,2026-05-21,1606.0,45491004.8
688031,100,2,星环科技,150.88999938964844,SH,科创板,688031.SH,2022-10-18,False,True,2022-10-18,2026-05-21,870.0,1041922961.6
688032,100,2,禾迈股份,134.0,SH,科创板,688032.SH,2021-12-20,False,True,2021-12-20,2026-05-21,1068.0,231584907.6
688033,100,2,天宜新材,152.00749969482422,SH,科创板,688033.SH,2019-07-22,False,True,2019-07-22,2026-05-21,1654.0,147424099.4
688035,100,2,德邦科技,464.2099990844727,SH,科创板,688035.SH,2022-09-19,False,True,2022-09-19,2026-05-21,886.0,748292043.2
688036,100,2,传音控股,372.0800018310547,SH,科创板,688036.SH,2019-09-30,False,True,2019-09-30,2026-05-21,1606.0,1006442425.6
688037,100,2,芯源微,165.00999450683594,SH,科创板,688037.SH,2019-12-16,False,True,2019-12-16,2026-05-21,1553.0,2549104483.2
688038,100,2,中科通达,19.770000457763672,SH,科创板,688038.SH,2021-07-13,False,True,2021-07-13,2026-05-21,1165.0,67132877.2
688039,100,2,当虹科技,216.20000076293945,SH,科创板,688039.SH,2019-12-11,False,True,2019-12-11,2026-05-21,1559.0,142143442.8
688041,100,2,海光信息,216.4199981689453,SH,科创板,688041.SH,2022-08-12,False,True,2022-08-12,2026-05-21,901.0,13578055040.0
688045,100,2,必易微,212.18999862670896,SH,科创板,688045.SH,2022-05-26,False,True,2022-05-26,2026-05-21,966.0,214908144.8
688046,100,2,药康生物,1480.0,SH,科创板,688046.SH,2022-04-25,False,True,2022-04-25,2026-05-21,986.0,145214385.2
688047,100,2,龙芯中科,138.91000366210938,SH,科创板,688047.SH,2022-06-24,False,True,2022-06-24,2026-05-21,946.0,2391403670.4
688048,100,2,长光华芯,203.13999938964844,SH,科创板,688048.SH,2022-04-01,False,True,2022-04-01,2026-05-21,1000.0,5804598963.2
688049,100,2,炬芯科技,260.189998626709,SH,科创板,688049.SH,2021-11-29,False,True,2021-11-29,2026-05-21,1083.0,394423726.4
688050,100,2,爱博医疗,348.060001373291,SH,科创板,688050.SH,2020-07-29,False,True,2020-07-29,2026-05-21,1407.0,109720977.8
688051,100,2,佳华科技,31.690000534057617,SH,科创板,688051.SH,2020-03-20,False,True,2020-03-20,2026-05-21,1484.0,115958771.2
688052,100,2,纳芯微,161.64999389648438,SH,科创板,688052.SH,2022-04-22,False,True,2022-04-22,2026-05-21,987.0,1003434571.2
688055,100,2,龙腾光电,4.159999847412109,SH,科创板,688055.SH,2020-08-17,False,True,2020-08-17,2026-05-21,1394.0,130240709.4
688056,100,2,莱伯泰科,68.2400016784668,SH,科创板,688056.SH,2020-09-02,False,True,2020-09-02,2026-05-21,1382.0,33077568.8
688057,100,2,金达莱,1128.0150003433228,SH,科创板,688057.SH,2020-11-11,False,True,2020-11-11,2026-05-21,1338.0,39462529.6
688058,100,2,宝兰德,28.38999938964844,SH,科创板,688058.SH,2019-11-01,False,True,2019-11-01,2026-05-21,1587.0,41414966.9
688059,100,2,华锐精密,109.91000366210938,SH,科创板,688059.SH,2021-02-08,False,True,2021-02-08,2026-05-21,1276.0,558267113.6
688060,100,2,云涌科技,236.0499992370605,SH,科创板,688060.SH,2020-07-10,False,True,2020-07-10,2026-05-21,1420.0,22377544.7
688061,100,2,灿瑞科技,84.06000137329102,SH,科创板,688061.SH,2022-10-18,False,True,2022-10-18,2026-05-21,870.0,96775985.6
688062,100,2,迈威生物,48.02000045776367,SH,科创板,688062.SH,2022-01-18,False,True,2022-01-18,2026-05-21,1048.0,314546581.6
688063,100,2,派能科技,83.48999786376953,SH,科创板,688063.SH,2020-12-30,False,True,2020-12-30,2026-05-21,1303.0,1045933584.0
688065,100,2,凯赛生物,304.0,SH,科创板,688065.SH,2020-08-12,False,True,2020-08-12,2026-05-21,1393.0,282465086.4
688066,100,2,航天宏图,21.440000534057617,SH,科创板,688066.SH,2019-07-22,False,True,2019-07-22,2026-05-21,1654.0,258888484.4
688067,100,2,爱威科技,26.440000534057617,SH,科创板,688067.SH,2021-06-16,False,True,2021-06-16,2026-05-21,1194.0,34606855.6
688068,100,2,热景生物,113.44000244140624,SH,科创板,688068.SH,2019-09-30,False,True,2019-09-30,2026-05-21,1605.0,257452753.6
688069,100,2,德林海,25.100000381469727,SH,科创板,688069.SH,2020-07-22,False,True,2020-07-22,2026-05-21,1412.0,336194451.2
688070,100,2,纵横股份,328.0999984741211,SH,科创板,688070.SH,2021-02-10,False,True,2021-02-10,2026-05-21,1274.0,84658520.6
688071,100,2,华依科技,31.459999084472656,SH,科创板,688071.SH,2021-07-29,False,True,2021-07-29,2026-05-21,1163.0,109396207.8
688072,100,2,拓荆科技,347.8699951171875,SH,科创板,688072.SH,2022-04-20,False,True,2022-04-20,2026-05-21,989.0,3629164000.0
688073,100,2,毕得医药,372.0299987792969,SH,科创板,688073.SH,2022-10-11,False,True,2022-10-11,2026-05-21,865.0,108401808.6
688075,100,2,安旭生物,124.1500015258789,SH,科创板,688075.SH,2021-11-18,False,True,2021-11-18,2026-05-21,1090.0,20272678.35
688077,100,2,大地熊,29.020000457763672,SH,科创板,688077.SH,2020-07-22,False,True,2020-07-22,2026-05-21,1412.0,90490625.0
688078,100,2,龙软科技,24.780000686645508,SH,科创板,688078.SH,2019-12-30,False,True,2019-12-30,2026-05-21,1546.0,26777251.1
688079,100,2,美迪凯,1256.0550003051758,SH,科创板,688079.SH,2021-03-02,False,True,2021-03-02,2026-05-21,1265.0,307322678.8
688080,100,2,映翰通,368.2299995422363,SH,科创板,688080.SH,2020-02-12,False,True,2020-02-12,2026-05-21,1521.0,121412841.0
688081,100,2,兴图新科,104.0999984741211,SH,科创板,688081.SH,2020-01-06,False,True,2020-01-06,2026-05-21,1542.0,136048795.2
688082,100,2,盛美上海,150.00999450683594,SH,科创板,688082.SH,2021-11-18,False,True,2021-11-18,2026-05-21,1090.0,1642725220.8
688083,100,2,中望软件,380.2200012207031,SH,科创板,688083.SH,2021-03-11,False,True,2021-03-11,2026-05-21,1258.0,222767273.6
688084,100,2,晶品特装,66.9800033569336,SH,科创板,688084.SH,2022-12-08,False,True,2022-12-08,2026-05-21,833.0,133585751.6
688085,100,2,三友医疗,18.64999961853028,SH,科创板,688085.SH,2020-04-09,False,True,2020-04-09,2026-05-21,1477.0,90736813.0
688087,100,2,英科再生,160.1699981689453,SH,科创板,688087.SH,2021-07-09,False,True,2021-07-09,2026-05-21,1177.0,167610309.2
688088,100,2,虹软科技,188.13999938964844,SH,科创板,688088.SH,2019-07-22,False,True,2019-07-22,2026-05-21,1655.0,381527992.8
688089,100,2,嘉必优,18.46999931335449,SH,科创板,688089.SH,2019-12-19,False,True,2019-12-19,2026-05-21,1543.0,84045178.0
688090,100,2,瑞松科技,332.1699981689453,SH,科创板,688090.SH,2020-02-17,False,True,2020-02-17,2026-05-21,1518.0,450783624.8
688091,100,2,上海谊众,344.20000076293945,SH,科创板,688091.SH,2021-09-09,False,True,2021-09-09,2026-05-21,1133.0,353788091.2
688092,100,2,爱科科技,29.0,SH,科创板,688092.SH,2021-03-19,False,True,2021-03-19,2026-05-21,1252.0,38286376.2
688093,100,2,世华科技,31.200000762939453,SH,科创板,688093.SH,2020-09-30,False,True,2020-09-30,2026-05-21,1362.0,103472287.8
688095,100,2,福昕软件,72.37999725341797,SH,科创板,688095.SH,2020-09-08,False,True,2020-09-08,2026-05-21,1378.0,219020866.0
688096,100,2,京源环保,136.01000022888184,SH,科创板,688096.SH,2020-04-09,False,True,2020-04-09,2026-05-21,1481.0,176703200.4
688097,100,2,博众精工,440.0099983215332,SH,科创板,688097.SH,2021-05-12,False,True,2021-05-12,2026-05-21,1218.0,673310793.6
688098,100,2,申联生物,120.0325002670288,SH,科创板,688098.SH,2019-10-28,False,True,2019-10-28,2026-05-21,1591.0,27209971.1
688099,100,2,晶晨股份,85.02999877929688,SH,科创板,688099.SH,2019-08-08,False,True,2019-08-08,2026-05-21,1642.0,2325040889.6
688100,100,2,威胜信息,104.16999816894533,SH,科创板,688100.SH,2020-01-21,False,True,2020-01-21,2026-05-21,1531.0,142710884.8
688101,100,2,三达膜,16.43000030517578,SH,科创板,688101.SH,2019-11-15,False,True,2019-11-15,2026-05-21,1577.0,167781678.1
688102,100,2,斯瑞新材,124.0,SH,科创板,688102.SH,2022-03-16,False,True,2022-03-16,2026-05-21,1012.0,1108450051.2
688103,100,2,国力电子,464.0099983215332,SH,科创板,688103.SH,2021-09-10,False,True,2021-09-10,2026-05-21,1132.0,135408126.0
688105,100,2,诺唯赞,19.63999938964844,SH,科创板,688105.SH,2021-11-15,False,True,2021-11-15,2026-05-21,1093.0,57814541.6
688106,100,2,金宏气体,29.11000061035156,SH,科创板,688106.SH,2020-06-16,False,True,2020-06-16,2026-05-21,1436.0,2160401382.4
688107,100,2,安路科技,29.76000022888184,SH,科创板,688107.SH,2021-11-12,False,True,2021-11-12,2026-05-21,1094.0,512196021.6
688108,100,2,赛诺医疗,20.31999969482422,SH,科创板,688108.SH,2019-10-30,False,True,2019-10-30,2026-05-21,1589.0,335975936.8
688109,100,2,品茗科技,130.66000366210938,SH,科创板,688109.SH,2021-03-30,False,True,2021-03-30,2026-05-21,1240.0,151958076.4
688110,100,2,东芯股份,131.0,SH,科创板,688110.SH,2021-12-10,False,True,2021-12-10,2026-05-21,1071.0,3616342284.8
688111,100,2,金山办公,252.6999969482422,SH,科创板,688111.SH,2019-11-18,False,True,2019-11-18,2026-05-21,1576.0,2350601344.0
688112,100,2,鼎阳科技,140.06999969482422,SH,科创板,688112.SH,2021-12-01,False,True,2021-12-01,2026-05-21,1081.0,302813008.8
688113,100,2,联测科技,140.22999954223633,SH,科创板,688113.SH,2021-05-06,False,True,2021-05-06,2026-05-21,1222.0,63847072.3
688114,100,2,华大智造,344.0699996948242,SH,科创板,688114.SH,2022-09-09,False,True,2022-09-09,2026-05-21,891.0,257653621.6
688115,100,2,思林杰,164.1500015258789,SH,科创板,688115.SH,2022-03-14,False,True,2022-03-14,2026-05-21,1004.0,110304872.0
688116,100,2,天奈科技,172.04999923706055,SH,科创板,688116.SH,2019-09-25,False,True,2019-09-25,2026-05-21,1609.0,504344083.2
688117,100,2,圣诺生物,76.0,SH,科创板,688117.SH,2021-06-03,False,True,2021-06-03,2026-05-21,1202.0,132085493.0
688118,100,2,普元信息,28.600000381469727,SH,科创板,688118.SH,2019-12-04,False,True,2019-12-04,2026-05-21,1564.0,95799911.6
688119,100,2,中钢洛耐,5.190000057220459,SH,科创板,688119.SH,2022-06-06,False,True,2022-06-06,2026-05-21,960.0,76717645.6
688120,100,2,华海清科,170.3000030517578,SH,科创板,688120.SH,2022-06-08,False,True,2022-06-08,2026-05-21,958.0,2303895212.8
688121,100,2,卓然股份,792.0375003814697,SH,科创板,688121.SH,2021-09-06,False,True,2021-09-06,2026-04-30,1124.0,49675777.9
688122,100,2,西部超导,71.18000030517578,SH,科创板,688122.SH,2019-07-22,False,True,2019-07-22,2026-05-21,1655.0,1070298166.4
688123,100,2,聚辰股份,124.62000274658205,SH,科创板,688123.SH,2019-12-23,False,True,2019-12-23,2026-05-21,1551.0,2304262454.4
688125,100,2,安达智能,231.2700042724609,SH,科创板,688125.SH,2022-04-15,False,True,2022-04-15,2026-05-21,992.0,277527663.2
688126,100,2,沪硅产业,18.21999931335449,SH,科创板,688126.SH,2020-04-20,False,True,2020-04-20,2026-05-21,1464.0,3112384816.0
688127,100,2,蓝特光学,480.04000091552734,SH,科创板,688127.SH,2020-09-21,False,True,2020-09-21,2026-05-21,1369.0,879558678.4
688128,100,2,中国电研,26.71999931335449,SH,科创板,688128.SH,2019-11-05,False,True,2019-11-05,2026-05-21,1585.0,78830818.8
688129,100,2,东来技术,22.93000030517578,SH,科创板,688129.SH,2020-10-23,False,True,2020-10-23,2026-05-21,1351.0,60451488.8
688130,100,2,晶华微,22.209999084472656,SH,科创板,688130.SH,2022-07-29,False,True,2022-07-29,2026-05-21,921.0,108751715.8
688131,100,2,皓元医药,65.30000305175781,SH,科创板,688131.SH,2021-06-08,False,True,2021-06-08,2026-05-21,1189.0,370684538.4
688132,100,2,邦彦技术,16.8799991607666,SH,科创板,688132.SH,2022-09-23,False,True,2022-09-23,2026-05-21,876.0,27954031.7
688133,100,2,泰坦科技,20.600000381469727,SH,科创板,688133.SH,2020-10-30,False,True,2020-10-30,2026-05-21,1346.0,128035200.0
688135,100,2,利扬芯片,28.1200008392334,SH,科创板,688135.SH,2020-11-11,False,True,2020-11-11,2026-05-21,1338.0,928174640.0
688136,100,2,科兴制药,26.239999771118164,SH,科创板,688136.SH,2020-12-14,False,True,2020-12-14,2026-05-21,1315.0,148497042.8
688137,100,2,近岸蛋白,152.04999923706055,SH,科创板,688137.SH,2022-09-29,False,True,2022-09-29,2026-05-21,878.0,47977279.3
688138,100,2,清溢光电,27.6299991607666,SH,科创板,688138.SH,2019-11-20,False,True,2019-11-20,2026-05-21,1574.0,263276081.4
688139,100,2,海尔生物,31.86000061035156,SH,科创板,688139.SH,2019-10-25,False,True,2019-10-25,2026-05-21,1582.0,118675431.2
688141,100,2,杰华特,240.0099983215332,SH,科创板,688141.SH,2022-12-23,False,True,2022-12-23,2026-05-21,822.0,2002951772.8
688143,100,2,长盈通,336.1100006103516,SH,科创板,688143.SH,2022-12-12,False,True,2022-12-12,2026-05-21,822.0,1342205131.2
688146,100,2,中船特气,184.1599998474121,SH,科创板,688146.SH,2023-04-21,False,True,2023-04-21,2026-05-21,744.0,2394680966.4
688147,100,2,微导纳米,69.58999633789062,SH,科创板,688147.SH,2022-12-23,False,True,2022-12-23,2026-05-21,822.0,985933332.8
688148,100,2,芳源股份,24.037500381469727,SH,科创板,688148.SH,2021-08-06,False,True,2021-08-06,2026-05-21,1157.0,305631720.0
688150,100,2,莱特光电,124.08000183105467,SH,科创板,688150.SH,2022-03-18,False,True,2022-03-18,2026-05-21,1010.0,849553840.0
688151,100,2,华强科技,20.209999084472656,SH,科创板,688151.SH,2021-12-06,False,True,2021-12-06,2026-05-21,1078.0,47746965.2
688152,100,2,麒麟信安,80.0,SH,科创板,688152.SH,2022-10-28,False,True,2022-10-28,2026-05-21,862.0,76940736.1
688153,100,2,唯捷创芯,92.0999984741211,SH,科创板,688153.SH,2022-04-12,False,True,2022-04-12,2026-05-21,995.0,209830514.4
688155,100,2,先惠技术,76.2699966430664,SH,科创板,688155.SH,2020-08-11,False,True,2020-08-11,2026-05-21,1398.0,460523811.2
688156,100,2,路德科技,20.56999969482422,SH,科创板,688156.SH,2020-09-22,False,True,2020-09-22,2026-05-21,1368.0,112281144.0
688157,100,2,松井股份,84.04999923706055,SH,科创板,688157.SH,2020-06-09,False,True,2020-06-09,2026-05-21,1431.0,86908194.6
688158,100,2,优刻得,240.0,SH,科创板,688158.SH,2020-01-20,False,True,2020-01-20,2026-05-21,1532.0,2343449395.2
688159,100,2,有方科技,196.0999984741211,SH,科创板,688159.SH,2020-01-23,False,True,2020-01-23,2026-05-21,1529.0,507673123.2
688160,100,2,步科股份,105.80999755859376,SH,科创板,688160.SH,2020-11-12,False,True,2020-11-12,2026-05-21,1337.0,427276004.0
688161,100,2,威高骨科,28.280000686645508,SH,科创板,688161.SH,2021-06-30,False,True,2021-06-30,2026-05-21,1184.0,81031618.0
688162,100,2,巨一科技,30.86000061035156,SH,科创板,688162.SH,2021-11-10,False,True,2021-11-10,2026-05-21,1096.0,78476597.8
688163,100,2,赛伦生物,22.709999084472656,SH,科创板,688163.SH,2022-03-11,False,True,2022-03-11,2026-05-21,1015.0,125222918.4
688165,100,2,埃夫特,17.700000762939453,SH,科创板,688165.SH,2020-07-15,False,True,2020-07-15,2026-05-21,1407.0,237050756.4
688166,100,2,博瑞医药,284.0299987792969,SH,科创板,688166.SH,2019-11-08,False,True,2019-11-08,2026-05-21,1582.0,868313238.4
688167,100,2,炬光科技,312.1000061035156,SH,科创板,688167.SH,2021-12-24,False,True,2021-12-24,2026-05-21,1064.0,2799875827.2
688168,100,2,安博通,74.19999694824219,SH,科创板,688168.SH,2019-09-06,False,True,2019-09-06,2026-05-21,1621.0,183463594.8
688169,100,2,石头科技,125.68000030517578,SH,科创板,688169.SH,2020-02-21,False,True,2020-02-21,2026-05-21,1514.0,1023092284.8
688170,100,2,德龙激光,288.2200012207031,SH,科创板,688170.SH,2022-04-29,False,True,2022-04-29,2026-05-21,982.0,637483267.2
688171,100,2,纬德信息,316.0699996948242,SH,科创板,688171.SH,2022-01-27,False,True,2022-01-27,2026-05-21,1041.0,143481318.0
688172,100,2,燕东微,256.1500015258789,SH,科创板,688172.SH,2022-12-16,False,True,2022-12-16,2026-05-21,827.0,1175995035.2
688173,100,2,希荻微,1672.0500001907349,SH,科创板,688173.SH,2022-01-21,False,True,2022-01-21,2026-05-21,1036.0,247873068.0
688175,100,2,高凌信息,84.20000076293945,SH,科创板,688175.SH,2022-03-15,False,True,2022-03-15,2026-05-21,995.0,67683882.2
688176,100,2,亚虹医药,1448.0550003051758,SH,科创板,688176.SH,2022-01-07,False,True,2022-01-07,2026-05-21,1055.0,130902880.8
688177,100,2,百奥泰,22.07999992370605,SH,科创板,688177.SH,2020-02-21,False,True,2020-02-21,2026-05-21,1514.0,62733289.4
688178,100,2,万德斯,26.850000381469727,SH,科创板,688178.SH,2020-01-14,False,True,2020-01-14,2026-05-21,1521.0,88124210.8
688179,100,2,阿拉丁,16.559999465942383,SH,科创板,688179.SH,2020-10-26,False,True,2020-10-26,2026-05-21,1350.0,317667160.0
688180,100,2,君实生物,36.150001525878906,SH,科创板,688180.SH,2020-07-15,False,True,2020-07-15,2026-05-21,1417.0,710372419.2
688181,100,2,八亿时空,40.08000183105469,SH,科创板,688181.SH,2020-01-06,False,True,2020-01-06,2026-05-21,1542.0,313341248.8
688182,100,2,灿勤科技,27.76000022888184,SH,科创板,688182.SH,2021-11-16,False,True,2021-11-16,2026-05-21,1092.0,429803407.2
688183,100,2,生益电子,82.5999984741211,SH,科创板,688183.SH,2021-02-25,False,True,2021-02-25,2026-05-21,1268.0,2767970457.6
688185,100,2,康希诺,71.76000213623047,SH,科创板,688185.SH,2020-08-13,False,True,2020-08-13,2026-05-21,1396.0,168997890.0
688186,100,2,广大特材,24.530000686645508,SH,科创板,688186.SH,2020-02-11,False,True,2020-02-11,2026-05-21,1522.0,182067120.8
688187,100,2,时代电气,360.13000106811523,SH,科创板,688187.SH,2021-09-07,False,True,2021-09-07,2026-05-21,1135.0,644000651.2
688188,100,2,柏楚电子,136.33999633789062,SH,科创板,688188.SH,2019-08-08,False,True,2019-08-08,2026-05-21,1642.0,503702259.2
688189,100,2,南新制药,7.489999771118164,SH,科创板,688189.SH,2020-03-26,False,True,2020-03-26,2026-05-21,1480.0,174988551.6
688190,100,2,云路股份,99.1999969482422,SH,科创板,688190.SH,2021-11-26,False,True,2021-11-26,2026-05-21,1084.0,229030098.4
688191,100,2,智洋创新,288.1800003051758,SH,科创板,688191.SH,2021-04-08,False,True,2021-04-08,2026-05-21,1229.0,418237470.4
688192,100,2,迪哲医药,296.13999938964844,SH,科创板,688192.SH,2021-12-10,False,True,2021-12-10,2026-05-21,1074.0,220865492.4
688193,100,2,仁度生物,300.1500015258789,SH,科创板,688193.SH,2022-03-30,False,True,2022-03-30,2026-05-21,997.0,68832968.8
688195,100,2,腾景科技,234.1100006103516,SH,科创板,688195.SH,2021-03-26,False,True,2021-03-26,2026-05-21,1237.0,2816004294.4
688196,100,2,卓越新能,71.69999694824219,SH,科创板,688196.SH,2019-11-21,False,True,2019-11-21,2026-05-21,1573.0,93381719.2
688197,100,2,首药控股,104.11999893188477,SH,科创板,688197.SH,2022-03-23,False,True,2022-03-23,2026-05-21,1007.0,69814552.0
688198,100,2,佰仁医疗,97.51000213623048,SH,科创板,688198.SH,2019-12-09,False,True,2019-12-09,2026-05-21,1561.0,65944190.6
688199,100,2,久日新材,23.979999542236328,SH,科创板,688199.SH,2019-11-05,False,True,2019-11-05,2026-05-21,1585.0,150277497.6
688200,100,2,华峰测控,270.0,SH,科创板,688200.SH,2020-02-18,False,True,2020-02-18,2026-05-21,1517.0,1175482953.6
688201,100,2,信安世纪,1720.0024995803833,SH,科创板,688201.SH,2021-04-21,False,True,2021-04-21,2026-05-21,1226.0,116856003.6
688202,100,2,美迪西,400.2299995422363,SH,科创板,688202.SH,2019-11-05,False,True,2019-11-05,2026-05-21,1585.0,348918028.0
688203,100,2,海正生材,984.0074996948242,SH,科创板,688203.SH,2022-08-16,False,True,2022-08-16,2026-05-21,909.0,70923105.1
688205,100,2,德科立,176.6300048828125,SH,科创板,688205.SH,2022-08-09,False,True,2022-08-09,2026-05-21,914.0,3594222809.6
688206,100,2,概伦电子,31.65999984741211,SH,科创板,688206.SH,2021-12-28,False,True,2021-12-28,2026-05-21,1052.0,313402079.6
688207,100,2,格灵深瞳,1784.0325002670288,SH,科创板,688207.SH,2022-03-17,False,True,2022-03-17,2026-05-21,1011.0,112749490.2
688208,100,2,道通科技,40.0099983215332,SH,科创板,688208.SH,2020-02-13,False,True,2020-02-13,2026-05-21,1520.0,625308133.6
688209,100,2,英集芯,20.559999465942383,SH,科创板,688209.SH,2022-04-19,False,True,2022-04-19,2026-05-21,980.0,392989898.4
688210,100,2,统联精密,156.11999893188477,SH,科创板,688210.SH,2021-12-27,False,True,2021-12-27,2026-05-21,1063.0,230939588.8
688211,100,2,中科微至,31.57999992370605,SH,科创板,688211.SH,2021-10-26,False,True,2021-10-26,2026-05-21,1107.0,64954919.8
688212,100,2,澳华内镜,120.04999923706056,SH,科创板,688212.SH,2021-11-15,False,True,2021-11-15,2026-05-21,1093.0,103188220.6
688213,100,2,思特威,79.30000305175781,SH,科创板,688213.SH,2022-05-20,False,True,2022-05-20,2026-05-21,970.0,1614962262.4
688215,100,2,瑞晟智能,66.56999969482422,SH,科创板,688215.SH,2020-08-28,False,True,2020-08-28,2026-05-21,1385.0,82693933.6
688216,100,2,气派科技,28.299999237060547,SH,科创板,688216.SH,2021-06-23,False,True,2021-06-23,2026-05-21,1189.0,148011683.8
688217,100,2,睿昂基因,27.32999992370605,SH,科创板,688217.SH,2021-05-17,False,True,2021-05-17,2026-05-21,1215.0,27745815.5
688218,100,2,江苏北人,23.440000534057617,SH,科创板,688218.SH,2019-12-11,False,True,2019-12-11,2026-05-21,1559.0,285272036.0
688219,100,2,会通股份,648.0200004577637,SH,科创板,688219.SH,2020-11-18,False,True,2020-11-18,2026-05-21,1333.0,85639758.0
688220,100,2,翱捷科技,74.62000274658203,SH,科创板,688220.SH,2022-01-14,False,True,2022-01-14,2026-05-21,1050.0,1534746700.8
688221,100,2,前沿生物,18.280000686645508,SH,科创板,688221.SH,2020-10-28,False,True,2020-10-28,2026-05-21,1348.0,520040359.2
688222,100,2,成都先导,24.350000381469727,SH,科创板,688222.SH,2020-04-16,False,True,2020-04-16,2026-05-21,1476.0,636392892.0
688223,100,2,晶科能源,7.610000133514404,SH,科创板,688223.SH,2022-01-26,False,True,2022-01-26,2026-05-21,1042.0,1306204214.4
688225,100,2,亚信安全,18.190000534057617,SH,科创板,688225.SH,2022-02-09,False,True,2022-02-09,2026-05-21,1037.0,89406551.4
688226,100,2,威腾电气,232.2400016784668,SH,科创板,688226.SH,2021-07-07,False,True,2021-07-07,2026-05-21,1179.0,734565132.8
688227,100,2,品高股份,500.189998626709,SH,科创板,688227.SH,2021-12-30,False,True,2021-12-30,2026-05-21,1060.0,1215453969.6
688228,100,2,开普云,107.62999725341795,SH,科创板,688228.SH,2020-03-27,False,True,2020-03-27,2026-05-21,1479.0,299781253.6
688229,100,2,博睿数据,90.3000030517578,SH,科创板,688229.SH,2020-08-17,False,True,2020-08-17,2026-05-21,1394.0,304706183.2
688230,100,2,芯导科技,524.2200012207031,SH,科创板,688230.SH,2021-12-01,False,True,2021-12-01,2026-05-21,1081.0,130329207.8
688231,100,2,隆达股份,30.96999931335449,SH,科创板,688231.SH,2022-07-22,False,True,2022-07-22,2026-05-21,926.0,205640061.2
688232,100,2,新点软件,23.100000381469727,SH,科创板,688232.SH,2021-11-17,False,True,2021-11-17,2026-05-21,1091.0,61759729.4
688233,100,2,神工股份,74.88999938964844,SH,科创板,688233.SH,2020-02-21,False,True,2020-02-21,2026-05-21,1514.0,961875513.6
688234,100,2,天岳先进,78.12999725341797,SH,科创板,688234.SH,2022-01-12,False,True,2022-01-12,2026-05-21,1052.0,2535558134.4
688235,100,2,百济神州,227.57000732421875,SH,科创板,688235.SH,2021-12-15,False,True,2021-12-15,2026-05-21,1071.0,998681929.6
688236,100,2,春立医疗,19.040000915527344,SH,科创板,688236.SH,2021-12-30,False,True,2021-12-30,2026-05-21,1060.0,37533408.8
688237,100,2,超卓航科,296.20000076293945,SH,科创板,688237.SH,2022-07-01,False,True,2022-07-01,2026-05-21,936.0,72652815.0
688238,100,2,和元生物,6.889999866485596,SH,科创板,688238.SH,2022-03-22,False,True,2022-03-22,2026-05-21,1008.0,61815327.8
688239,100,2,航宇科技,432.1599998474121,SH,科创板,688239.SH,2021-07-05,False,True,2021-07-05,2026-05-21,1181.0,521998969.6
688244,100,2,永信至诚,19.36000061035156,SH,科创板,688244.SH,2022-10-19,False,True,2022-10-19,2026-05-21,869.0,38945487.9
688246,100,2,嘉和美康,20.75,SH,科创板,688246.SH,2021-12-14,False,True,2021-12-14,2026-05-21,1072.0,98970352.0
688248,100,2,南网科技,520.0200004577637,SH,科创板,688248.SH,2021-12-22,False,True,2021-12-22,2026-05-21,1066.0,410680916.0
688249,100,2,晶合集成,29.38999938964844,SH,科创板,688249.SH,2023-05-05,False,True,2023-05-05,2026-05-21,737.0,2096014147.2
688251,100,2,井松智能,72.0999984741211,SH,科创板,688251.SH,2022-06-06,False,True,2022-06-06,2026-05-21,960.0,108326321.0
688252,100,2,天德钰,20.59000015258789,SH,科创板,688252.SH,2022-09-27,False,True,2022-09-27,2026-05-21,880.0,204396153.2
688253,100,2,英诺特,136.04000091552734,SH,科创板,688253.SH,2022-07-28,False,True,2022-07-28,2026-05-21,922.0,174098460.4
688255,100,2,凯尔达,27.200000762939453,SH,科创板,688255.SH,2021-10-25,False,True,2021-10-25,2026-05-21,1108.0,108309185.6
688256,100,2,寒武纪,1025.0,SH,科创板,688256.SH,2020-07-20,False,True,2020-07-20,2026-05-21,1414.0,19462751232.0
688257,100,2,新锐股份,544.1800003051758,SH,科创板,688257.SH,2021-10-27,False,True,2021-10-27,2026-05-21,1106.0,807876076.8
688258,100,2,卓易信息,109.0,SH,科创板,688258.SH,2019-12-09,False,True,2019-12-09,2026-05-21,1561.0,983499305.6
688259,100,2,创耀科技,100.06000137329102,SH,科创板,688259.SH,2022-01-12,False,True,2022-01-12,2026-05-21,1052.0,104674645.8
688260,100,2,昀冢科技,27.049999237060547,SH,科创板,688260.SH,2021-04-06,False,True,2021-04-06,2026-05-21,1241.0,429131423.6
688261,100,2,东微半导,76.0199966430664,SH,科创板,688261.SH,2022-02-10,False,True,2022-02-10,2026-05-21,1036.0,482688848.0
688262,100,2,国芯科技,80.02999877929688,SH,科创板,688262.SH,2022-01-06,False,True,2022-01-06,2026-05-21,1056.0,611313851.2
688265,100,2,南模生物,176.06000137329102,SH,科创板,688265.SH,2021-12-28,False,True,2021-12-28,2026-05-21,1062.0,21946322.0
688266,100,2,泽璟制药,86.47000122070312,SH,科创板,688266.SH,2020-01-23,False,True,2020-01-23,2026-05-21,1529.0,438349428.8
688267,100,2,中触媒,30.030000686645508,SH,科创板,688267.SH,2022-02-16,False,True,2022-02-16,2026-05-21,1032.0,134142189.6
688268,100,2,华特气体,80.06999969482422,SH,科创板,688268.SH,2019-12-26,False,True,2019-12-26,2026-05-21,1548.0,2180387936.0
688269,100,2,凯立新材,168.0099983215332,SH,科创板,688269.SH,2021-06-09,False,True,2021-06-09,2026-05-21,1198.0,105549563.6
688270,100,2,臻镭科技,146.69000244140625,SH,科创板,688270.SH,2022-01-27,False,True,2022-01-27,2026-05-21,1040.0,2161405862.4
688271,100,2,联影医疗,113.95999908447266,SH,科创板,688271.SH,2022-08-22,False,True,2022-08-22,2026-05-21,905.0,922696500.8
688272,100,2,富吉瑞,80.0,SH,科创板,688272.SH,2021-10-18,False,True,2021-10-18,2026-05-21,1111.0,152563060.0
688273,100,2,麦澜德,204.13999938964844,SH,科创板,688273.SH,2022-08-11,False,True,2022-08-11,2026-05-21,912.0,79135614.8
688275,100,2,万润新能,119.8000030517578,SH,科创板,688275.SH,2022-09-29,False,True,2022-09-29,2026-05-21,878.0,1061498113.6
688276,100,2,百克生物,18.299999237060547,SH,科创板,688276.SH,2021-06-25,False,True,2021-06-25,2026-05-21,1187.0,40108557.5
688277,100,2,天智航,22.799999237060547,SH,科创板,688277.SH,2020-07-07,False,True,2020-07-07,2026-05-21,1423.0,166305869.2
688278,100,2,特宝生物,66.66000366210938,SH,科创板,688278.SH,2020-01-17,False,True,2020-01-17,2026-05-21,1533.0,219573844.0
688279,100,2,峰岹科技,164.1300048828125,SH,科创板,688279.SH,2022-04-20,False,True,2022-04-20,2026-05-21,989.0,470049008.0
688280,100,2,精进电动,552.0050001144409,SH,科创板,688280.SH,2021-10-27,False,True,2021-10-27,2026-05-21,1106.0,208409301.2
688281,100,2,华秦科技,76.30000305175781,SH,科创板,688281.SH,2022-03-07,False,True,2022-03-07,2026-05-21,1019.0,327023648.4
688282,100,2,理工导航,68.88999938964844,SH,科创板,688282.SH,2022-03-18,False,True,2022-03-18,2026-05-21,1008.0,258688222.4
688283,100,2,坤恒顺维,188.0999984741211,SH,科创板,688283.SH,2022-02-15,False,True,2022-02-15,2026-05-21,1033.0,148786010.0
688285,100,2,高铁电气,88.05749988555908,SH,科创板,688285.SH,2021-10-20,False,True,2021-10-20,2026-05-21,1111.0,44003205.9
688286,100,2,敏芯股份,66.5999984741211,SH,科创板,688286.SH,2020-08-10,False,True,2020-08-10,2026-05-21,1399.0,171568704.0
688288,100,2,鸿泉技术,24.82999992370605,SH,科创板,688288.SH,2019-11-06,False,True,2019-11-06,2026-05-21,1584.0,85143790.8
688289,100,2,圣湘生物,18.57999992370605,SH,科创板,688289.SH,2020-08-28,False,True,2020-08-28,2026-05-21,1385.0,92417595.2
688290,100,2,景业智能,288.1199989318848,SH,科创板,688290.SH,2022-04-29,False,True,2022-04-29,2026-05-21,982.0,147143601.8
688291,100,2,金橙子,136.02000045776367,SH,科创板,688291.SH,2022-10-26,False,True,2022-10-26,2026-05-21,855.0,155909758.0
688292,100,2,浩瀚深度,24.020000457763672,SH,科创板,688292.SH,2022-08-18,False,True,2022-08-18,2026-05-21,907.0,118364223.0
688293,100,2,奥浦迈,236.18000030517572,SH,科创板,688293.SH,2022-09-02,False,True,2022-09-02,2026-05-21,886.0,89019865.8
688295,100,2,中复神鹰,380.1699981689453,SH,科创板,688295.SH,2022-04-06,False,True,2022-04-06,2026-05-21,999.0,1104786123.2
688296,100,2,和达科技,1576.034999847412,SH,科创板,688296.SH,2021-07-27,False,True,2021-07-27,2026-05-21,1165.0,35536225.5
688297,100,2,中无人机,340.04999923706055,SH,科创板,688297.SH,2022-06-29,False,True,2022-06-29,2026-05-21,943.0,394050798.4
688298,100,2,东方生物,22.39999961853028,SH,科创板,688298.SH,2020-02-05,False,True,2020-02-05,2026-05-21,1526.0,77919396.4
688299,100,2,长阳科技,17.40999984741211,SH,科创板,688299.SH,2019-11-06,False,True,2019-11-06,2026-05-21,1584.0,196232021.6
688300,100,2,联瑞新材,80.54000091552734,SH,科创板,688300.SH,2019-11-15,False,True,2019-11-15,2026-05-21,1577.0,939317225.6
688301,100,2,奕瑞科技,113.0999984741211,SH,科创板,688301.SH,2020-09-18,False,True,2020-09-18,2026-05-21,1370.0,786303391.2
688302,100,2,海创药业,140.0900001525879,SH,科创板,688302.SH,2022-04-12,False,True,2022-04-12,2026-05-21,995.0,70898450.3
688303,100,2,大全能源,22.31999969482422,SH,科创板,688303.SH,2021-07-22,False,True,2021-07-22,2026-05-21,1168.0,453034836.8
688305,100,2,科德数控,436.0699996948242,SH,科创板,688305.SH,2021-07-09,False,True,2021-07-09,2026-05-21,1177.0,230859248.8
688306,100,2,均普智能,280.01749992370605,SH,科创板,688306.SH,2022-03-22,False,True,2022-03-22,2026-05-21,1008.0,149201390.8
688307,100,2,中润光学,65.95999908447266,SH,科创板,688307.SH,2023-02-16,False,True,2023-02-16,2026-05-21,789.0,672062716.8
688308,100,2,欧科亿,82.80000305175781,SH,科创板,688308.SH,2020-12-10,False,True,2020-12-10,2026-05-21,1317.0,1350357344.0
688309,100,2,恒誉环保,356.0200004577637,SH,科创板,688309.SH,2020-07-14,False,True,2020-07-14,2026-05-21,1416.0,221472266.0
688310,100,2,迈得医疗,1928.0600004196167,SH,科创板,688310.SH,2019-12-03,False,True,2019-12-03,2026-05-21,1565.0,75981916.8
688311,100,2,盟升电子,128.1599998474121,SH,科创板,688311.SH,2020-07-31,False,True,2020-07-31,2026-05-21,1405.0,214899552.0
688312,100,2,燕麦科技,284.0900001525879,SH,科创板,688312.SH,2020-06-08,False,True,2020-06-08,2026-05-21,1442.0,715229532.8
688313,100,2,仕佳光子,83.95999908447266,SH,科创板,688313.SH,2020-08-12,False,True,2020-08-12,2026-05-21,1388.0,5818125248.0
688314,100,2,康拓医疗,220.1599998474121,SH,科创板,688314.SH,2021-05-18,False,True,2021-05-18,2026-05-21,1214.0,83049498.8
688315,100,2,诺禾致源,1480.0,SH,科创板,688315.SH,2021-04-13,False,True,2021-04-13,2026-05-21,1236.0,58667174.7
688316,100,2,青云科技,77.69000244140625,SH,科创板,688316.SH,2021-03-16,False,True,2021-03-16,2026-05-21,1255.0,347414843.2
688317,100,2,之江生物,19.07999992370605,SH,科创板,688317.SH,2021-01-18,False,True,2021-01-18,2026-05-21,1291.0,73094041.2
688318,100,2,财富趋势,111.5999984741211,SH,科创板,688318.SH,2020-04-27,False,True,2020-04-27,2026-05-21,1469.0,453022015.2
688319,100,2,欧林生物,29.43000030517578,SH,科创板,688319.SH,2021-06-08,False,True,2021-06-08,2026-05-21,1199.0,429000980.0
688320,100,2,禾川科技,30.01000022888184,SH,科创板,688320.SH,2022-04-28,False,True,2022-04-28,2026-05-21,983.0,222641530.8
688321,100,2,微芯生物,29.299999237060547,SH,科创板,688321.SH,2019-08-12,False,True,2019-08-12,2026-05-21,1640.0,375117542.4
688322,100,2,奥比中光,73.8499984741211,SH,科创板,688322.SH,2022-07-07,False,True,2022-07-07,2026-05-21,937.0,1113113948.8
688323,100,2,瑞华泰,19.82999992370605,SH,科创板,688323.SH,2021-04-28,False,True,2021-04-28,2026-05-21,1225.0,524250365.2
688325,100,2,赛微微电,134.5,SH,科创板,688325.SH,2022-04-22,False,True,2022-04-22,2026-05-21,987.0,245541293.2
688326,100,2,经纬恒润,120.44000244140624,SH,科创板,688326.SH,2022-04-19,False,True,2022-04-19,2026-05-21,990.0,260300527.2
688327,100,2,云从科技,1512.0249996185305,SH,科创板,688327.SH,2022-05-27,False,True,2022-05-27,2026-05-21,965.0,473486802.4
688328,100,2,深科达,140.0,SH,科创板,688328.SH,2021-03-09,False,True,2021-03-09,2026-05-21,1260.0,629765593.6
688329,100,2,艾隆科技,24.209999084472656,SH,科创板,688329.SH,2021-03-29,False,True,2021-03-29,2026-05-21,1246.0,65423752.2
688330,100,2,宏力达,296.20000076293945,SH,科创板,688330.SH,2020-10-15,False,True,2020-10-15,2026-05-21,1357.0,127619503.8
688331,100,2,荣昌生物,116.7300033569336,SH,科创板,688331.SH,2022-03-31,False,True,2022-03-31,2026-05-21,1001.0,1183691929.6
688332,100,2,中科蓝讯,118.9800033569336,SH,科创板,688332.SH,2022-07-15,False,True,2022-07-15,2026-05-21,931.0,401863903.2
688333,100,2,铂力特,91.0500030517578,SH,科创板,688333.SH,2019-07-22,False,True,2019-07-22,2026-05-21,1655.0,1039648611.2
688334,100,2,西高院,21.479999542236328,SH,科创板,688334.SH,2023-06-19,False,True,2023-06-19,2026-05-21,706.0,64331506.6
688335,100,2,复洁科技,92.11000061035156,SH,科创板,688335.SH,2020-08-17,False,True,2020-08-17,2026-05-21,1394.0,97552175.6
688336,100,2,三生国健,70.02999877929688,SH,科创板,688336.SH,2020-07-22,False,True,2020-07-22,2026-05-21,1412.0,474834026.4
688337,100,2,普源精电,156.22000122070312,SH,科创板,688337.SH,2022-04-08,False,True,2022-04-08,2026-05-21,987.0,524552171.2
688338,100,2,赛科希德,29.530000686645508,SH,科创板,688338.SH,2020-08-06,False,True,2020-08-06,2026-05-21,1401.0,42453638.5
688339,100,2,亿华通,27.65999984741211,SH,科创板,688339.SH,2020-08-10,False,True,2020-08-10,2026-05-21,1389.0,154648264.4
688343,100,2,云天励飞,82.0,SH,科创板,688343.SH,2023-04-04,False,True,2023-04-04,2026-05-21,756.0,1403079104.0
688345,100,2,博力威,196.1699981689453,SH,科创板,688345.SH,2021-06-11,False,True,2021-06-11,2026-05-21,1196.0,185396132.4
688347,100,2,华虹公司,116.0,SH,科创板,688347.SH,2023-08-07,False,True,2023-08-07,2026-05-21,663.0,4521607302.4
688348,100,2,昱能科技,65.55000305175781,SH,科创板,688348.SH,2022-06-08,False,True,2022-06-08,2026-05-21,958.0,147180394.8
688349,100,2,三一重能,25.959999084472656,SH,科创板,688349.SH,2022-06-22,False,True,2022-06-22,2026-05-21,948.0,193163360.8
688350,100,2,富淼科技,26.799999237060547,SH,科创板,688350.SH,2021-01-28,False,True,2021-01-28,2026-05-21,1278.0,221904991.6
688351,100,2,微电生理,21.520000457763672,SH,科创板,688351.SH,2022-08-31,False,True,2022-08-31,2026-05-21,898.0,203222675.2
688352,100,2,颀中科技,1224.0200004577637,SH,科创板,688352.SH,2023-04-20,False,True,2023-04-20,2026-05-21,745.0,324682216.8
688353,100,2,华盛锂电,103.52999877929688,SH,科创板,688353.SH,2022-07-13,False,True,2022-07-13,2026-05-21,933.0,764689404.8
688355,100,2,明志科技,20.01000022888184,SH,科创板,688355.SH,2021-05-12,False,True,2021-05-12,2026-05-21,1218.0,61480899.8
688356,100,2,键凯科技,94.58999633789062,SH,科创板,688356.SH,2020-08-26,False,True,2020-08-26,2026-05-21,1387.0,110393686.2
688357,100,2,建龙微纳,44.20000076293945,SH,科创板,688357.SH,2019-12-04,False,True,2019-12-04,2026-05-21,1564.0,64323136.2
688358,100,2,祥生医疗,29.65999984741211,SH,科创板,688358.SH,2019-12-03,False,True,2019-12-03,2026-05-21,1565.0,64662480.0
688359,100,2,三孚新科,79.0,SH,科创板,688359.SH,2021-05-21,False,True,2021-05-21,2026-05-21,1211.0,531736209.6
688360,100,2,德马科技,17.899999618530273,SH,科创板,688360.SH,2020-06-02,False,True,2020-06-02,2026-05-21,1436.0,174608874.2
688361,100,2,中科飞测,164.41000366210938,SH,科创板,688361.SH,2023-05-19,False,True,2023-05-19,2026-05-21,727.0,2031893648.0
688362,100,2,甬矽电子,108.11000061035156,SH,科创板,688362.SH,2022-11-16,False,True,2022-11-16,2026-05-21,849.0,1234466076.8
688363,100,2,华熙生物,208.0,SH,科创板,688363.SH,2019-11-06,False,True,2019-11-06,2026-05-21,1584.0,123135531.6
688365,100,2,光云科技,18.6200008392334,SH,科创板,688365.SH,2020-04-29,False,True,2020-04-29,2026-05-21,1467.0,435653040.8
688366,100,2,昊海生科,164.22999954223633,SH,科创板,688366.SH,2019-10-30,False,True,2019-10-30,2026-05-21,1589.0,22713859.4
688367,100,2,工大高科,124.08000183105467,SH,科创板,688367.SH,2021-06-28,False,True,2021-06-28,2026-05-21,1186.0,135726296.4
688368,100,2,晶丰明源,121.72000122070312,SH,科创板,688368.SH,2019-10-14,False,True,2019-10-14,2026-05-21,1581.0,732940027.2
688369,100,2,致远互联,22.520000457763672,SH,科创板,688369.SH,2019-10-31,False,True,2019-10-31,2026-05-21,1588.0,101911605.2
688370,100,2,丛麟科技,23.63999938964844,SH,科创板,688370.SH,2022-08-25,False,True,2022-08-25,2026-05-21,902.0,26663478.15
688371,100,2,菲沃泰,18.979999542236328,SH,科创板,688371.SH,2022-08-02,False,True,2022-08-02,2026-05-21,919.0,437341504.0
688372,100,2,伟测科技,132.0,SH,科创板,688372.SH,2022-10-26,False,True,2022-10-26,2026-05-21,864.0,1690996441.6
688373,100,2,盟科药业,6.03000020980835,SH,科创板,688373.SH,2022-08-05,False,True,2022-08-05,2026-05-21,916.0,59043301.0
688375,100,2,国博电子,109.3000030517578,SH,科创板,688375.SH,2022-07-22,False,True,2022-07-22,2026-05-21,926.0,835693857.6
688376,100,2,美埃科技,64.7300033569336,SH,科创板,688376.SH,2022-11-18,False,True,2022-11-18,2026-05-21,847.0,247559753.2
688377,100,2,迪威尔,132.02999877929688,SH,科创板,688377.SH,2020-07-08,False,True,2020-07-08,2026-05-21,1422.0,103533150.0
688378,100,2,奥来德,72.20999908447266,SH,科创板,688378.SH,2020-09-03,False,True,2020-09-03,2026-05-21,1381.0,428554043.2
688379,100,2,华光新材,260.20000076293945,SH,科创板,688379.SH,2020-08-19,False,True,2020-08-19,2026-05-21,1392.0,498027990.4
688380,100,2,中微半导,244.1100006103516,SH,科创板,688380.SH,2022-08-05,False,True,2022-08-05,2026-05-21,916.0,688526406.4
688381,100,2,帝奥微,22.049999237060547,SH,科创板,688381.SH,2022-08-23,False,True,2022-08-23,2026-05-21,894.0,742381147.6
688382,100,2,益方生物,17.68000030517578,SH,科创板,688382.SH,2022-07-25,False,True,2022-07-25,2026-05-21,925.0,364842846.4
688383,100,2,新益昌,65.9800033569336,SH,科创板,688383.SH,2021-04-28,False,True,2021-04-28,2026-05-21,1225.0,358951014.8
688385,100,2,复旦微电,71.26000213623047,SH,科创板,688385.SH,2021-08-04,False,True,2021-08-04,2026-05-21,1159.0,1389277148.8
688386,100,2,泛亚微透,76.20999908447266,SH,科创板,688386.SH,2020-10-16,False,True,2020-10-16,2026-05-21,1356.0,192359328.8
688387,100,2,信科移动,1784.0524997711182,SH,科创板,688387.SH,2022-09-26,False,True,2022-09-26,2026-05-21,881.0,1853232057.6
688388,100,2,嘉元科技,140.1599998474121,SH,科创板,688388.SH,2019-07-22,False,True,2019-07-22,2026-05-21,1655.0,1612806508.8
688389,100,2,普门科技,1224.0200004577637,SH,科创板,688389.SH,2019-11-05,False,True,2019-11-05,2026-05-21,1585.0,35662210.1
688390,100,2,固德威,102.02999877929688,SH,科创板,688390.SH,2020-09-04,False,True,2020-09-04,2026-05-21,1380.0,1245172835.2
688391,100,2,钜泉科技,31.0,SH,科创板,688391.SH,2022-09-13,False,True,2022-09-13,2026-05-21,890.0,62758492.8
688392,100,2,骄成超声,100.80999755859376,SH,科创板,688392.SH,2022-09-27,False,True,2022-09-27,2026-05-21,880.0,563506414.4
688393,100,2,安必平,23.739999771118164,SH,科创板,688393.SH,2020-08-20,False,True,2020-08-20,2026-05-21,1391.0,36080036.1
688395,100,2,正弦电气,25.530000686645508,SH,科创板,688395.SH,2021-04-29,False,True,2021-04-29,2026-05-21,1224.0,65962097.1
688396,100,2,华润微,272.13999938964844,SH,科创板,688396.SH,2020-02-27,False,True,2020-02-27,2026-05-21,1510.0,2018949744.0
688398,100,2,赛特新材,23.420000076293945,SH,科创板,688398.SH,2020-02-11,False,True,2020-02-11,2026-05-21,1522.0,126754695.2
688399,100,2,硕世生物,456.189998626709,SH,科创板,688399.SH,2019-12-05,False,True,2019-12-05,2026-05-21,1563.0,119680428.6
688400,100,2,凌云光,224.0499992370605,SH,科创板,688400.SH,2022-07-06,False,True,2022-07-06,2026-05-21,938.0,1478503420.8
688401,100,2,路维光电,272.04000091552734,SH,科创板,688401.SH,2022-08-17,False,True,2022-08-17,2026-05-21,908.0,689741444.8
688403,100,2,汇成股份,1656.0024995803833,SH,科创板,688403.SH,2022-08-18,False,True,2022-08-18,2026-05-21,907.0,1322947753.6
688408,100,2,中信博,216.0999984741211,SH,科创板,688408.SH,2020-08-28,False,True,2020-08-28,2026-05-21,1385.0,208388644.8
688409,100,2,富创精密,83.77999877929688,SH,科创板,688409.SH,2022-10-10,False,True,2022-10-10,2026-05-21,876.0,1162126734.4
688410,100,2,山外山,1752.057499885559,SH,科创板,688410.SH,2022-12-26,False,True,2022-12-26,2026-05-21,821.0,109165433.4
688411,100,2,海博思创,271.0,SH,科创板,688411.SH,2025-01-27,False,True,2025-01-27,2026-05-21,315.0,1645587651.2
688416,100,2,恒烁股份,83.5999984741211,SH,科创板,688416.SH,2022-08-29,False,True,2022-08-29,2026-05-21,900.0,698756993.6
688418,100,2,震有科技,144.0099983215332,SH,科创板,688418.SH,2020-07-22,False,True,2020-07-22,2026-05-21,1412.0,450107969.6
688419,100,2,耐科装备,236.0499992370605,SH,科创板,688419.SH,2022-11-07,False,True,2022-11-07,2026-05-21,856.0,198409455.2
688420,100,2,美腾科技,24.56999969482422,SH,科创板,688420.SH,2022-12-09,False,True,2022-12-09,2026-05-21,832.0,39085359.8
688425,100,2,铁建重工,5.019999980926514,SH,科创板,688425.SH,2021-06-22,False,True,2021-06-22,2026-05-21,1190.0,83586723.6
688426,100,2,康为世纪,21.07999992370605,SH,科创板,688426.SH,2022-10-25,False,True,2022-10-25,2026-05-21,865.0,28965237.3
688428,100,2,诺诚健华,23.690000534057617,SH,科创板,688428.SH,2022-09-21,False,True,2022-09-21,2026-05-21,884.0,286956451.2
688429,100,2,时创能源,16.399999618530273,SH,科创板,688429.SH,2023-06-29,False,True,2023-06-29,2026-05-21,700.0,44882876.2
688432,100,2,有研硅,1672.0,SH,科创板,688432.SH,2022-11-10,False,True,2022-11-10,2026-05-21,853.0,490914659.2
688433,100,2,华曙高科,81.0999984741211,SH,科创板,688433.SH,2023-04-17,False,True,2023-04-17,2026-05-21,748.0,479516148.8
688435,100,2,英方软件,272.0,SH,科创板,688435.SH,2023-01-19,False,True,2023-01-19,2026-05-21,804.0,114019555.2
688439,100,2,振华风光,372.2400016784668,SH,科创板,688439.SH,2022-08-26,False,True,2022-08-26,2026-05-21,901.0,162772456.0
688443,100,2,智翔金泰,25.68000030517578,SH,科创板,688443.SH,2023-06-20,False,True,2023-06-20,2026-05-21,705.0,120085852.0
688448,100,2,磁谷科技,364.1500015258789,SH,科创板,688448.SH,2022-09-21,False,True,2022-09-21,2026-05-21,884.0,134702992.0
688449,100,2,联芸科技,268.0800018310547,SH,科创板,688449.SH,2024-11-29,False,True,2024-11-29,2026-05-21,355.0,1261727939.2
688450,100,2,光格科技,31.36000061035156,SH,科创板,688450.SH,2023-07-24,False,True,2023-07-24,2026-05-21,683.0,101817622.0
688455,100,2,科捷智能,21.36000061035156,SH,科创板,688455.SH,2022-09-15,False,True,2022-09-15,2026-05-21,888.0,120941472.8
688456,100,2,有研粉材,400.1100006103516,SH,科创板,688456.SH,2021-03-17,False,True,2021-03-17,2026-05-21,1254.0,478625885.6
688458,100,2,美芯晟,84.0099983215332,SH,科创板,688458.SH,2023-05-22,False,True,2023-05-22,2026-05-21,726.0,168053311.0
688466,100,2,金科环境,17.5,SH,科创板,688466.SH,2020-05-08,False,True,2020-05-08,2026-05-21,1463.0,30220290.05
688468,100,2,科美诊断,7.269999980926514,SH,科创板,688468.SH,2021-04-09,False,True,2021-04-09,2026-05-21,1238.0,24310816.1
688469,100,2,芯联集成,6.559999942779541,SH,科创板,688469.SH,2023-05-10,False,True,2023-05-10,2026-05-21,734.0,1404225603.2
688472,100,2,阿特斯,1800.0299997329712,SH,科创板,688472.SH,2023-06-09,False,True,2023-06-09,2026-05-21,712.0,1135483486.4
688475,100,2,萤石网络,26.799999237060547,SH,科创板,688475.SH,2022-12-28,False,True,2022-12-28,2026-05-21,819.0,177815952.4
688478,100,2,晶升股份,31.030000686645508,SH,科创板,688478.SH,2023-04-24,False,True,2023-04-24,2026-05-21,733.0,565686646.4
688479,100,2,友车科技,40.08000183105469,SH,科创板,688479.SH,2023-05-11,False,True,2023-05-11,2026-05-21,733.0,99020669.2
688480,100,2,赛恩斯,86.91999816894531,SH,科创板,688480.SH,2022-11-25,False,True,2022-11-25,2026-05-21,842.0,343959277.6
688484,100,2,南芯科技,100.09000015258788,SH,科创板,688484.SH,2023-04-07,False,True,2023-04-07,2026-05-21,754.0,543868622.4
688485,100,2,九州一轨,24.61000061035156,SH,科创板,688485.SH,2023-01-18,False,True,2023-01-18,2026-05-21,805.0,620082254.4
688486,100,2,龙迅股份,536.0,SH,科创板,688486.SH,2023-02-21,False,True,2023-02-21,2026-05-21,786.0,289591633.6
688488,100,2,艾迪药业,1928.0500001907349,SH,科创板,688488.SH,2020-07-20,False,True,2020-07-20,2026-05-21,1414.0,124677199.6
688489,100,2,三未信安,156.1500015258789,SH,科创板,688489.SH,2022-12-02,False,True,2022-12-02,2026-05-21,837.0,33868524.5
688496,100,2,清越科技,6.349999904632568,SH,科创板,688496.SH,2022-12-28,False,True,2022-12-28,2026-05-21,817.0,37891752.4
688498,100,2,源杰科技,1114.989990234375,SH,科创板,688498.SH,2022-12-21,False,True,2022-12-21,2026-05-21,824.0,5613140748.8
688499,100,2,利元亨,352.0299987792969,SH,科创板,688499.SH,2021-07-01,False,True,2021-07-01,2026-05-21,1183.0,376875024.0
688500,100,2,慧辰股份,368.0999984741211,SH,科创板,688500.SH,2020-07-16,False,True,2020-07-16,2026-05-21,1414.0,174153927.6
688501,100,2,青达环保,25.25,SH,科创板,688501.SH,2021-07-16,False,True,2021-07-16,2026-05-21,1172.0,66784907.4
688502,100,2,茂莱光学,307.0,SH,科创板,688502.SH,2023-03-09,False,True,2023-03-09,2026-05-21,774.0,1322902816.0
688503,100,2,聚和材料,82.51000213623047,SH,科创板,688503.SH,2022-12-09,False,True,2022-12-09,2026-05-21,832.0,1417171942.4
688505,100,2,复旦张江,7.820000171661377,SH,科创板,688505.SH,2020-06-19,False,True,2020-06-19,2026-05-21,1433.0,33381994.2
688506,100,2,百利天恒,271.4800109863281,SH,科创板,688506.SH,2023-01-06,False,True,2023-01-06,2026-05-21,813.0,486179425.6
688507,100,2,索辰科技,89.0,SH,科创板,688507.SH,2023-04-18,False,True,2023-04-18,2026-05-21,747.0,576567298.0
688508,100,2,芯朋微,476.04999923706055,SH,科创板,688508.SH,2020-07-22,False,True,2020-07-22,2026-05-21,1412.0,819099961.6
688509,100,2,正元地信,4.5,SH,科创板,688509.SH,2021-07-30,False,True,2021-07-30,2026-05-21,1162.0,57091985.6
688510,100,2,航亚科技,56.16999816894531,SH,科创板,688510.SH,2020-12-16,False,True,2020-12-16,2026-05-21,1313.0,267307542.8
688512,100,2,慧智微,968.0200004577636,SH,科创板,688512.SH,2023-05-16,False,True,2023-05-16,2026-05-21,730.0,276776486.0
688513,100,2,苑东生物,452.0800018310547,SH,科创板,688513.SH,2020-09-02,False,True,2020-09-02,2026-05-21,1382.0,141457674.0
688515,100,2,裕太微,121.68000030517578,SH,科创板,688515.SH,2023-02-10,False,True,2023-02-10,2026-05-21,793.0,1099521503.2
688516,100,2,奥特维,81.38999938964844,SH,科创板,688516.SH,2020-05-21,False,True,2020-05-21,2026-05-21,1454.0,1115596326.4
688517,100,2,金冠电气,18.14999961853028,SH,科创板,688517.SH,2021-06-18,False,True,2021-06-18,2026-05-21,1192.0,113910513.2
688518,100,2,联赢激光,23.600000381469727,SH,科创板,688518.SH,2020-06-22,False,True,2020-06-22,2026-05-21,1432.0,543533347.2
688519,100,2,南亚新材,146.3000030517578,SH,科创板,688519.SH,2020-08-18,False,True,2020-08-18,2026-05-21,1393.0,1232099017.6
688520,100,2,神州细胞,128.0,SH,科创板,688520.SH,2020-06-22,False,True,2020-06-22,2026-05-21,1432.0,128806103.2
688521,100,2,芯原股份,199.5,SH,科创板,688521.SH,2020-08-18,False,True,2020-08-18,2026-05-21,1383.0,7788286873.6
688522,100,2,纳睿雷达,92.20999908447266,SH,科创板,688522.SH,2023-03-01,False,True,2023-03-01,2026-05-21,770.0,131154522.4
688523,100,2,航天环宇,500.0299987792969,SH,科创板,688523.SH,2023-06-02,False,True,2023-06-02,2026-05-21,717.0,679808403.2
688525,100,2,佰维存储,238.8800048828125,SH,科创板,688525.SH,2022-12-30,False,True,2022-12-30,2026-05-21,817.0,11584670284.8
688526,100,2,科前生物,1864.0299997329712,SH,科创板,688526.SH,2020-09-22,False,True,2020-09-22,2026-05-21,1368.0,23999376.25
688528,100,2,秦川物联,728.0474996566772,SH,科创板,688528.SH,2020-07-01,False,True,2020-07-01,2026-05-21,1427.0,29922671.1
688529,100,2,豪森智能,17.329999923706055,SH,科创板,688529.SH,2020-11-09,False,True,2020-11-09,2026-05-21,1340.0,44536368.4
688530,100,2,欧莱新材,27.81999969482422,SH,科创板,688530.SH,2024-05-09,False,True,2024-05-09,2026-05-21,493.0,786920198.4
688531,100,2,日联科技,69.62999725341797,SH,科创板,688531.SH,2023-03-31,False,True,2023-03-31,2026-05-21,748.0,1346541169.6
688533,100,2,上声电子,26.13999938964844,SH,科创板,688533.SH,2021-04-19,False,True,2021-04-19,2026-05-21,1232.0,40657583.9
688535,100,2,华海诚科,123.0,SH,科创板,688535.SH,2023-04-04,False,True,2023-04-04,2026-05-21,746.0,1150285512.8
688536,100,2,思瑞浦,176.2100067138672,SH,科创板,688536.SH,2020-09-21,False,True,2020-09-21,2026-05-21,1349.0,2019601216.0
688538,100,2,和辉光电,1538.005000114441,SH,科创板,688538.SH,2021-05-28,False,True,2021-05-28,2026-05-21,1206.0,185801434.0
688539,100,2,高华科技,104.0099983215332,SH,科创板,688539.SH,2023-04-18,False,True,2023-04-18,2026-05-21,747.0,195087313.2
688543,100,2,国科军工,544.0,SH,科创板,688543.SH,2023-06-21,False,True,2023-06-21,2026-05-21,704.0,332368336.0
688545,100,2,兴福电子,268.0099983215332,SH,科创板,688545.SH,2025-01-22,False,True,2025-01-22,2026-05-21,318.0,1332729478.4
688548,100,2,广钢气体,23.229999542236328,SH,科创板,688548.SH,2023-08-15,False,True,2023-08-15,2026-05-21,667.0,1235472592.0
688549,100,2,中巨芯,280.0574998855591,SH,科创板,688549.SH,2023-09-08,False,True,2023-09-08,2026-05-21,649.0,1248708786.4
688550,100,2,瑞联新材,164.1500015258789,SH,科创板,688550.SH,2020-09-02,False,True,2020-09-02,2026-05-21,1377.0,230090601.2
688551,100,2,科威尔,200.0,SH,科创板,688551.SH,2020-09-10,False,True,2020-09-10,2026-05-21,1376.0,358757591.2
688552,100,2,航天南湖,168.18999862670898,SH,科创板,688552.SH,2023-05-18,False,True,2023-05-18,2026-05-21,728.0,277198977.6
688553,100,2,汇宇制药,16.15999984741211,SH,科创板,688553.SH,2021-10-26,False,True,2021-10-26,2026-05-21,1107.0,189787256.0
688556,100,2,高测股份,1784.0524997711182,SH,科创板,688556.SH,2020-08-07,False,True,2020-08-07,2026-05-21,1400.0,651695963.2
688557,100,2,兰剑智能,31.86000061035156,SH,科创板,688557.SH,2020-12-02,False,True,2020-12-02,2026-05-21,1323.0,64280063.6
688558,100,2,国盛智科,28.65999984741211,SH,科创板,688558.SH,2020-06-30,False,True,2020-06-30,2026-05-21,1428.0,166087313.2
688559,100,2,海目星,360.0,SH,科创板,688559.SH,2020-09-09,False,True,2020-09-09,2026-05-21,1377.0,596917993.6
688560,100,2,明冠新材,2056.1200008392334,SH,科创板,688560.SH,2020-12-24,False,True,2020-12-24,2026-05-21,1307.0,130349289.6
688561,100,2,奇安信,31.559999465942383,SH,科创板,688561.SH,2020-07-22,False,True,2020-07-22,2026-05-21,1412.0,209244150.4
688562,100,2,航天软件,18.950000762939453,SH,科创板,688562.SH,2023-05-24,False,True,2023-05-24,2026-05-21,724.0,101757306.6
688563,100,2,航材股份,468.0699996948242,SH,科创板,688563.SH,2023-07-19,False,True,2023-07-19,2026-05-21,686.0,204328411.6
688565,100,2,力源科技,1320.0150003433228,SH,科创板,688565.SH,2021-05-13,False,True,2021-05-13,2026-05-21,1217.0,47177987.2
688566,100,2,吉贝尔,29.6200008392334,SH,科创板,688566.SH,2020-05-18,False,True,2020-05-18,2026-05-21,1457.0,53482225.7
688567,100,2,孚能科技,1448.034999847412,SH,科创板,688567.SH,2020-07-17,False,True,2020-07-17,2026-05-21,1408.0,251867228.0
688568,100,2,中科星图,66.30999755859375,SH,科创板,688568.SH,2020-07-08,False,True,2020-07-08,2026-05-21,1422.0,1066037977.6
688569,100,2,铁科轨道,20.600000381469727,SH,科创板,688569.SH,2020-08-31,False,True,2020-08-31,2026-05-21,1384.0,29344122.1
688571,100,2,杭华股份,7.46999979019165,SH,科创板,688571.SH,2020-12-11,False,True,2020-12-11,2026-05-21,1316.0,116496503.4
688573,100,2,信宇人,19.64999961853028,SH,科创板,688573.SH,2023-08-17,False,True,2023-08-17,2026-05-21,665.0,88812629.6
688575,100,2,亚辉龙,1736.039999961853,SH,科创板,688575.SH,2021-05-17,False,True,2021-05-17,2026-05-21,1215.0,70002250.5
688576,100,2,西山科技,71.25,SH,科创板,688576.SH,2023-06-06,False,True,2023-06-06,2026-05-21,715.0,41029093.25
688577,100,2,浙海德曼,536.1300010681152,SH,科创板,688577.SH,2020-09-16,False,True,2020-09-16,2026-05-21,1372.0,192974242.8
688578,100,2,艾力斯,90.2300033569336,SH,科创板,688578.SH,2020-12-02,False,True,2020-12-02,2026-05-21,1323.0,532928102.4
688579,100,2,地纬智能,888.0424995422363,SH,科创板,688579.SH,2020-07-17,False,True,2020-07-17,2026-05-21,1415.0,55993894.0
688580,100,2,伟思医疗,372.0900001525879,SH,科创板,688580.SH,2020-07-21,False,True,2020-07-21,2026-05-21,1413.0,168005060.4
688581,100,2,安杰思,400.0800018310547,SH,科创板,688581.SH,2023-05-19,False,True,2023-05-19,2026-05-21,727.0,103610956.9
688582,100,2,芯动联科,464.0,SH,科创板,688582.SH,2023-06-30,False,True,2023-06-30,2026-05-21,699.0,386244836.8
688583,100,2,思看科技,115.0999984741211,SH,科创板,688583.SH,2025-01-15,False,True,2025-01-15,2026-05-21,323.0,213224853.6
688584,100,2,上海合晶,19.420000076293945,SH,科创板,688584.SH,2024-02-08,False,True,2024-02-08,2026-05-21,547.0,489076650.8
688585,100,2,上纬新材,123.52999877929688,SH,科创板,688585.SH,2020-09-28,False,True,2020-09-28,2026-05-21,1350.0,791482955.2
688586,100,2,江航装备,1432.027500152588,SH,科创板,688586.SH,2020-07-31,False,True,2020-07-31,2026-05-21,1405.0,121347883.8
688588,100,2,凌志软件,1096.0299997329712,SH,科创板,688588.SH,2020-05-11,False,True,2020-05-11,2026-05-21,1452.0,52084310.4
688589,100,2,力合微,22.64999961853028,SH,科创板,688589.SH,2020-07-22,False,True,2020-07-22,2026-05-21,1412.0,92763558.4
688590,100,2,新致软件,1464.0124998092651,SH,科创板,688590.SH,2020-12-07,False,True,2020-12-07,2026-05-21,1320.0,210851933.6
688591,100,2,泰凌微,96.0,SH,科创板,688591.SH,2023-08-25,False,True,2023-08-25,2026-05-21,654.0,254285814.0
688592,100,2,司南导航,196.06999969482425,SH,科创板,688592.SH,2023-08-16,False,True,2023-08-16,2026-05-21,666.0,65727952.8
688593,100,2,新相微,30.670000076293945,SH,科创板,688593.SH,2023-06-01,False,True,2023-06-01,2026-05-21,708.0,608050313.6
688595,100,2,芯海科技,36.22999954223633,SH,科创板,688595.SH,2020-09-28,False,True,2020-09-28,2026-05-21,1364.0,191297544.8
688596,100,2,正帆科技,29.420000076293945,SH,科创板,688596.SH,2020-08-20,False,True,2020-08-20,2026-05-21,1391.0,790046905.6
688597,100,2,煜邦电力,296.0349998474121,SH,科创板,688597.SH,2021-06-17,False,True,2021-06-17,2026-05-21,1193.0,90077769.2
688598,100,2,金博股份,24.64999961853028,SH,科创板,688598.SH,2020-05-18,False,True,2020-05-18,2026-05-21,1457.0,328487520.0
688599,100,2,天合光能,19.06999969482422,SH,科创板,688599.SH,2020-06-10,False,True,2020-06-10,2026-05-21,1440.0,841698716.8
688600,100,2,皖仪科技,24.13999938964844,SH,科创板,688600.SH,2020-07-03,False,True,2020-07-03,2026-05-21,1425.0,87857735.4
688601,100,2,力芯微,376.1500015258789,SH,科创板,688601.SH,2021-06-28,False,True,2021-06-28,2026-05-21,1186.0,528475647.2
688602,100,2,康鹏科技,7.599999904632568,SH,科创板,688602.SH,2023-07-20,False,True,2023-07-20,2026-05-21,685.0,53968826.2
688603,100,2,天承科技,72.41999816894531,SH,科创板,688603.SH,2023-07-10,False,True,2023-07-10,2026-05-21,693.0,897181993.6
688605,100,2,先锋精科,444.1399993896485,SH,科创板,688605.SH,2024-12-12,False,True,2024-12-12,2026-05-21,346.0,503333617.6
688606,100,2,奥泰生物,64.5,SH,科创板,688606.SH,2021-03-25,False,True,2021-03-25,2026-05-21,1248.0,31111100.6
688607,100,2,康众医疗,356.060001373291,SH,科创板,688607.SH,2021-02-01,False,True,2021-02-01,2026-05-21,1281.0,161067084.4
688608,100,2,恒玄科技,168.0,SH,科创板,688608.SH,2020-12-16,False,True,2020-12-16,2026-05-21,1313.0,1270543884.8
688609,100,2,九联科技,72.02999973297119,SH,科创板,688609.SH,2021-03-23,False,True,2021-03-23,2026-05-21,1250.0,317117548.0
688610,100,2,埃科光电,80.30999755859375,SH,科创板,688610.SH,2023-07-19,False,True,2023-07-19,2026-05-21,686.0,304429798.4
688611,100,2,杭州柯林,388.189998626709,SH,科创板,688611.SH,2021-04-12,False,True,2021-04-12,2026-05-21,1237.0,180886271.6
688612,100,2,威迈斯,28.479999542236328,SH,科创板,688612.SH,2023-07-26,False,True,2023-07-26,2026-05-21,681.0,231032307.6
688613,100,2,奥精医疗,22.0,SH,科创板,688613.SH,2021-05-21,False,True,2021-05-21,2026-05-21,1211.0,56876085.6
688615,100,2,合合信息,177.1300048828125,SH,科创板,688615.SH,2024-09-26,False,True,2024-09-26,2026-05-21,396.0,971746400.0
688616,100,2,西力科技,1416.039999961853,SH,科创板,688616.SH,2021-03-18,False,True,2021-03-18,2026-05-21,1253.0,39242783.5
688617,100,2,惠泰医疗,231.58999633789065,SH,科创板,688617.SH,2021-01-07,False,True,2021-01-07,2026-05-21,1298.0,283762704.0
688618,100,2,三旺通信,29.89999961853028,SH,科创板,688618.SH,2020-12-30,False,True,2020-12-30,2026-05-21,1303.0,169744486.8
688619,100,2,罗普特,1784.0325002670288,SH,科创板,688619.SH,2021-02-23,False,True,2021-02-23,2026-05-21,1270.0,110808311.2
688620,100,2,安凯微,760.0124998092651,SH,科创板,688620.SH,2023-06-27,False,True,2023-06-27,2026-05-21,702.0,160711160.0
688621,100,2,阳光诺和,484.0099983215332,SH,科创板,688621.SH,2021-06-21,False,True,2021-06-21,2026-05-21,1172.0,131770428.0
688622,100,2,禾信仪器,81.58999633789062,SH,科创板,688622.SH,2021-09-13,False,True,2021-09-13,2026-05-21,1121.0,135708279.8
688623,100,2,双元科技,90.83000183105467,SH,科创板,688623.SH,2023-06-08,False,True,2023-06-08,2026-05-21,713.0,91877618.4
688625,100,2,呈和科技,416.0,SH,科创板,688625.SH,2021-06-07,False,True,2021-06-07,2026-05-21,1200.0,403432151.2
688626,100,2,翔宇医疗,428.0299987792969,SH,科创板,688626.SH,2021-03-31,False,True,2021-03-31,2026-05-21,1244.0,145346981.6
688627,100,2,精智达,248.3000030517578,SH,科创板,688627.SH,2023-07-18,False,True,2023-07-18,2026-05-21,687.0,1815591571.2
688628,100,2,优利德,192.0,SH,科创板,688628.SH,2021-02-01,False,True,2021-02-01,2026-05-21,1281.0,644133395.2
688629,100,2,华丰科技,109.94000244140624,SH,科创板,688629.SH,2023-06-27,False,True,2023-06-27,2026-05-21,702.0,3592718937.6
688630,100,2,芯碁微装,175.3000030517578,SH,科创板,688630.SH,2021-04-01,False,True,2021-04-01,2026-05-21,1243.0,1702963603.2
688631,100,2,莱斯信息,460.0,SH,科创板,688631.SH,2023-06-28,False,True,2023-06-28,2026-05-21,701.0,133901946.8
688633,100,2,星球石墨,24.040000915527344,SH,科创板,688633.SH,2021-03-24,False,True,2021-03-24,2026-05-21,1249.0,326221869.6
688636,100,2,智明达,192.0499992370605,SH,科创板,688636.SH,2021-04-08,False,True,2021-04-08,2026-05-21,1239.0,216195341.2
688638,100,2,誉辰智能,160.0099983215332,SH,科创板,688638.SH,2023-07-12,False,True,2023-07-12,2026-05-21,691.0,49010493.4
688639,100,2,华恒生物,31.26000022888184,SH,科创板,688639.SH,2021-04-22,False,True,2021-04-22,2026-05-21,1229.0,132211364.4
688648,100,2,中邮科技,444.0999984741211,SH,科创板,688648.SH,2023-11-13,False,True,2023-11-13,2026-05-21,609.0,165415522.0
688651,100,2,盛邦安全,188.1500015258789,SH,科创板,688651.SH,2023-07-26,False,True,2023-07-26,2026-05-21,681.0,62374319.4
688652,100,2,京仪装备,101.95999908447266,SH,科创板,688652.SH,2023-11-29,False,True,2023-11-29,2026-05-21,597.0,1030623193.6
688653,100,2,康希通信,1256.034999847412,SH,科创板,688653.SH,2023-11-17,False,True,2023-11-17,2026-05-21,605.0,186017705.2
688655,100,2,迅捷兴,28.0,SH,科创板,688655.SH,2021-05-11,False,True,2021-05-11,2026-05-21,1210.0,807357484.8
688656,100,2,浩欧博,133.99000549316406,SH,科创板,688656.SH,2021-01-13,False,True,2021-01-13,2026-05-21,1285.0,62849092.6
688657,100,2,浩辰软件,252.20000076293945,SH,科创板,688657.SH,2023-10-10,False,True,2023-10-10,2026-05-21,633.0,65590205.0
688658,100,2,悦康药业,17.899999618530273,SH,科创板,688658.SH,2020-12-24,False,True,2020-12-24,2026-05-21,1307.0,227310545.6
688659,100,2,元琛科技,440.022500038147,SH,科创板,688659.SH,2021-03-31,False,True,2021-03-31,2026-05-21,1244.0,49384492.7
688660,100,2,电气风电,1368.0375003814695,SH,科创板,688660.SH,2021-05-19,False,True,2021-05-19,2026-05-21,1213.0,240084952.4
688661,100,2,和林微纳,88.36000061035156,SH,科创板,688661.SH,2021-03-29,False,True,2021-03-29,2026-05-21,1246.0,982256419.2
688662,100,2,富信科技,436.0900001525879,SH,科创板,688662.SH,2021-04-01,False,True,2021-04-01,2026-05-21,1243.0,619794632.0
688663,100,2,新风光,432.20000076293945,SH,科创板,688663.SH,2021-04-13,False,True,2021-04-13,2026-05-21,1236.0,508299086.4
688665,100,2,四方光电,236.0999984741211,SH,科创板,688665.SH,2021-02-09,False,True,2021-02-09,2026-05-21,1275.0,47491057.6
688667,100,2,菱电电控,88.9800033569336,SH,科创板,688667.SH,2021-03-12,False,True,2021-03-12,2026-05-21,1248.0,286991753.6
688668,100,2,鼎通科技,151.0800018310547,SH,科创板,688668.SH,2020-12-21,False,True,2020-12-21,2026-05-21,1310.0,1541128441.6
688669,100,2,聚石化学,26.0,SH,科创板,688669.SH,2021-01-25,False,True,2021-01-25,2026-05-21,1286.0,167984384.2
688670,100,2,金迪克,17.350000381469727,SH,科创板,688670.SH,2021-08-02,False,True,2021-08-02,2026-05-21,1161.0,47030440.6
688671,100,2,碧兴物联,21.799999237060547,SH,科创板,688671.SH,2023-08-09,False,True,2023-08-09,2026-05-21,671.0,38320216.8
688676,100,2,金盘科技,80.4000015258789,SH,科创板,688676.SH,2021-03-09,False,True,2021-03-09,2026-05-21,1260.0,1681745468.8
688677,100,2,海泰新光,140.02999877929688,SH,科创板,688677.SH,2021-02-26,False,True,2021-02-26,2026-05-21,1267.0,699087664.0
688678,100,2,福立旺,25.86000061035156,SH,科创板,688678.SH,2020-12-23,False,True,2020-12-23,2026-05-21,1308.0,677785355.2
688679,100,2,通源环境,268.0200004577637,SH,科创板,688679.SH,2020-12-25,False,True,2020-12-25,2026-05-21,1306.0,274240944.8
688680,100,2,海优新材,408.0999984741211,SH,科创板,688680.SH,2021-01-22,False,True,2021-01-22,2026-05-21,1287.0,158862290.8
688681,100,2,科汇股份,18.89999961853028,SH,科创板,688681.SH,2021-06-16,False,True,2021-06-16,2026-05-21,1194.0,50753209.7
688682,100,2,霍莱沃,220.1699981689453,SH,科创板,688682.SH,2021-04-20,False,True,2021-04-20,2026-05-21,1231.0,115659552.4
688683,100,2,莱尔科技,52.02000045776367,SH,科创板,688683.SH,2021-04-12,False,True,2021-04-12,2026-05-21,1237.0,96182338.6
688685,100,2,迈信林,220.2299995422364,SH,科创板,688685.SH,2021-05-13,False,True,2021-05-13,2026-05-21,1217.0,276860932.8
688686,100,2,奥普特,91.7699966430664,SH,科创板,688686.SH,2020-12-31,False,True,2020-12-31,2026-05-21,1302.0,263642551.2
688687,100,2,凯因科技,19.93000030517578,SH,科创板,688687.SH,2021-02-08,False,True,2021-02-08,2026-05-21,1276.0,63112789.7
688689,100,2,银河微电,68.20000076293945,SH,科创板,688689.SH,2021-01-27,False,True,2021-01-27,2026-05-21,1284.0,186659572.0
688690,100,2,纳微科技,24.01000022888184,SH,科创板,688690.SH,2021-06-23,False,True,2021-06-23,2026-05-21,1189.0,428898742.4
688691,100,2,灿芯股份,97.91999816894533,SH,科创板,688691.SH,2024-04-11,False,True,2024-04-11,2026-05-21,510.0,1348269859.2
688692,100,2,达梦数据,224.8000030517578,SH,科创板,688692.SH,2024-06-12,False,True,2024-06-12,2026-05-21,470.0,555026392.0
688693,100,2,锴威特,252.0,SH,科创板,688693.SH,2023-08-18,False,True,2023-08-18,2026-05-21,654.0,766992182.4
688695,100,2,中创股份,24.82999992370605,SH,科创板,688695.SH,2024-03-13,False,True,2024-03-13,2026-05-21,529.0,28243885.4
688696,100,2,极米科技,86.66000366210938,SH,科创板,688696.SH,2021-03-03,False,True,2021-03-03,2026-05-21,1264.0,77110066.7
688697,100,2,纽威数控,1720.0325002670288,SH,科创板,688697.SH,2021-09-17,False,True,2021-09-17,2026-05-21,1127.0,350575687.2
688698,100,2,伟创电气,66.69000244140625,SH,科创板,688698.SH,2020-12-29,False,True,2020-12-29,2026-05-21,1304.0,524975399.2
688699,100,2,明微电子,256.0099983215332,SH,科创板,688699.SH,2020-12-18,False,True,2020-12-18,2026-05-21,1311.0,412629194.4
688700,100,2,东威科技,336.0699996948242,SH,科创板,688700.SH,2021-06-15,False,True,2021-06-15,2026-05-21,1195.0,1077110208.0
688701,100,2,卓锦股份,296.01500034332275,SH,科创板,688701.SH,2021-09-16,False,True,2021-09-16,2026-05-21,1128.0,26199261.85
688702,100,2,盛科通信,168.72000122070312,SH,科创板,688702.SH,2023-09-14,False,True,2023-09-14,2026-05-21,645.0,3002733171.2
688707,100,2,振华新材,1400.0024995803833,SH,科创板,688707.SH,2021-09-14,False,True,2021-09-14,2026-05-21,1130.0,585851665.6
688708,100,2,佳驰科技,348.04999923706055,SH,科创板,688708.SH,2024-12-05,False,True,2024-12-05,2026-05-21,351.0,96576132.2
688709,100,2,成都华微,256.04999923706055,SH,科创板,688709.SH,2024-02-07,False,True,2024-02-07,2026-05-21,548.0,343807950.4
688710,100,2,益诺思,352.13000106811523,SH,科创板,688710.SH,2024-09-03,False,True,2024-09-03,2026-05-21,411.0,136746178.6
688711,100,2,宏微科技,27.559999465942383,SH,科创板,688711.SH,2021-09-01,False,True,2021-09-01,2026-05-21,1139.0,368105206.8
688716,100,2,中研股份,52.16999816894531,SH,科创板,688716.SH,2023-09-20,False,True,2023-09-20,2026-05-21,641.0,103041437.6
688717,100,2,艾罗能源,144.0,SH,科创板,688717.SH,2024-01-03,False,True,2024-01-03,2026-05-21,573.0,799170755.2
688718,100,2,唯赛勃,1688.0474996566772,SH,科创板,688718.SH,2021-07-28,False,True,2021-07-28,2026-05-21,1164.0,71042651.5
688719,100,2,爱科赛博,132.11999893188477,SH,科创板,688719.SH,2023-09-28,False,True,2023-09-28,2026-05-21,635.0,285783368.0
688720,100,2,艾森股份,544.2799987792969,SH,科创板,688720.SH,2023-12-06,False,True,2023-12-06,2026-05-21,582.0,494279376.8
688721,100,2,龙图光罩,176.1500015258789,SH,科创板,688721.SH,2024-08-06,False,True,2024-08-06,2026-05-21,431.0,167441755.6
688722,100,2,同益中,16.979999542236328,SH,科创板,688722.SH,2021-10-19,False,True,2021-10-19,2026-05-21,1112.0,73920021.2
688726,100,2,拉普拉斯,64.63999938964844,SH,科创板,688726.SH,2024-10-29,False,True,2024-10-29,2026-05-21,378.0,1390832806.4
688727,100,2,恒坤新材,312.0099983215332,SH,科创板,688727.SH,2025-11-18,False,True,2025-11-18,2026-05-21,121.0,427088092.0
688728,100,2,格科微,1416.0200004577637,SH,科创板,688728.SH,2021-08-18,False,True,2021-08-18,2026-05-21,1149.0,366688216.8
688729,100,2,屹唐股份,23.06999969482422,SH,科创板,688729.SH,2025-07-08,False,True,2025-07-08,2026-05-21,210.0,392453698.0
688733,100,2,壹石通,26.920000076293945,SH,科创板,688733.SH,2021-08-17,False,True,2021-08-17,2026-05-21,1150.0,264349074.8
688737,100,2,中自科技,24.96999931335449,SH,科创板,688737.SH,2021-10-22,False,True,2021-10-22,2026-05-21,1109.0,87168649.6
688739,100,2,成大生物,24.780000686645508,SH,科创板,688739.SH,2021-10-28,False,True,2021-10-28,2026-05-21,1102.0,59372890.1
688750,100,2,金天钛业,18.1299991607666,SH,科创板,688750.SH,2024-11-20,False,True,2024-11-20,2026-05-21,362.0,66184528.6
688755,100,2,汉邦科技,136.0999984741211,SH,科创板,688755.SH,2025-05-16,False,True,2025-05-16,2026-05-21,246.0,29916715.65
688757,100,2,胜科纳米,27.8700008392334,SH,科创板,688757.SH,2025-03-25,False,True,2025-03-25,2026-05-21,280.0,275203806.6
688758,100,2,赛分科技,17.440000534057617,SH,科创板,688758.SH,2025-01-10,False,True,2025-01-10,2026-05-21,326.0,89861356.2
688759,100,2,必贝特,128.0,SH,科创板,688759.SH,2025-10-28,False,True,2025-10-28,2026-05-21,136.0,137317055.8
688765,100,2,禾元生物,68.70999908447266,SH,科创板,688765.SH,2025-10-28,False,True,2025-10-28,2026-05-21,136.0,122632532.4
688766,100,2,普冉股份,280.010009765625,SH,科创板,688766.SH,2021-08-23,False,True,2021-08-23,2026-05-21,1136.0,2741957788.8
688767,100,2,博拓生物,52.09999847412109,SH,科创板,688767.SH,2021-09-08,False,True,2021-09-08,2026-05-21,1134.0,124004681.2
688768,100,2,容知日新,244.22000122070312,SH,科创板,688768.SH,2021-07-26,False,True,2021-07-26,2026-05-21,1166.0,75510479.2
688772,100,2,珠海冠宇,16.200000762939453,SH,科创板,688772.SH,2021-10-15,False,True,2021-10-15,2026-05-21,1114.0,768292596.8
688775,100,2,影石创新,194.75,SH,科创板,688775.SH,2025-06-11,False,True,2025-06-11,2026-05-21,229.0,333324031.2
688776,100,2,国光电气,89.0,SH,科创板,688776.SH,2021-08-31,False,True,2021-08-31,2026-05-21,1140.0,170623306.4
688777,100,2,中控技术,67.0,SH,科创板,688777.SH,2020-11-24,False,True,2020-11-24,2026-05-21,1329.0,1956565046.4
688778,100,2,厦钨新能,72.4000015258789,SH,科创板,688778.SH,2021-08-05,False,True,2021-08-05,2026-05-21,1158.0,687587779.2
688779,100,2,五矿新能,712.0100002288818,SH,科创板,688779.SH,2021-08-11,False,True,2021-08-11,2026-05-21,1154.0,449129564.0
688783,100,2,西安奕材,22.82999992370605,SH,科创板,688783.SH,2025-10-28,False,True,2025-10-28,2026-05-21,136.0,851983320.8
688786,100,2,悦安新材,32.0099983215332,SH,科创板,688786.SH,2021-08-26,False,True,2021-08-26,2026-05-21,1143.0,110562480.6
688787,100,2,海天瑞声,142.19000244140625,SH,科创板,688787.SH,2021-08-13,False,True,2021-08-13,2026-05-21,1152.0,430865442.4
688788,100,2,科思科技,416.20000076293945,SH,科创板,688788.SH,2020-10-22,False,True,2020-10-22,2026-05-21,1352.0,123674794.6
688789,100,2,宏华数科,71.12999725341797,SH,科创板,688789.SH,2021-07-08,False,True,2021-07-08,2026-05-21,1178.0,173396298.4
688793,100,2,倍轻松,22.75,SH,科创板,688793.SH,2021-07-15,False,True,2021-07-15,2026-05-21,1173.0,55601020.7
688798,100,2,艾为电子,69.66000366210938,SH,科创板,688798.SH,2021-08-16,False,True,2021-08-16,2026-05-21,1151.0,312572187.2
688799,100,2,华纳药厂,220.06000137329104,SH,科创板,688799.SH,2021-07-13,False,True,2021-07-13,2026-05-21,1175.0,252513150.0
688800,100,2,瑞可达,92.0999984741211,SH,科创板,688800.SH,2021-07-22,False,True,2021-07-22,2026-05-21,1168.0,1509040630.4
688819,100,2,天能股份,31.75,SH,科创板,688819.SH,2021-01-18,False,True,2021-01-18,2026-05-21,1291.0,177962608.4
688981,100,2,中芯国际,102.18000030517578,SH,科创板,688981.SH,2020-07-16,False,True,2020-07-16,2026-05-21,1410.0,10963150182.4
689009,100,2,九号公司,308.060001373291,SH,科创板,689009.SH,2020-10-29,False,True,2020-10-29,2026-05-21,1347.0,551937028.8
300001,100,2,特锐德,28.690000534057617,SZ,创业板,300001.SZ,2009-10-30,False,True,2009-10-30,2026-05-21,3927.0,1376683011.2
300002,100,2,神州泰岳,520.039999961853,SZ,创业板,300002.SZ,2009-10-30,False,True,2009-10-30,2026-05-21,3899.0,367251171.2
300003,100,2,乐普医疗,16.760000228881836,SZ,创业板,300003.SZ,2009-10-30,False,True,2009-10-30,2026-05-21,3899.0,417248224.0
300004,100,2,南风股份,1192.034999847412,SZ,创业板,300004.SZ,2009-10-30,False,True,2009-10-30,2026-05-21,3846.0,477455787.2
300005,100,2,探路者,1288.039999961853,SZ,创业板,300005.SZ,2009-10-30,False,True,2009-10-30,2026-05-21,3934.0,721100707.2
300006,100,2,莱美药业,4.699999809265137,SZ,创业板,300006.SZ,2009-10-30,False,True,2009-10-30,2026-05-21,3886.0,263544114.4
300007,100,2,汉威科技,216.1199989318848,SZ,创业板,300007.SZ,2009-10-30,False,True,2009-10-30,2026-05-21,3890.0,806205936.0
300008,100,2,天海防务,7.730000019073486,SZ,创业板,300008.SZ,2009-10-30,False,True,2009-10-30,2026-05-21,3833.0,654074273.6
300009,100,2,安科生物,312.01249980926514,SZ,创业板,300009.SZ,2009-10-30,False,True,2009-10-30,2026-05-21,3879.0,175481066.8
300010,100,2,豆神教育,6.289999961853027,SZ,创业板,300010.SZ,2009-10-30,False,True,2009-10-30,2026-05-21,3675.0,280078341.0
300011,100,2,鼎汉技术,7.989999771118164,SZ,创业板,300011.SZ,2009-10-30,False,True,2009-10-30,2026-05-21,3834.0,52333713.4
300012,100,2,华测检测,1800.0100002288818,SZ,创业板,300012.SZ,2009-10-30,False,True,2009-10-30,2026-05-21,3921.0,490752204.8
300013,100,2,新宁物流,7554.006249904633,SZ,创业板,300013.SZ,2009-10-30,False,True,2009-10-30,2026-05-21,3835.0,136697660.7
300014,100,2,亿纬锂能,70.80000305175781,SZ,创业板,300014.SZ,2009-10-30,False,True,2009-10-30,2026-05-21,3958.0,5796095603.2
300015,100,2,爱尔眼科,504.0424995422363,SZ,创业板,300015.SZ,2009-10-30,False,True,2009-10-30,2026-05-21,3996.0,1280445804.8
300016,100,2,北陆药业,504.01249980926514,SZ,创业板,300016.SZ,2009-10-30,False,True,2009-10-30,2026-05-21,3929.0,180434054.8
300017,100,2,网宿科技,17.530000686645508,SZ,创业板,300017.SZ,2009-10-30,False,True,2009-10-30,2026-05-21,3966.0,4597379302.4
300018,100,2,中元股份,1304.057499885559,SZ,创业板,300018.SZ,2009-10-30,False,True,2009-10-30,2026-05-21,3924.0,451771147.2
300019,100,2,硅宝科技,19.809999465942383,SZ,创业板,300019.SZ,2009-10-30,False,True,2009-10-30,2026-05-21,3938.0,124943552.8
300021,100,2,大禹节水,4.449999809265137,SZ,创业板,300021.SZ,2009-10-30,False,True,2009-10-30,2026-05-21,3982.0,62062061.4
300022,100,2,吉峰科技,104.02499961853027,SZ,创业板,300022.SZ,2009-10-30,False,True,2009-10-30,2026-05-21,3814.0,159520664.4
300024,100,2,机器人,1928.0,SZ,创业板,300024.SZ,2009-10-30,False,True,2009-10-30,2026-05-21,4010.0,616769591.2
300025,100,2,华星创业,5.53000020980835,SZ,创业板,300025.SZ,2009-10-30,False,True,2009-10-30,2026-05-21,3603.0,83753619.8
300026,100,2,红日药业,5762.013750076294,SZ,创业板,300026.SZ,2009-10-30,False,True,2009-10-30,2026-05-21,3897.0,101859425.6
300027,100,2,华谊兄弟,1.5499999523162842,SZ,创业板,300027.SZ,2009-10-30,False,True,2009-10-30,2026-05-21,3823.0,297644460.8
300030,100,2,阳普医疗,7.659999847412109,SZ,创业板,300030.SZ,2009-12-25,False,True,2009-12-25,2026-05-21,3784.0,110685305.0
300031,100,2,宝通科技,20.3799991607666,SZ,创业板,300031.SZ,2009-12-25,False,True,2009-12-25,2026-05-21,3842.0,472474108.4
300032,100,2,金龙机电,6.03000020980835,SZ,创业板,300032.SZ,2009-12-25,False,True,2009-12-25,2026-05-21,3751.0,172825074.0
300033,100,2,同花顺,316.1000061035156,SZ,创业板,300033.SZ,2009-12-25,False,True,2009-12-25,2026-05-21,3960.0,4230596339.2
300034,100,2,钢研高纳,18.61000061035156,SZ,创业板,300034.SZ,2009-12-25,False,True,2009-12-25,2026-05-21,3881.0,398360636.0
300035,100,2,中科电气,21.61000061035156,SZ,创业板,300035.SZ,2009-12-25,False,True,2009-12-25,2026-05-21,3843.0,1065561616.0
300036,100,2,超图软件,2056.079999923706,SZ,创业板,300036.SZ,2009-12-25,False,True,2009-12-25,2026-05-21,3897.0,165865199.2
300037,100,2,新宙邦,428.04999923706055,SZ,创业板,300037.SZ,2010-01-08,False,True,2010-01-08,2026-05-21,3882.0,2087328832.0
300039,100,2,上海凯宝,6.03000020980835,SZ,创业板,300039.SZ,2010-01-08,False,True,2010-01-08,2026-05-21,3962.0,54565971.0
300040,100,2,九洲集团,248.0124998092652,SZ,创业板,300040.SZ,2010-01-08,False,True,2010-01-08,2026-05-21,3733.0,498321075.2
300041,100,2,回天新材,664.0074996948242,SZ,创业板,300041.SZ,2010-01-08,False,True,2010-01-08,2026-05-21,3917.0,236214056.0
300042,100,2,朗科科技,352.0800018310547,SZ,创业板,300042.SZ,2010-01-08,False,True,2010-01-08,2026-05-21,3941.0,2366006256.0
300043,100,2,星辉娱乐,5.599999904632568,SZ,创业板,300043.SZ,2010-01-20,False,True,2010-01-20,2026-05-21,3622.0,262895786.4
300045,100,2,华力创通,22.46999931335449,SZ,创业板,300045.SZ,2010-01-20,False,True,2010-01-20,2026-05-21,3909.0,678106430.4
300046,100,2,台基股份,36.13999938964844,SZ,创业板,300046.SZ,2010-01-20,False,True,2010-01-20,2026-05-21,3812.0,319278726.8
300047,100,2,天源迪科,1096.0100002288818,SZ,创业板,300047.SZ,2010-01-20,False,True,2010-01-20,2026-05-21,3756.0,268950271.6
300048,100,2,合康新能,7.760000228881836,SZ,创业板,300048.SZ,2010-01-20,False,True,2010-01-20,2026-05-21,3879.0,155796288.0
300049,100,2,福瑞医科,348.0,SZ,创业板,300049.SZ,2010-01-20,False,True,2010-01-20,2026-05-21,3725.0,460220468.0
300050,100,2,世纪鼎利,6.599999904632568,SZ,创业板,300050.SZ,2010-01-20,False,True,2010-01-20,2026-05-21,3815.0,315859482.4
300051,100,2,琏升科技,808.0050001144409,SZ,创业板,300051.SZ,2010-02-11,False,True,2010-02-11,2026-05-21,3702.0,435135260.0
300053,100,2,航宇微,17.829999923706055,SZ,创业板,300053.SZ,2010-02-11,False,True,2010-02-11,2026-05-21,3772.0,785994732.8
300054,100,2,鼎龙股份,248.06999969482425,SZ,创业板,300054.SZ,2010-02-11,False,True,2010-02-11,2026-05-21,3813.0,3039431974.4
300055,100,2,万邦达,376.0024995803833,SZ,创业板,300055.SZ,2010-02-26,False,True,2010-02-26,2026-05-21,3870.0,290696436.0
300056,100,2,中创环保,232.01500034332275,SZ,创业板,300056.SZ,2010-02-26,False,True,2010-02-26,2026-05-21,3622.0,307768420.0
300057,100,2,万顺新材,5.809999942779541,SZ,创业板,300057.SZ,2010-02-26,False,True,2010-02-26,2026-05-21,3739.0,1054259774.4
300058,100,2,蓝色光标,1672.0100002288818,SZ,创业板,300058.SZ,2010-02-26,False,True,2010-02-26,2026-05-21,3733.0,9104876518.4
300059,100,2,东方财富,20.209999084472656,SZ,创业板,300059.SZ,2010-03-19,False,True,2010-03-19,2026-05-21,3861.0,6713125811.2
300061,100,2,旗天科技,152.0275001525879,SZ,创业板,300061.SZ,2010-03-19,False,True,2010-03-19,2026-05-21,3762.0,363312441.0
300062,100,2,中能电气,216.03750038146973,SZ,创业板,300062.SZ,2010-03-19,False,True,2010-03-19,2026-05-21,3774.0,243890671.2
300063,100,2,天龙集团,888.0024995803833,SZ,创业板,300063.SZ,2010-03-26,False,True,2010-03-26,2026-05-21,3639.0,865815728.0
300065,100,2,海兰信,23.450000762939453,SZ,创业板,300065.SZ,2010-03-26,False,True,2010-03-26,2026-05-21,3685.0,1984707347.2
300066,100,2,三川智慧,6.489999771118164,SZ,创业板,300066.SZ,2010-03-26,False,True,2010-03-26,2026-05-21,3869.0,155124260.8
300067,100,2,安诺其,4.53000020980835,SZ,创业板,300067.SZ,2010-04-21,False,True,2010-04-21,2026-05-21,3797.0,1088834192.2
300068,100,2,南都电源,1864.0500001907349,SZ,创业板,300068.SZ,2010-04-21,False,True,2010-04-21,2026-05-21,3803.0,453163842.6
300069,100,2,金利华电,17.690000534057617,SZ,创业板,300069.SZ,2010-04-21,False,True,2010-04-21,2026-05-21,3763.0,306731989.0
300070,100,2,碧水源,8130.005625009537,SZ,创业板,300070.SZ,2010-04-21,False,True,2010-04-21,2026-05-21,3814.0,139458719.6
300071,100,2,福石控股,5.019999980926514,SZ,创业板,300071.SZ,2010-04-21,False,True,2010-04-21,2026-05-21,3336.0,204945595.2
300072,100,2,海新能科,5.21999979019165,SZ,创业板,300072.SZ,2010-04-27,False,True,2010-04-27,2026-05-21,3831.0,197122722.0
300073,100,2,当升科技,372.04999923706055,SZ,创业板,300073.SZ,2010-04-27,False,True,2010-04-27,2026-05-21,3779.0,1466096080.0
300074,100,2,华平股份,4.329999923706055,SZ,创业板,300074.SZ,2010-04-27,False,True,2010-04-27,2026-05-21,3825.0,86194243.8
300075,100,2,数字政通,1352.0299997329712,SZ,创业板,300075.SZ,2010-04-27,False,True,2010-04-27,2026-05-21,3805.0,200234678.0
300076,100,2,GQY视讯,7.210000038146973,SZ,创业板,300076.SZ,2010-04-30,False,True,2010-04-30,2026-05-21,3761.0,114188996.0
300077,100,2,国民技术,21.790000915527344,SZ,创业板,300077.SZ,2010-04-30,False,True,2010-04-30,2026-05-21,3814.0,1773437392.0
300078,100,2,思创智联,4.099999904632568,SZ,创业板,300078.SZ,2010-04-30,False,True,2010-04-30,2026-05-21,3809.0,98582972.6
300079,100,2,数码视讯,5.489999771118164,SZ,创业板,300079.SZ,2010-04-30,False,True,2010-04-30,2026-05-21,3868.0,212022696.8
300080,100,2,易成新能,5.78000020980835,SZ,创业板,300080.SZ,2010-06-25,False,True,2010-06-25,2026-05-21,3504.0,185430164.8
300081,100,2,恒信东方,4.809999942779541,SZ,创业板,300081.SZ,2010-05-20,False,True,2010-05-20,2026-05-21,3681.0,98643714.4
300082,100,2,奥克股份,408.0275001525879,SZ,创业板,300082.SZ,2010-05-20,False,True,2010-05-20,2026-05-21,3860.0,421045015.2
300083,100,2,创世纪,7.639999866485596,SZ,创业板,300083.SZ,2010-05-20,False,True,2010-05-20,2026-05-21,3751.0,1594488964.8
300084,100,2,海默科技,648.0200004577637,SZ,创业板,300084.SZ,2010-05-20,False,True,2010-05-20,2026-05-21,3760.0,247271608.4
300085,100,2,银之杰,200.20000076293945,SZ,创业板,300085.SZ,2010-05-26,False,True,2010-05-26,2026-05-21,3665.0,1502514592.0
300086,100,2,康芝药业,56.02250003814697,SZ,创业板,300086.SZ,2010-05-26,False,True,2010-05-26,2026-05-21,3696.0,142608719.6
300087,100,2,荃银高科,104.04500007629396,SZ,创业板,300087.SZ,2010-05-26,False,True,2010-05-26,2026-05-21,3632.0,116593520.0
300088,100,2,长信科技,6.349999904632568,SZ,创业板,300088.SZ,2010-05-26,False,True,2010-05-26,2026-05-21,3423.0,1152976387.2
300092,100,2,科新机电,1912.0424995422363,SZ,创业板,300092.SZ,2010-07-08,False,True,2010-07-08,2026-05-21,3687.0,109346200.0
300094,100,2,国联水产,5186.004374980927,SZ,创业板,300094.SZ,2010-07-08,False,True,2010-07-08,2026-05-21,3739.0,113862680.6
300095,100,2,华伍股份,408.0275001525879,SZ,创业板,300095.SZ,2010-07-28,False,True,2010-07-28,2026-05-21,3762.0,183068102.0
300098,100,2,高新兴,5.400000095367432,SZ,创业板,300098.SZ,2010-07-28,False,True,2010-07-28,2026-05-21,3620.0,401102228.0
300099,100,2,尤洛卡,312.05249977111816,SZ,创业板,300099.SZ,2010-08-06,False,True,2010-08-06,2026-05-21,3656.0,266672613.6
300100,100,2,双林股份,29.670000076293945,SZ,创业板,300100.SZ,2010-08-06,False,True,2010-08-06,2026-05-21,3561.0,477198761.6
300101,100,2,振芯科技,21.14999961853028,SZ,创业板,300101.SZ,2010-08-06,False,True,2010-08-06,2026-05-21,3747.0,480632226.4
300102,100,2,乾照光电,36.22999954223633,SZ,创业板,300102.SZ,2010-08-12,False,True,2010-08-12,2026-05-21,3734.0,1982872288.0
300103,100,2,达刚控股,7.139999866485596,SZ,创业板,300103.SZ,2010-08-12,False,True,2010-08-12,2026-05-21,3728.0,105179564.8
300105,100,2,龙源技术,7.349999904632568,SZ,创业板,300105.SZ,2010-08-20,False,True,2010-08-20,2026-05-21,3818.0,62065851.0
300106,100,2,西部牧业,520.0100002288818,SZ,创业板,300106.SZ,2010-08-20,False,True,2010-08-20,2026-05-21,3759.0,215227434.6
300107,100,2,建新股份,7.090000152587891,SZ,创业板,300107.SZ,2010-08-20,False,True,2010-08-20,2026-05-21,3815.0,158559560.0
300109,100,2,新开源,17.399999618530273,SZ,创业板,300109.SZ,2010-08-25,False,True,2010-08-25,2026-05-21,3464.0,229762015.6
300110,100,2,华仁药业,4354.007499933243,SZ,创业板,300110.SZ,2010-08-25,False,True,2010-08-25,2026-05-21,3580.0,70946146.4
300111,100,2,向日葵,8194.030000209808,SZ,创业板,300111.SZ,2010-08-27,False,True,2010-08-27,2026-05-21,3599.0,139108696.8
300112,100,2,万讯自控,8.020000457763672,SZ,创业板,300112.SZ,2010-08-27,False,True,2010-08-27,2026-05-21,3627.0,57374681.2
300113,100,2,顺网科技,27.61000061035156,SZ,创业板,300113.SZ,2010-08-27,False,True,2010-08-27,2026-05-21,3671.0,1452629641.6
300115,100,2,长盈精密,31.8799991607666,SZ,创业板,300115.SZ,2010-09-02,False,True,2010-09-02,2026-05-21,3777.0,2406963955.2
300118,100,2,东方日升,18.420000076293945,SZ,创业板,300118.SZ,2010-09-02,False,True,2010-09-02,2026-05-21,3659.0,1282326316.8
300119,100,2,瑞普生物,18.450000762939453,SZ,创业板,300119.SZ,2010-09-17,False,True,2010-09-17,2026-05-21,3758.0,67744425.8
300120,100,2,经纬辉开,72.0,SZ,创业板,300120.SZ,2010-09-17,False,True,2010-09-17,2026-05-21,3683.0,91609091.8
300121,100,2,阳谷华泰,1256.005000114441,SZ,创业板,300121.SZ,2010-09-17,False,True,2010-09-17,2026-05-21,3752.0,204734372.4
300122,100,2,智飞生物,1960.034999847412,SZ,创业板,300122.SZ,2010-09-28,False,True,2010-09-28,2026-05-21,3721.0,315452286.4
300123,100,2,亚光科技,6.510000228881836,SZ,创业板,300123.SZ,2010-09-28,False,True,2010-09-28,2026-05-21,3537.0,313106225.2
300124,100,2,汇川技术,68.75,SZ,创业板,300124.SZ,2010-09-28,False,True,2010-09-28,2026-05-21,3776.0,3657368019.2
300126,100,2,锐奇股份,7.880000114440918,SZ,创业板,300126.SZ,2010-10-13,False,True,2010-10-13,2026-05-21,3669.0,43453954.0
300127,100,2,银河磁体,30.57999992370605,SZ,创业板,300127.SZ,2010-10-13,False,True,2010-10-13,2026-05-21,3778.0,214960200.0
300128,100,2,锦富技术,6.28000020980835,SZ,创业板,300128.SZ,2010-10-13,False,True,2010-10-13,2026-05-21,3620.0,453935845.2
300129,100,2,泰胜风能,1384.0150003433228,SZ,创业板,300129.SZ,2010-10-19,False,True,2010-10-19,2026-05-21,3740.0,475026008.0
300130,100,2,新国都,23.600000381469727,SZ,创业板,300130.SZ,2010-10-19,False,True,2010-10-19,2026-05-21,3656.0,226631038.8
300131,100,2,英唐智控,1480.0500001907349,SZ,创业板,300131.SZ,2010-10-19,False,True,2010-10-19,2026-05-21,3403.0,2933977702.4
300132,100,2,青松股份,184.05249977111816,SZ,创业板,300132.SZ,2010-10-26,False,True,2010-10-26,2026-05-21,3666.0,186537620.0
300133,100,2,华策影视,7.429999828338623,SZ,创业板,300133.SZ,2010-10-26,False,True,2010-10-26,2026-05-21,3655.0,1855980588.8
300134,100,2,大富科技,648.0299997329712,SZ,创业板,300134.SZ,2010-10-26,False,True,2010-10-26,2026-05-21,3399.0,158826978.8
300135,100,2,宝利国际,4.070000171661377,SZ,创业板,300135.SZ,2010-10-26,False,True,2010-10-26,2026-05-21,3635.0,92269503.8
300136,100,2,信维通信,520.0999984741211,SZ,创业板,300136.SZ,2010-11-05,False,True,2010-11-05,2026-05-21,3700.0,10951544268.8
300137,100,2,先河环保,1256.005000114441,SZ,创业板,300137.SZ,2010-11-05,False,True,2010-11-05,2026-05-21,3706.0,737988321.6
300138,100,2,晨光生物,1432.057499885559,SZ,创业板,300138.SZ,2010-11-05,False,True,2010-11-05,2026-05-21,3742.0,75115046.4
300139,100,2,晓程科技,460.0999984741211,SZ,创业板,300139.SZ,2010-11-12,False,True,2010-11-12,2026-05-21,3754.0,1445266428.8
300140,100,2,节能环境,7.289999961853027,SZ,创业板,300140.SZ,2010-11-12,False,True,2010-11-12,2026-05-21,3547.0,170549384.8
300141,100,2,和顺电气,1384.0150003433228,SZ,创业板,300141.SZ,2010-11-12,False,True,2010-11-12,2026-05-21,3665.0,90508876.4
300142,100,2,沃森生物,1160.0100002288818,SZ,创业板,300142.SZ,2010-11-12,False,True,2010-11-12,2026-05-21,3493.0,1355097878.4
300143,100,2,盈康生命,1048.0074996948242,SZ,创业板,300143.SZ,2010-12-09,False,True,2010-12-09,2026-05-21,3339.0,130001700.4
300144,100,2,宋城演艺,7.860000133514404,SZ,创业板,300144.SZ,2010-12-09,False,True,2010-12-09,2026-05-21,3658.0,192328126.8
300145,100,2,南方泵业,4.809999942779541,SZ,创业板,300145.SZ,2010-12-09,False,True,2010-12-09,2026-05-21,3596.0,379987148.0
300146,100,2,汤臣倍健,856.0574998855591,SZ,创业板,300146.SZ,2010-12-15,False,True,2010-12-15,2026-05-21,3574.0,152500796.0
300148,100,2,天舟文化,4.340000152587891,SZ,创业板,300148.SZ,2010-12-15,False,True,2010-12-15,2026-05-21,3438.0,123575401.6
300149,100,2,睿智医药,408.0574998855591,SZ,创业板,300149.SZ,2010-12-22,False,True,2010-12-22,2026-05-21,3326.0,157675070.8
300150,100,2,世纪瑞尔,5.369999885559082,SZ,创业板,300150.SZ,2010-12-22,False,True,2010-12-22,2026-05-21,3548.0,56488033.6
300151,100,2,昌红科技,16.309999465942383,SZ,创业板,300151.SZ,2010-12-22,False,True,2010-12-22,2026-05-21,3644.0,386596855.2
300153,100,2,科泰电源,29.59000015258789,SZ,创业板,300153.SZ,2010-12-29,False,True,2010-12-29,2026-05-21,3609.0,801271851.2
300154,100,2,瑞凌股份,72.02999973297119,SZ,创业板,300154.SZ,2010-12-29,False,True,2010-12-29,2026-05-21,3703.0,149171851.0
300155,100,2,安居宝,4.889999866485596,SZ,创业板,300155.SZ,2011-01-07,False,True,2011-01-07,2026-05-21,3697.0,50453435.7
300157,100,2,新锦动力,6.849999904632568,SZ,创业板,300157.SZ,2011-01-07,False,True,2011-01-07,2026-05-21,3480.0,223281430.4
300158,100,2,振东制药,5.820000171661377,SZ,创业板,300158.SZ,2011-01-07,False,True,2011-01-07,2026-05-21,3588.0,93269952.6
300160,100,2,秀强股份,5.940000057220459,SZ,创业板,300160.SZ,2011-01-13,False,True,2011-01-13,2026-05-21,3652.0,42146475.2
300161,100,2,华中数控,28.84000015258789,SZ,创业板,300161.SZ,2011-01-13,False,True,2011-01-13,2026-05-21,3511.0,412555437.4
300162,100,2,雷曼光电,296.01500034332275,SZ,创业板,300162.SZ,2011-01-13,False,True,2011-01-13,2026-05-21,3565.0,335927626.4
300163,100,2,先锋新材,4.579999923706055,SZ,创业板,300163.SZ,2011-01-13,False,True,2011-01-13,2026-05-21,3306.0,189886134.8
300164,100,2,通源石油,19.26000022888184,SZ,创业板,300164.SZ,2011-01-13,False,True,2011-01-13,2026-05-21,3418.0,1162616182.4
300166,100,2,东方国信,1640.005000114441,SZ,创业板,300166.SZ,2011-01-25,False,True,2011-01-25,2026-05-21,3490.0,3269068576.0
300168,100,2,万达信息,5.639999866485596,SZ,创业板,300168.SZ,2011-01-25,False,True,2011-01-25,2026-05-21,3487.0,128791411.4
300169,100,2,天晟新材,6.190000057220459,SZ,创业板,300169.SZ,2011-01-25,False,True,2011-01-25,2026-05-21,3443.0,58823506.6
300170,100,2,汉得信息,21.059999465942383,SZ,创业板,300170.SZ,2011-02-01,False,True,2011-02-01,2026-05-21,3642.0,1606944918.4
300171,100,2,东富龙,1672.0600004196167,SZ,创业板,300171.SZ,2011-02-01,False,True,2011-02-01,2026-05-21,3704.0,107756460.0
300172,100,2,中电环保,5.929999828338623,SZ,创业板,300172.SZ,2011-02-01,False,True,2011-02-01,2026-05-21,3708.0,99627309.6
300174,100,2,元力股份,16.350000381469727,SZ,创业板,300174.SZ,2011-02-01,False,True,2011-02-01,2026-05-21,3656.0,346578403.2
300176,100,2,鸿特科技,7.170000076293945,SZ,创业板,300176.SZ,2011-02-15,False,True,2011-02-15,2026-05-21,3566.0,90659518.0
300177,100,2,中海达,232.01500034332275,SZ,创业板,300177.SZ,2011-02-15,False,True,2011-02-15,2026-05-21,3622.0,130604389.2
300179,100,2,四方达,20.709999084472656,SZ,创业板,300179.SZ,2011-02-15,False,True,2011-02-15,2026-05-21,3545.0,1448385308.8
300180,100,2,华峰超纤,6.349999904632568,SZ,创业板,300180.SZ,2011-02-22,False,True,2011-02-22,2026-05-21,3536.0,140941980.4
300181,100,2,佐力药业,2040.0424995422363,SZ,创业板,300181.SZ,2011-02-22,False,True,2011-02-22,2026-05-21,3576.0,177087068.8
300182,100,2,捷成股份,5.920000076293945,SZ,创业板,300182.SZ,2011-02-22,False,True,2011-02-22,2026-05-21,3546.0,744361020.8
300183,100,2,东软载波,1800.0,SZ,创业板,300183.SZ,2011-02-22,False,True,2011-02-22,2026-05-21,3599.0,126670347.2
300184,100,2,力源信息,792.0074996948242,SZ,创业板,300184.SZ,2011-02-22,False,True,2011-02-22,2026-05-21,3362.0,1880707628.8
300185,100,2,通裕重工,8194.0,SZ,创业板,300185.SZ,2011-03-08,False,True,2011-03-08,2026-05-21,3646.0,513003545.6
300187,100,2,永清环保,5.360000133514404,SZ,创业板,300187.SZ,2011-03-08,False,True,2011-03-08,2026-05-21,3472.0,172816456.0
300188,100,2,国投智能,1304.0074996948242,SZ,创业板,300188.SZ,2011-03-16,False,True,2011-03-16,2026-05-21,3584.0,151682690.4
300189,100,2,神农种业,7.289999961853027,SZ,创业板,300189.SZ,2011-03-16,False,True,2011-03-16,2026-05-21,3417.0,380040047.2
300190,100,2,维尔利,4.380000114440918,SZ,创业板,300190.SZ,2011-03-16,False,True,2011-03-16,2026-05-21,3460.0,159341778.0
300191,100,2,潜能恒信,140.02999877929688,SZ,创业板,300191.SZ,2011-03-16,False,True,2011-03-16,2026-05-21,3587.0,683331964.8
300192,100,2,科德教育,18.290000915527344,SZ,创业板,300192.SZ,2011-03-22,False,True,2011-03-22,2026-05-21,3373.0,194690844.0
300193,100,2,佳士科技,200.0299997329712,SZ,创业板,300193.SZ,2011-03-22,False,True,2011-03-22,2026-05-21,3670.0,70813867.2
300194,100,2,福安药业,4.079999923706055,SZ,创业板,300194.SZ,2011-03-22,False,True,2011-03-22,2026-05-21,3485.0,40133985.7
300195,100,2,长荣股份,7.920000076293945,SZ,创业板,300195.SZ,2011-03-29,False,True,2011-03-29,2026-05-21,3543.0,79097073.2
300196,100,2,长海股份,17.149999618530273,SZ,创业板,300196.SZ,2011-03-29,False,True,2011-03-29,2026-05-21,3519.0,549683131.2
300197,100,2,节能铁汉,1.7899999618530271,SZ,创业板,300197.SZ,2011-03-29,False,True,2011-03-29,2026-05-21,3356.0,87239182.4
300199,100,2,翰宇药业,18.059999465942383,SZ,创业板,300199.SZ,2011-04-07,False,True,2011-04-07,2026-05-21,3515.0,1210770281.6
300200,100,2,高盟新材,632.022500038147,SZ,创业板,300200.SZ,2011-04-07,False,True,2011-04-07,2026-05-21,3619.0,286353705.6
300201,100,2,海伦哲,696.0325002670288,SZ,创业板,300201.SZ,2011-04-07,False,True,2011-04-07,2026-05-21,3313.0,673637739.2
300203,100,2,聚光科技,1432.0474996566772,SZ,创业板,300203.SZ,2011-04-15,False,True,2011-04-15,2026-05-21,3584.0,206379577.6
300204,100,2,舒泰神,24.049999237060547,SZ,创业板,300204.SZ,2011-04-15,False,True,2011-04-15,2026-05-21,3665.0,726494590.4
300206,100,2,理邦仪器,1608.0299997329712,SZ,创业板,300206.SZ,2011-04-21,False,True,2011-04-21,2026-05-21,3658.0,148172716.8
300207,100,2,欣旺达,27.39999961853028,SZ,创业板,300207.SZ,2011-04-21,False,True,2011-04-21,2026-05-21,3609.0,2089214201.6
300209,100,2,行云科技,616.0150003433228,SZ,创业板,300209.SZ,2011-04-26,False,True,2011-04-26,2026-05-21,3327.0,2409891436.8
300210,100,2,森远股份,152.00749969482422,SZ,创业板,300210.SZ,2011-04-26,False,True,2011-04-26,2026-05-21,3610.0,368078751.0
300212,100,2,易华录,904.0,SZ,创业板,300212.SZ,2011-05-05,False,True,2011-05-05,2026-05-21,3467.0,316130228.0
300213,100,2,佳讯飞鸿,8.050000190734863,SZ,创业板,300213.SZ,2011-05-05,False,True,2011-05-05,2026-05-21,3414.0,109249299.0
300214,100,2,日科化学,7.300000190734863,SZ,创业板,300214.SZ,2011-05-11,False,True,2011-05-11,2026-05-21,3600.0,227333586.8
300215,100,2,电科院,136.02000045776367,SZ,创业板,300215.SZ,2011-05-11,False,True,2011-05-11,2026-05-21,3613.0,319544771.2
300217,100,2,东方电热,5.449999809265137,SZ,创业板,300217.SZ,2011-05-18,False,True,2011-05-18,2026-05-21,3614.0,221138290.8
300218,100,2,安利股份,1864.0299997329712,SZ,创业板,300218.SZ,2011-05-18,False,True,2011-05-18,2026-05-21,3627.0,73108255.8
300219,100,2,鸿利智汇,8.029999732971191,SZ,创业板,300219.SZ,2011-05-18,False,True,2011-05-18,2026-05-21,3417.0,206056278.8
300220,100,2,金运激光,1512.0150003433228,SZ,创业板,300220.SZ,2011-05-25,False,True,2011-05-25,2026-05-21,3419.0,41088978.9
300221,100,2,银禧科技,488.0249996185303,SZ,创业板,300221.SZ,2011-05-25,False,True,2011-05-25,2026-05-21,3558.0,316672314.4
300222,100,2,科大智能,840.0600004196167,SZ,创业板,300222.SZ,2011-05-25,False,True,2011-05-25,2026-05-21,3319.0,557670444.0
300223,100,2,北京君正,119.8000030517578,SZ,创业板,300223.SZ,2011-05-31,False,True,2011-05-31,2026-05-21,3389.0,4187123046.4
300224,100,2,正海磁材,1720.0124998092651,SZ,创业板,300224.SZ,2011-05-31,False,True,2011-05-31,2026-05-21,3549.0,348147889.6
300226,100,2,上海钢联,26.200000762939453,SZ,创业板,300226.SZ,2011-06-08,False,True,2011-06-08,2026-05-21,3516.0,226690576.0
300227,100,2,光韵达,824.0424995422363,SZ,创业板,300227.SZ,2011-06-08,False,True,2011-06-08,2026-05-21,3537.0,238227636.0
300228,100,2,富瑞特装,376.0424995422363,SZ,创业板,300228.SZ,2011-06-08,False,True,2011-06-08,2026-05-21,3561.0,355142777.6
300229,100,2,拓尔思,18.68000030517578,SZ,创业板,300229.SZ,2011-06-15,False,True,2011-06-15,2026-05-21,3471.0,535206800.8
300230,100,2,永利股份,4.849999904632568,SZ,创业板,300230.SZ,2011-06-15,False,True,2011-06-15,2026-05-21,3498.0,68843625.6
300231,100,2,银信科技,1000.0150003433228,SZ,创业板,300231.SZ,2011-06-15,False,True,2011-06-15,2026-05-21,3610.0,210448409.6
300232,100,2,洲明科技,7.679999828338623,SZ,创业板,300232.SZ,2011-06-22,False,True,2011-06-22,2026-05-21,3534.0,202202685.2
300233,100,2,金城医药,1560.027500152588,SZ,创业板,300233.SZ,2011-06-22,False,True,2011-06-22,2026-05-21,3516.0,153511579.2
300234,100,2,开尔新材,6.070000171661377,SZ,创业板,300234.SZ,2011-06-22,False,True,2011-06-22,2026-05-21,3531.0,166236877.6
300235,100,2,方直科技,1192.0150003433228,SZ,创业板,300235.SZ,2011-06-29,False,True,2011-06-29,2026-05-21,3479.0,130944698.0
300236,100,2,上海新阳,78.0999984741211,SZ,创业板,300236.SZ,2011-06-29,False,True,2011-06-29,2026-05-21,3577.0,1543170819.2
300238,100,2,冠昊生物,1880.057499885559,SZ,创业板,300238.SZ,2011-07-06,False,True,2011-07-06,2026-05-21,3377.0,67186171.2
300239,100,2,东宝生物,5.53000020980835,SZ,创业板,300239.SZ,2011-07-06,False,True,2011-07-06,2026-05-21,3533.0,49639000.2
300240,100,2,飞力达,7.070000171661377,SZ,创业板,300240.SZ,2011-07-06,False,True,2011-07-06,2026-05-21,3459.0,54394395.2
300241,100,2,瑞丰光电,7.159999847412109,SZ,创业板,300241.SZ,2011-07-12,False,True,2011-07-12,2026-05-21,3483.0,311279087.2
300242,100,2,佳云科技,4.840000152587891,SZ,创业板,300242.SZ,2011-07-12,False,True,2011-07-12,2026-05-21,3321.0,127142391.6
300243,100,2,瑞丰高材,1624.0474996566772,SZ,创业板,300243.SZ,2011-07-12,False,True,2011-07-12,2026-05-21,3434.0,536605939.2
300244,100,2,迪安诊断,18.600000381469727,SZ,创业板,300244.SZ,2011-07-19,False,True,2011-07-19,2026-05-21,3509.0,662650790.4
300245,100,2,天玑科技,872.0550003051758,SZ,创业板,300245.SZ,2011-07-19,False,True,2011-07-19,2026-05-21,3590.0,186021826.2
300246,100,2,宝莱特,1448.045000076294,SZ,创业板,300246.SZ,2011-07-19,False,True,2011-07-19,2026-05-21,3598.0,254217312.8
300247,100,2,融捷健康,4.5,SZ,创业板,300247.SZ,2011-07-29,False,True,2011-07-29,2026-05-21,3340.0,134660441.6
300248,100,2,新开普,808.0150003433228,SZ,创业板,300248.SZ,2011-07-29,False,True,2011-07-29,2026-05-21,3448.0,104181977.0
300249,100,2,依米康,17.68000030517578,SZ,创业板,300249.SZ,2011-08-03,False,True,2011-08-03,2026-05-21,3471.0,738263648.0
300250,100,2,初灵信息,21.26000022888184,SZ,创业板,300250.SZ,2011-08-03,False,True,2011-08-03,2026-05-21,3470.0,188941668.8
300251,100,2,光线传媒,1928.020000457764,SZ,创业板,300251.SZ,2011-08-03,False,True,2011-08-03,2026-05-21,3474.0,940392158.4
300252,100,2,金信诺,1320.0249996185305,SZ,创业板,300252.SZ,2011-08-18,False,True,2011-08-18,2026-05-21,3436.0,699891214.4
300253,100,2,卫宁健康,184.0424995422364,SZ,创业板,300253.SZ,2011-08-18,False,True,2011-08-18,2026-05-21,3511.0,758242232.0
300254,100,2,仟源医药,872.0550003051758,SZ,创业板,300254.SZ,2011-08-19,False,True,2011-08-19,2026-05-21,3484.0,225569967.2
300255,100,2,常山药业,132.02999877929688,SZ,创业板,300255.SZ,2011-08-19,False,True,2011-08-19,2026-05-21,3550.0,792853611.2
300256,100,2,星星科技,6210.004374980927,SZ,创业板,300256.SZ,2011-08-19,False,True,2011-08-19,2026-05-21,3418.0,82536879.6
300257,100,2,开山股份,30.920000076293945,SZ,创业板,300257.SZ,2011-08-19,False,True,2011-08-19,2026-05-21,3529.0,552399558.4
300258,100,2,精锻科技,1160.0500001907349,SZ,创业板,300258.SZ,2011-08-26,False,True,2011-08-26,2026-05-21,3572.0,403533768.8
300259,100,2,新天科技,4.78000020980835,SZ,创业板,300259.SZ,2011-08-31,False,True,2011-08-31,2026-05-21,3547.0,344806829.4
300260,100,2,新莱应材,296.04999923706055,SZ,创业板,300260.SZ,2011-09-06,False,True,2011-09-06,2026-05-21,3487.0,1450469795.2
300261,100,2,雅本化学,6.590000152587891,SZ,创业板,300261.SZ,2011-09-06,False,True,2011-09-06,2026-05-21,3485.0,70723268.4
300263,100,2,隆华科技,536.0474996566772,SZ,创业板,300263.SZ,2011-09-16,False,True,2011-09-16,2026-05-21,3427.0,889783224.0
300264,100,2,佳创视讯,520.0200004577637,SZ,创业板,300264.SZ,2011-09-16,False,True,2011-09-16,2026-05-21,3544.0,231576428.4
300265,100,2,通光线缆,16.6200008392334,SZ,创业板,300265.SZ,2011-09-16,False,True,2011-09-16,2026-05-21,3429.0,1456603084.8
300266,100,2,兴源环境,2818.0025000572205,SZ,创业板,300266.SZ,2011-09-27,False,True,2011-09-27,2026-05-21,3160.0,55395493.5
300267,100,2,尔康制药,7042.0112500190735,SZ,创业板,300267.SZ,2011-09-27,False,True,2011-09-27,2026-05-21,3388.0,519603668.8
300269,100,2,联建光电,88.02750015258789,SZ,创业板,300269.SZ,2011-10-12,False,True,2011-10-12,2026-05-21,3281.0,176993958.8
300270,100,2,中威电子,648.0200004577637,SZ,创业板,300270.SZ,2011-10-12,False,True,2011-10-12,2026-05-21,3526.0,220014038.0
300271,100,2,华宇软件,7.110000133514404,SZ,创业板,300271.SZ,2011-10-26,False,True,2011-10-26,2026-05-21,3337.0,77283669.2
300272,100,2,开能健康,7.800000190734863,SZ,创业板,300272.SZ,2011-11-02,False,True,2011-11-02,2026-05-21,3371.0,136945523.4
300274,100,2,阳光电源,173.60000610351562,SZ,创业板,300274.SZ,2011-11-02,False,True,2011-11-02,2026-05-21,3504.0,11807290521.6
300275,100,2,梅安森,760.022500038147,SZ,创业板,300275.SZ,2011-11-02,False,True,2011-11-02,2026-05-21,3518.0,86308226.0
300276,100,2,三丰智能,7.139999866485596,SZ,创业板,300276.SZ,2011-11-15,False,True,2011-11-15,2026-05-21,3383.0,525696076.4
300277,100,2,海联讯,19.07999992370605,SZ,创业板,300277.SZ,2011-11-23,False,True,2011-11-23,2026-05-21,3438.0,606666872.0
300278,100,2,华昌达,4.829999923706055,SZ,创业板,300278.SZ,2011-12-16,False,True,2011-12-16,2026-05-21,2922.0,164678331.6
300279,100,2,和晶科技,616.0150003433228,SZ,创业板,300279.SZ,2011-12-29,False,True,2011-12-29,2026-05-21,3235.0,177355238.8
300281,100,2,金明精机,6.860000133514404,SZ,创业板,300281.SZ,2011-12-29,False,True,2011-12-29,2026-05-21,3435.0,88954056.5
300283,100,2,温州宏丰,7.730000019073486,SZ,创业板,300283.SZ,2012-01-10,False,True,2012-01-10,2026-05-21,3443.0,1379461182.4
300284,100,2,苏交科,6.75,SZ,创业板,300284.SZ,2012-01-10,False,True,2012-01-10,2026-05-21,3344.0,70013476.8
300285,100,2,国瓷材料,40.2400016784668,SZ,创业板,300285.SZ,2012-01-13,False,True,2012-01-13,2026-05-21,3347.0,2243276787.2
300286,100,2,安科瑞,27.739999771118164,SZ,创业板,300286.SZ,2012-01-13,False,True,2012-01-13,2026-05-21,3476.0,209729775.6
300287,100,2,飞利信,4.409999847412109,SZ,创业板,300287.SZ,2012-02-01,False,True,2012-02-01,2026-05-21,3332.0,217403358.4
300288,100,2,朗玛信息,1240.0474996566772,SZ,创业板,300288.SZ,2012-02-16,False,True,2012-02-16,2026-05-21,3285.0,59775486.8
300289,100,2,利德曼,6.5,SZ,创业板,300289.SZ,2012-02-16,False,True,2012-02-16,2026-05-21,3380.0,53751285.6
300290,100,2,荣科科技,1672.0,SZ,创业板,300290.SZ,2012-02-16,False,True,2012-02-16,2026-05-21,3162.0,444765603.2
300291,100,2,百纳千成,6.929999828338623,SZ,创业板,300291.SZ,2012-02-09,False,True,2012-02-09,2026-05-21,3231.0,173392921.2
300292,100,2,吴通控股,4.800000190734863,SZ,创业板,300292.SZ,2012-02-29,False,True,2012-02-29,2026-05-21,3062.0,986546590.4
300293,100,2,蓝英装备,17.3700008392334,SZ,创业板,300293.SZ,2012-03-08,False,True,2012-03-08,2026-05-21,3356.0,203826784.8
300294,100,2,博雅生物,19.530000686645508,SZ,创业板,300294.SZ,2012-03-08,False,True,2012-03-08,2026-05-21,3277.0,93195834.6
300295,100,2,三六五网,488.0349998474121,SZ,创业板,300295.SZ,2012-03-15,False,True,2012-03-15,2026-05-21,3296.0,131356312.2
300296,100,2,利亚德,7.960000038146973,SZ,创业板,300296.SZ,2012-03-15,False,True,2012-03-15,2026-05-21,3265.0,894591291.2
300298,100,2,三诺生物,16.219999313354492,SZ,创业板,300298.SZ,2012-03-19,False,True,2012-03-19,2026-05-21,3227.0,107942409.8
300299,100,2,富春股份,6.110000133514404,SZ,创业板,300299.SZ,2012-03-19,False,True,2012-03-19,2026-05-21,3078.0,108003685.6
300300,100,2,海峡创新,1000.0150003433228,SZ,创业板,300300.SZ,2012-03-19,False,True,2012-03-19,2026-05-21,3231.0,846540286.4
300302,100,2,同有科技,24.68000030517578,SZ,创业板,300302.SZ,2012-03-21,False,True,2012-03-21,2026-05-21,3409.0,2589491228.8
300303,100,2,聚飞光电,360.01500034332275,SZ,创业板,300303.SZ,2012-03-19,False,True,2012-03-19,2026-05-21,3425.0,1495476662.4
300304,100,2,云意电气,1256.005000114441,SZ,创业板,300304.SZ,2012-03-21,False,True,2012-03-21,2026-05-21,3413.0,255325006.4
300305,100,2,裕兴股份,6.199999809265137,SZ,创业板,300305.SZ,2012-03-29,False,True,2012-03-29,2026-05-21,3431.0,53513728.2
300306,100,2,远方信息,1144.0024995803833,SZ,创业板,300306.SZ,2012-03-29,False,True,2012-03-29,2026-05-21,3335.0,36163052.9
300307,100,2,慈星股份,6.699999809265137,SZ,创业板,300307.SZ,2012-03-29,False,True,2012-03-29,2026-05-21,3396.0,95626263.2
300308,100,2,中际旭创,612.0,SZ,创业板,300308.SZ,2012-04-10,False,True,2012-04-10,2026-05-21,3259.0,26057495449.6
300310,100,2,宜通世纪,6.409999847412109,SZ,创业板,300310.SZ,2012-04-25,False,True,2012-04-25,2026-05-21,3258.0,303252402.4
300314,100,2,戴维医疗,1272.0124998092651,SZ,创业板,300314.SZ,2012-05-08,False,True,2012-05-08,2026-05-21,3402.0,45908155.5
300315,100,2,掌趣科技,5.010000228881836,SZ,创业板,300315.SZ,2012-05-11,False,True,2012-05-11,2026-05-21,3025.0,331879025.6
300316,100,2,晶盛机电,248.2400016784668,SZ,创业板,300316.SZ,2012-05-11,False,True,2012-05-11,2026-05-21,3304.0,2048603584.0
300317,100,2,珈伟新能,6.150000095367432,SZ,创业板,300317.SZ,2012-05-11,False,True,2012-05-11,2026-05-21,3110.0,560837256.0
300318,100,2,博晖创新,5.920000076293945,SZ,创业板,300318.SZ,2012-05-23,False,True,2012-05-23,2026-05-21,3281.0,44574716.1
300319,100,2,麦捷科技,1240.0474996566772,SZ,创业板,300319.SZ,2012-05-23,False,True,2012-05-23,2026-05-21,3149.0,573333857.6
300320,100,2,海达股份,680.045000076294,SZ,创业板,300320.SZ,2012-06-01,False,True,2012-06-01,2026-05-21,3297.0,108630375.2
300321,100,2,同大股份,60.13999938964844,SZ,创业板,300321.SZ,2012-05-23,False,True,2012-05-23,2026-05-21,3399.0,125145956.5
300322,100,2,硕贝德,24.270000457763672,SZ,创业板,300322.SZ,2012-06-08,False,True,2012-06-08,2026-05-21,3129.0,1376992358.4
300323,100,2,华灿光电,760.022500038147,SZ,创业板,300323.SZ,2012-06-01,False,True,2012-06-01,2026-05-21,3040.0,2064434473.6
300324,100,2,旋极信息,5.099999904632568,SZ,创业板,300324.SZ,2012-06-08,False,True,2012-06-08,2026-05-21,3041.0,255401972.8
300327,100,2,中颖电子,25.01000022888184,SZ,创业板,300327.SZ,2012-06-13,False,True,2012-06-13,2026-05-21,3379.0,335368012.8
300328,100,2,宜安科技,17.489999771118164,SZ,创业板,300328.SZ,2012-06-19,False,True,2012-06-19,2026-05-21,3343.0,848464899.2
300329,100,2,海伦钢琴,1928.0,SZ,创业板,300329.SZ,2012-06-19,False,True,2012-06-19,2026-05-21,3348.0,63165672.8
300331,100,2,苏大维格,184.20999908447263,SZ,创业板,300331.SZ,2012-06-28,False,True,2012-06-28,2026-05-21,3217.0,868936273.6
300332,100,2,天壕能源,6.789999961853027,SZ,创业板,300332.SZ,2012-06-28,False,True,2012-06-28,2026-05-21,3148.0,186304482.8
300333,100,2,兆日科技,376.01249980926514,SZ,创业板,300333.SZ,2012-06-28,False,True,2012-06-28,2026-05-21,3374.0,198746554.6
300334,100,2,津膜科技,7.409999847412109,SZ,创业板,300334.SZ,2012-07-05,False,True,2012-07-05,2026-05-21,3157.0,71606693.4
300335,100,2,迪森股份,7.550000190734863,SZ,创业板,300335.SZ,2012-07-10,False,True,2012-07-10,2026-05-21,3216.0,195949618.0
300337,100,2,银邦股份,1112.0375003814695,SZ,创业板,300337.SZ,2012-07-18,False,True,2012-07-18,2026-05-21,3300.0,581586912.0
300339,100,2,润和软件,180.13000106811523,SZ,创业板,300339.SZ,2012-07-18,False,True,2012-07-18,2026-05-21,3209.0,1860615830.4
300340,100,2,科恒股份,808.0150003433228,SZ,创业板,300340.SZ,2012-07-26,False,True,2012-07-26,2026-05-21,3183.0,78085411.0
300341,100,2,麦克奥迪,1768.005000114441,SZ,创业板,300341.SZ,2012-07-26,False,True,2012-07-26,2026-05-21,3172.0,108283374.8
300342,100,2,天银机电,256.189998626709,SZ,创业板,300342.SZ,2012-07-26,False,True,2012-07-26,2026-05-21,3275.0,3765825337.6
300345,100,2,华民股份,7.489999771118164,SZ,创业板,300345.SZ,2012-08-01,False,True,2012-08-01,2026-05-21,3219.0,173812522.4
300346,100,2,南大光电,264.1199989318848,SZ,创业板,300346.SZ,2012-08-07,False,True,2012-08-07,2026-05-21,3282.0,3318749184.0
300347,100,2,泰格医药,320.20999908447266,SZ,创业板,300347.SZ,2012-08-17,False,True,2012-08-17,2026-05-21,3200.0,788190928.0
300348,100,2,长亮科技,1448.0249996185305,SZ,创业板,300348.SZ,2012-08-17,False,True,2012-08-17,2026-05-21,3161.0,196266506.4
300349,100,2,金卡智能,1512.0249996185305,SZ,创业板,300349.SZ,2012-08-17,False,True,2012-08-17,2026-05-21,3139.0,223199825.2
300350,100,2,华鹏飞,5.739999771118164,SZ,创业板,300350.SZ,2012-08-21,False,True,2012-08-21,2026-05-21,3144.0,75721765.4
300351,100,2,永贵电器,16.260000228881836,SZ,创业板,300351.SZ,2012-09-20,False,True,2012-09-20,2026-05-21,3177.0,537596969.6
300352,100,2,北信源,6.519999980926514,SZ,创业板,300352.SZ,2012-09-12,False,True,2012-09-12,2026-05-21,3203.0,361878780.2
300353,100,2,东土科技,20.549999237060547,SZ,创业板,300353.SZ,2012-09-27,False,True,2012-09-27,2026-05-21,2968.0,328678164.8
300354,100,2,东华测试,100.1500015258789,SZ,创业板,300354.SZ,2012-09-20,False,True,2012-09-20,2026-05-21,3314.0,114249958.4
300355,100,2,蒙草生态,7746.009375095367,SZ,创业板,300355.SZ,2012-09-27,False,True,2012-09-27,2026-05-21,3187.0,77105591.2
300357,100,2,我武生物,25.01000022888184,SZ,创业板,300357.SZ,2014-01-21,False,True,2014-01-21,2026-05-21,2993.0,251242157.2
300358,100,2,楚天科技,424.045000076294,SZ,创业板,300358.SZ,2014-01-21,False,True,2014-01-21,2026-05-21,2870.0,222103146.4
300359,100,2,全通教育,5.090000152587891,SZ,创业板,300359.SZ,2014-01-21,False,True,2014-01-21,2026-05-21,2825.0,46686173.5
300360,100,2,炬华科技,16.739999771118164,SZ,创业板,300360.SZ,2014-01-21,False,True,2014-01-21,2026-05-21,2906.0,114295411.6
300363,100,2,博腾股份,19.8700008392334,SZ,创业板,300363.SZ,2014-01-29,False,True,2014-01-29,2026-05-21,2877.0,385590493.6
300364,100,2,中文在线,25.81999969482422,SZ,创业板,300364.SZ,2015-01-21,False,True,2015-01-21,2026-05-21,2590.0,1669789904.0
300365,100,2,恒华科技,6.78000020980835,SZ,创业板,300365.SZ,2014-01-23,False,True,2014-01-23,2026-05-21,2930.0,118917788.8
300368,100,2,汇金股份,840.039999961853,SZ,创业板,300368.SZ,2014-01-23,False,True,2014-01-23,2026-05-21,2869.0,387630455.6
300369,100,2,绿盟科技,264.039999961853,SZ,创业板,300369.SZ,2014-01-29,False,True,2014-01-29,2026-05-21,2894.0,212776645.6
300370,100,2,安控科技,2946.0012500286102,SZ,创业板,300370.SZ,2014-01-23,False,True,2014-01-23,2026-05-21,2895.0,69263555.2
300371,100,2,汇中股份,1176.017499923706,SZ,创业板,300371.SZ,2014-01-23,False,True,2014-01-23,2026-05-21,2993.0,39658097.9
300373,100,2,扬杰科技,73.5,SZ,创业板,300373.SZ,2014-01-23,False,True,2014-01-23,2026-05-21,2948.0,1772097305.6
300374,100,2,中铁装配,1592.0524997711182,SZ,创业板,300374.SZ,2015-03-19,False,True,2015-03-19,2026-05-21,2583.0,40754749.6
300375,100,2,鹏翎股份,4.960000038146973,SZ,创业板,300375.SZ,2014-01-27,False,True,2014-01-27,2026-05-21,2945.0,85921131.0
300376,100,2,易事特,7.03000020980835,SZ,创业板,300376.SZ,2014-01-27,False,True,2014-01-27,2026-05-21,2867.0,165717219.6
300377,100,2,赢时胜,18.950000762939453,SZ,创业板,300377.SZ,2014-01-27,False,True,2014-01-27,2026-05-21,2944.0,447679780.8
300378,100,2,鼎捷数智,160.1699981689453,SZ,创业板,300378.SZ,2014-01-27,False,True,2014-01-27,2026-05-21,2986.0,569281758.4
300380,100,2,安硕信息,96.22000122070312,SZ,创业板,300380.SZ,2014-01-28,False,True,2014-01-28,2026-05-21,2990.0,156755274.4
300381,100,2,溢多利,6.880000114440918,SZ,创业板,300381.SZ,2014-01-28,False,True,2014-01-28,2026-05-21,2834.0,101889920.4
300382,100,2,斯莱克,904.0299997329712,SZ,创业板,300382.SZ,2014-01-29,False,True,2014-01-29,2026-05-21,2977.0,533950607.2
300383,100,2,光环新网,1928.020000457764,SZ,创业板,300383.SZ,2014-01-29,False,True,2014-01-29,2026-05-21,2799.0,2565451219.2
300384,100,2,三联虹普,2056.1200008392334,SZ,创业板,300384.SZ,2014-08-01,False,True,2014-08-01,2026-05-21,2751.0,54315124.2
300385,100,2,雪浪环境,1288.0100002288818,SZ,创业板,300385.SZ,2014-06-26,False,True,2014-06-26,2026-05-21,2870.0,244416870.4
300386,100,2,飞天诚信,1752.027500152588,SZ,创业板,300386.SZ,2014-06-26,False,True,2014-06-26,2026-05-21,2892.0,73477270.0
300387,100,2,富邦科技,232.02499961853027,SZ,创业板,300387.SZ,2014-07-02,False,True,2014-07-02,2026-05-21,2797.0,78335710.2
300388,100,2,节能国祯,72.03999996185303,SZ,创业板,300388.SZ,2014-08-01,False,True,2014-08-01,2026-05-21,2821.0,62191789.9
300389,100,2,艾比森,20.13999938964844,SZ,创业板,300389.SZ,2014-08-01,False,True,2014-08-01,2026-05-21,2860.0,173537867.6
300390,100,2,天华新能,284.0200004577637,SZ,创业板,300390.SZ,2014-07-31,False,True,2014-07-31,2026-05-21,2797.0,6921420608.0
300393,100,2,中来股份,520.0500001907349,SZ,创业板,300393.SZ,2014-09-12,False,True,2014-09-12,2026-05-21,2825.0,628953416.0
300394,100,2,天孚通信,312.0,SZ,创业板,300394.SZ,2015-02-17,False,True,2015-02-17,2026-05-21,2720.0,17247129011.2
300395,100,2,菲利华,97.87000274658205,SZ,创业板,300395.SZ,2014-09-10,False,True,2014-09-10,2026-05-21,2839.0,5415521459.2
300396,100,2,迪瑞医疗,984.0574998855592,SZ,创业板,300396.SZ,2014-09-10,False,True,2014-09-10,2026-05-21,2776.0,53978071.0
300397,100,2,天和防务,1064.005000114441,SZ,创业板,300397.SZ,2014-09-10,False,True,2014-09-10,2026-05-21,2800.0,358555419.2
300398,100,2,飞凯材料,25.76000022888184,SZ,创业板,300398.SZ,2014-10-09,False,True,2014-10-09,2026-05-21,2728.0,2169223260.8
300399,100,2,天利科技,21.6200008392334,SZ,创业板,300399.SZ,2014-10-09,False,True,2014-10-09,2026-05-21,2808.0,105887494.6
300400,100,2,劲拓股份,23.549999237060547,SZ,创业板,300400.SZ,2014-10-10,False,True,2014-10-10,2026-05-21,2822.0,481574993.6
300401,100,2,花园生物,1576.0150003433228,SZ,创业板,300401.SZ,2014-10-09,False,True,2014-10-09,2026-05-21,2806.0,198857061.6
300402,100,2,宝色股份,19.440000534057617,SZ,创业板,300402.SZ,2014-10-10,False,True,2014-10-10,2026-05-21,2735.0,68584397.0
300403,100,2,汉宇集团,952.0524997711182,SZ,创业板,300403.SZ,2014-10-30,False,True,2014-10-30,2026-05-21,2808.0,171069271.2
300404,100,2,博济医药,408.0275001525879,SZ,创业板,300404.SZ,2015-04-24,False,True,2015-04-24,2026-05-21,2621.0,141479886.8
300405,100,2,科隆股份,6.289999961853027,SZ,创业板,300405.SZ,2014-10-30,False,True,2014-10-30,2026-05-21,2721.0,81044166.0
300406,100,2,九强生物,1032.0200004577637,SZ,创业板,300406.SZ,2014-10-30,False,True,2014-10-30,2026-05-21,2808.0,83256806.0
300407,100,2,凯发电气,1224.0100002288818,SZ,创业板,300407.SZ,2014-12-03,False,True,2014-12-03,2026-05-21,2665.0,96396536.2
300408,100,2,三环集团,392.0,SZ,创业板,300408.SZ,2014-12-03,False,True,2014-12-03,2026-05-21,2774.0,3140773030.4
300409,100,2,道氏技术,25.26000022888184,SZ,创业板,300409.SZ,2014-12-03,False,True,2014-12-03,2026-05-21,2694.0,959590438.4
300410,100,2,正业科技,88.02750015258789,SZ,创业板,300410.SZ,2014-12-31,False,True,2014-12-31,2026-05-21,2544.0,225503298.0
300411,100,2,金盾股份,584.0200004577637,SZ,创业板,300411.SZ,2014-12-31,False,True,2014-12-31,2026-05-21,2483.0,49423419.9
300412,100,2,迦南科技,5.329999923706055,SZ,创业板,300412.SZ,2014-12-31,False,True,2014-12-31,2026-05-21,2669.0,63009648.6
300413,100,2,芒果超媒,21.31999969482422,SZ,创业板,300413.SZ,2015-01-21,False,True,2015-01-21,2026-05-21,2491.0,318370096.0
300414,100,2,中光防雷,1416.0100002288818,SZ,创业板,300414.SZ,2015-05-13,False,True,2015-05-13,2026-05-21,2469.0,152614800.8
300415,100,2,伊之密,25.0,SZ,创业板,300415.SZ,2015-01-23,False,True,2015-01-23,2026-05-21,2740.0,252394309.6
300416,100,2,苏试试验,16.68000030517578,SZ,创业板,300416.SZ,2015-01-22,False,True,2015-01-22,2026-05-21,2741.0,315807093.6
300417,100,2,南华仪器,1208.0424995422363,SZ,创业板,300417.SZ,2015-01-23,False,True,2015-01-23,2026-05-21,2749.0,66493053.6
300418,100,2,昆仑万维,376.1199989318848,SZ,创业板,300418.SZ,2015-01-21,False,True,2015-01-21,2026-05-21,2680.0,2974675308.8
300420,100,2,五洋自控,6978.006875038147,SZ,创业板,300420.SZ,2015-02-17,False,True,2015-02-17,2026-05-21,2576.0,231659954.0
300421,100,2,力星股份,23.32999992370605,SZ,创业板,300421.SZ,2015-02-17,False,True,2015-02-17,2026-05-21,2691.0,430147660.8
300422,100,2,博世科,4.820000171661377,SZ,创业板,300422.SZ,2015-02-17,False,True,2015-02-17,2026-05-21,2710.0,176408634.0
300423,100,2,昇辉科技,216.01749992370603,SZ,创业板,300423.SZ,2015-02-17,False,True,2015-02-17,2026-05-21,2464.0,91983442.6
300424,100,2,航新科技,16.459999084472656,SZ,创业板,300424.SZ,2015-04-22,False,True,2015-04-22,2026-05-21,2627.0,282126407.6
300425,100,2,中建环能,4.889999866485596,SZ,创业板,300425.SZ,2015-02-16,False,True,2015-02-16,2026-05-21,2598.0,42069294.3
300426,100,2,华智数媒,8.029999732971191,SZ,创业板,300426.SZ,2015-02-17,False,True,2015-02-17,2026-05-21,2647.0,70660074.2
300427,100,2,红相股份,1128.034999847412,SZ,创业板,300427.SZ,2015-02-17,False,True,2015-02-17,2026-05-21,2526.0,330069434.4
300428,100,2,立中集团,20.82999992370605,SZ,创业板,300428.SZ,2015-03-19,False,True,2015-03-19,2026-05-21,2544.0,227558504.8
300429,100,2,强力新材,1288.039999961853,SZ,创业板,300429.SZ,2015-03-24,False,True,2015-03-24,2026-05-21,2616.0,414644008.0
300430,100,2,诚益通,18.84000015258789,SZ,创业板,300430.SZ,2015-03-19,False,True,2015-03-19,2026-05-21,2643.0,146410027.2
300432,100,2,富临精工,21.229999542236328,SZ,创业板,300432.SZ,2015-03-19,False,True,2015-03-19,2026-05-21,2628.0,1703457974.4
300433,100,2,蓝思科技,29.350000381469727,SZ,创业板,300433.SZ,2015-03-18,False,True,2015-03-18,2026-05-21,2691.0,4494070694.4
300434,100,2,金石亚药,456.0,SZ,创业板,300434.SZ,2015-04-24,False,True,2015-04-24,2026-05-21,2567.0,213668398.2
300435,100,2,中泰股份,25.88999938964844,SZ,创业板,300435.SZ,2015-03-26,False,True,2015-03-26,2026-05-21,2699.0,434298440.8
300436,100,2,广生堂,103.18000030517578,SZ,创业板,300436.SZ,2015-04-22,False,True,2015-04-22,2026-05-21,2641.0,1116570732.8
300437,100,2,清水源,16.149999618530273,SZ,创业板,300437.SZ,2015-04-23,False,True,2015-04-23,2026-05-21,2569.0,198212349.2
300438,100,2,鹏辉能源,488.1100006103516,SZ,创业板,300438.SZ,2015-04-24,False,True,2015-04-24,2026-05-21,2641.0,3506567660.8
300439,100,2,美康生物,488.0050001144409,SZ,创业板,300439.SZ,2015-04-22,False,True,2015-04-22,2026-05-21,2688.0,43008721.9
300440,100,2,运达科技,1560.0375003814695,SZ,创业板,300440.SZ,2015-04-23,False,True,2015-04-23,2026-05-21,2556.0,274802527.2
300441,100,2,鲍斯股份,7.480000019073486,SZ,创业板,300441.SZ,2015-04-23,False,True,2015-04-23,2026-05-21,2445.0,39384303.2
300442,100,2,润泽科技,85.97000122070312,SZ,创业板,300442.SZ,2015-04-24,False,True,2015-04-24,2026-05-21,2674.0,6731541580.8
300443,100,2,金雷股份,31.09000015258789,SZ,创业板,300443.SZ,2015-04-22,False,True,2015-04-22,2026-05-21,2681.0,366477425.6
300444,100,2,双杰电气,1592.0424995422363,SZ,创业板,300444.SZ,2015-04-23,False,True,2015-04-23,2026-05-21,2584.0,1552389529.6
300445,100,2,康斯特,19.809999465942383,SZ,创业板,300445.SZ,2015-04-24,False,True,2015-04-24,2026-05-21,2690.0,133878778.6
300446,100,2,航天智造,20.07999992370605,SZ,创业板,300446.SZ,2015-04-23,False,True,2015-04-23,2026-05-21,2678.0,225311350.4
300447,100,2,全信股份,18.530000686645508,SZ,创业板,300447.SZ,2015-04-22,False,True,2015-04-22,2026-05-21,2593.0,227969268.0
300448,100,2,浩云科技,7.800000190734863,SZ,创业板,300448.SZ,2015-04-24,False,True,2015-04-24,2026-05-21,2684.0,235235973.6
300449,100,2,汉邦高科,7.840000152587891,SZ,创业板,300449.SZ,2015-04-22,False,True,2015-04-22,2026-05-21,2593.0,318820225.2
300450,100,2,先导智能,304.0099983215332,SZ,创业板,300450.SZ,2015-05-18,False,True,2015-05-18,2026-05-21,2526.0,3542308044.8
300451,100,2,创业慧康,4.760000228881836,SZ,创业板,300451.SZ,2015-05-14,False,True,2015-05-14,2026-05-21,2597.0,128830289.6
300452,100,2,山河药辅,1688.0474996566772,SZ,创业板,300452.SZ,2015-05-15,False,True,2015-05-15,2026-05-21,2676.0,70519884.6
300453,100,2,三鑫医疗,376.0325002670288,SZ,创业板,300453.SZ,2015-05-15,False,True,2015-05-15,2026-05-21,2666.0,165573405.2
300454,100,2,深信服,110.47000122070312,SZ,创业板,300454.SZ,2018-05-16,False,True,2018-05-16,2026-05-21,1944.0,1823802409.6
300455,100,2,航天智装,22.89999961853028,SZ,创业板,300455.SZ,2015-05-15,False,True,2015-05-15,2026-05-21,2543.0,400157150.4
300456,100,2,赛微电子,248.1500015258789,SZ,创业板,300456.SZ,2015-05-14,False,True,2015-05-14,2026-05-21,2526.0,3309456556.8
300457,100,2,赢合科技,24.290000915527344,SZ,创业板,300457.SZ,2015-05-14,False,True,2015-05-14,2026-05-21,2616.0,593064084.8
300458,100,2,全志科技,92.18000030517578,SZ,创业板,300458.SZ,2015-05-15,False,True,2015-05-15,2026-05-21,2666.0,1716848470.4
300459,100,2,汤姆猫,4.369999885559082,SZ,创业板,300459.SZ,2015-05-15,False,True,2015-05-15,2026-05-21,2457.0,468378491.2
300461,100,2,田中精机,236.1699981689453,SZ,创业板,300461.SZ,2015-05-19,False,True,2015-05-19,2026-05-21,2461.0,698323824.0
300463,100,2,迈克生物,792.0574998855591,SZ,创业板,300463.SZ,2015-05-28,False,True,2015-05-28,2026-05-21,2666.0,79597799.6
300464,100,2,星徽股份,7.210000038146973,SZ,创业板,300464.SZ,2015-06-10,False,True,2015-06-10,2026-05-21,2476.0,159533621.6
300465,100,2,高伟达,2056.110000610352,SZ,创业板,300465.SZ,2015-05-28,False,True,2015-05-28,2026-05-21,2571.0,195328940.0
300466,100,2,赛摩智能,200.0299997329712,SZ,创业板,300466.SZ,2015-05-28,False,True,2015-05-28,2026-05-21,2310.0,100263759.8
300467,100,2,迅游科技,28.81999969482422,SZ,创业板,300467.SZ,2015-05-27,False,True,2015-05-27,2026-05-21,2466.0,338336796.4
300468,100,2,四方精创,92.06999969482422,SZ,创业板,300468.SZ,2015-05-27,False,True,2015-05-27,2026-05-21,2635.0,551661068.8
300469,100,2,信息发展,536.1800003051758,SZ,创业板,300469.SZ,2015-06-11,False,True,2015-06-11,2026-05-21,2549.0,605649836.8
300470,100,2,中密控股,104.1500015258789,SZ,创业板,300470.SZ,2015-06-12,False,True,2015-06-12,2026-05-21,2656.0,120128619.0
300471,100,2,厚普股份,1352.0100002288818,SZ,创业板,300471.SZ,2015-06-11,False,True,2015-06-11,2026-05-21,2647.0,119910958.0
300473,100,2,德尔股份,56.220001220703125,SZ,创业板,300473.SZ,2015-06-12,False,True,2015-06-12,2026-05-21,2581.0,218205450.0
300474,100,2,景嘉微,544.4300003051758,SZ,创业板,300474.SZ,2016-03-31,False,True,2016-03-31,2026-05-21,2454.0,897565966.4
300475,100,2,香农芯创,157.14999389648438,SZ,创业板,300475.SZ,2015-06-10,False,True,2015-06-10,2026-05-21,2629.0,8689517555.2
300476,100,2,胜宏科技,278.7200012207031,SZ,创业板,300476.SZ,2015-06-11,False,True,2015-06-11,2026-05-21,2652.0,16471465164.8
300478,100,2,杭州高新,23.43000030517578,SZ,创业板,300478.SZ,2015-06-10,False,True,2015-06-10,2026-05-21,2561.0,238990159.2
300479,100,2,神思电子,19.350000381469727,SZ,创业板,300479.SZ,2015-06-12,False,True,2015-06-12,2026-05-21,2558.0,107164441.4
300480,100,2,光力科技,29.15999984741211,SZ,创业板,300480.SZ,2015-07-02,False,True,2015-07-02,2026-05-21,2576.0,1052926630.4
300481,100,2,濮阳惠成,16.200000762939453,SZ,创业板,300481.SZ,2015-06-30,False,True,2015-06-30,2026-05-21,2624.0,146591532.4
300482,100,2,万孚生物,19.739999771118164,SZ,创业板,300482.SZ,2015-06-30,False,True,2015-06-30,2026-05-21,2636.0,131586099.0
300483,100,2,首华燃气,23.21999931335449,SZ,创业板,300483.SZ,2015-06-30,False,True,2015-06-30,2026-05-21,2565.0,699337419.2
300484,100,2,蓝海华腾,16.8700008392334,SZ,创业板,300484.SZ,2016-03-22,False,True,2016-03-22,2026-05-21,2468.0,119972710.4
300485,100,2,赛升药业,664.017499923706,SZ,创业板,300485.SZ,2015-06-26,False,True,2015-06-26,2026-05-21,2647.0,79522162.0
300486,100,2,东杰智能,25.32999992370605,SZ,创业板,300486.SZ,2015-06-30,False,True,2015-06-30,2026-05-21,2495.0,294646356.8
300487,100,2,蓝晓科技,65.73999786376953,SZ,创业板,300487.SZ,2015-07-02,False,True,2015-07-02,2026-05-21,2634.0,283646730.4
300488,100,2,恒锋工具,27.46999931335449,SZ,创业板,300488.SZ,2015-07-01,False,True,2015-07-01,2026-05-21,2504.0,371960740.0
300489,100,2,光智科技,184.2299995422364,SZ,创业板,300489.SZ,2015-07-01,False,True,2015-07-01,2026-05-21,2634.0,1519765286.4
300490,100,2,华自科技,16.170000076293945,SZ,创业板,300490.SZ,2015-12-31,False,True,2015-12-31,2026-05-21,2377.0,587852678.4
300491,100,2,通合科技,25.200000762939453,SZ,创业板,300491.SZ,2015-12-31,False,True,2015-12-31,2026-05-21,2431.0,205836794.4
300492,100,2,华图山鼎,520.1500015258789,SZ,创业板,300492.SZ,2015-12-23,False,True,2015-12-23,2026-05-21,2329.0,131641189.2
300493,100,2,润欣科技,16.399999618530273,SZ,创业板,300493.SZ,2015-12-10,False,True,2015-12-10,2026-05-21,2526.0,257652667.6
300494,100,2,盛天网络,1000.0249996185304,SZ,创业板,300494.SZ,2015-12-31,False,True,2015-12-31,2026-05-21,2520.0,118183648.4
300496,100,2,中科创达,520.1699981689453,SZ,创业板,300496.SZ,2015-12-10,False,True,2015-12-10,2026-05-21,2473.0,1166474361.6
300497,100,2,富祥药业,1784.022500038147,SZ,创业板,300497.SZ,2015-12-22,False,True,2015-12-22,2026-05-21,2527.0,827575166.4
300498,100,2,温氏股份,17.219999313354492,SZ,创业板,300498.SZ,2015-11-02,False,True,2015-11-02,2026-05-21,2552.0,857431670.4
300499,100,2,高澜股份,144.2400016784668,SZ,创业板,300499.SZ,2016-02-02,False,True,2016-02-02,2026-05-21,2498.0,1754756995.2
300500,100,2,启迪设计,872.0550003051758,SZ,创业板,300500.SZ,2016-02-04,False,True,2016-02-04,2026-05-21,2431.0,63055053.1
300501,100,2,海顺新材,1944.057499885559,SZ,创业板,300501.SZ,2016-02-04,False,True,2016-02-04,2026-05-21,2496.0,175316976.4
300502,100,2,新易盛,477.0499877929688,SZ,创业板,300502.SZ,2016-03-03,False,True,2016-03-03,2026-05-21,2479.0,23475733401.6
300503,100,2,昊志机电,312.2299995422363,SZ,创业板,300503.SZ,2016-03-09,False,True,2016-03-09,2026-05-21,2472.0,1928282220.8
300504,100,2,天邑股份,1976.012499809265,SZ,创业板,300504.SZ,2018-03-30,False,True,2018-03-30,2026-05-21,1973.0,210149190.4
300505,100,2,川金诺,31.280000686645508,SZ,创业板,300505.SZ,2016-03-15,False,True,2016-03-15,2026-05-21,2468.0,417062492.0
300507,100,2,苏奥传感,88.03750038146973,SZ,创业板,300507.SZ,2016-04-29,False,True,2016-04-29,2026-05-21,2433.0,201237767.2
300508,100,2,维宏股份,108.13999938964844,SZ,创业板,300508.SZ,2016-04-19,False,True,2016-04-19,2026-05-21,2445.0,203493461.8
300509,100,2,新美星,1112.0375003814695,SZ,创业板,300509.SZ,2016-04-25,False,True,2016-04-25,2026-05-21,2441.0,114062010.8
300510,100,2,金冠股份,4.730000019073486,SZ,创业板,300510.SZ,2016-05-06,False,True,2016-05-06,2026-05-21,2167.0,95643269.4
300511,100,2,雪榕生物,6.760000228881836,SZ,创业板,300511.SZ,2016-05-04,False,True,2016-05-04,2026-05-21,2434.0,300561564.4
300512,100,2,中亚股份,264.039999961853,SZ,创业板,300512.SZ,2016-05-26,False,True,2016-05-26,2026-05-21,2423.0,36642427.1
300513,100,2,恒实科技,296.0249996185303,SZ,创业板,300513.SZ,2016-05-30,False,True,2016-05-30,2026-05-21,2322.0,64806620.0
300514,100,2,友讯达,1336.0325002670288,SZ,创业板,300514.SZ,2017-04-26,False,True,2017-04-26,2026-05-21,2201.0,52916164.1
300515,100,2,三德科技,18.14999961853028,SZ,创业板,300515.SZ,2016-06-08,False,True,2016-06-08,2026-05-21,2412.0,62848808.6
300516,100,2,久之洋,468.1100006103516,SZ,创业板,300516.SZ,2016-06-02,False,True,2016-06-02,2026-05-21,2418.0,255140811.2
300517,100,2,海波重科,824.0124998092651,SZ,创业板,300517.SZ,2016-07-19,False,True,2016-07-19,2026-05-21,2387.0,76295433.4
300518,100,2,新迅达,19.21999931335449,SZ,创业板,300518.SZ,2016-06-24,False,True,2016-06-24,2026-05-21,2266.0,474105732.0
300519,100,2,新光药业,1880.017499923706,SZ,创业板,300519.SZ,2016-06-24,False,True,2016-06-24,2026-05-21,2399.0,48673179.6
300520,100,2,科大国创,124.06000137329102,SZ,创业板,300520.SZ,2016-07-08,False,True,2016-07-08,2026-05-21,2383.0,536246542.4
300521,100,2,爱司凯,27.780000686645508,SZ,创业板,300521.SZ,2016-07-05,False,True,2016-07-05,2026-05-21,2372.0,102620521.6
300522,100,2,世名科技,840.0100002288818,SZ,创业板,300522.SZ,2016-07-05,False,True,2016-07-05,2026-05-21,2392.0,83767799.8
300523,100,2,辰安科技,21.700000762939453,SZ,创业板,300523.SZ,2016-07-26,False,True,2016-07-26,2026-05-21,2297.0,123870848.8
300525,100,2,博思软件,712.039999961853,SZ,创业板,300525.SZ,2016-07-26,False,True,2016-07-26,2026-05-21,2357.0,144578281.6
300528,100,2,幸福蓝海,1992.0299997329712,SZ,创业板,300528.SZ,2016-08-08,False,True,2016-08-08,2026-05-21,2373.0,239705344.4
300529,100,2,健帆生物,18.25,SZ,创业板,300529.SZ,2016-08-02,False,True,2016-08-02,2026-05-21,2377.0,137440151.6
300530,100,2,领湃科技,26.3700008392334,SZ,创业板,300530.SZ,2016-08-09,False,True,2016-08-09,2026-05-21,2360.0,60745965.2
300531,100,2,优博讯,17.649999618530273,SZ,创业板,300531.SZ,2016-08-09,False,True,2016-08-09,2026-05-21,2367.0,328874800.8
300532,100,2,今天国际,760.0124998092651,SZ,创业板,300532.SZ,2016-08-18,False,True,2016-08-18,2026-05-21,2365.0,101765042.6
300533,100,2,冰川网络,28.8799991607666,SZ,创业板,300533.SZ,2016-08-18,False,True,2016-08-18,2026-05-21,2365.0,322158616.8
300534,100,2,陇神戎发,312.0424995422363,SZ,创业板,300534.SZ,2016-09-13,False,True,2016-09-13,2026-05-21,2332.0,56463808.8
300535,100,2,达威股份,19.90999984741211,SZ,创业板,300535.SZ,2016-08-12,False,True,2016-08-12,2026-05-21,2296.0,59396096.0
300536,100,2,农尚环境,120.02250003814696,SZ,创业板,300536.SZ,2016-09-20,False,True,2016-09-20,2026-05-21,2342.0,257849397.8
300537,100,2,广信材料,21.81999969482422,SZ,创业板,300537.SZ,2016-08-30,False,True,2016-08-30,2026-05-21,2279.0,432736944.8
300538,100,2,同益股份,1720.022500038147,SZ,创业板,300538.SZ,2016-08-26,False,True,2016-08-26,2026-05-21,2359.0,105332107.6
300539,100,2,横河精密,27.229999542236328,SZ,创业板,300539.SZ,2016-08-30,False,True,2016-08-30,2026-05-21,2356.0,403809516.0
300540,100,2,蜀道装备,19.18000030517578,SZ,创业板,300540.SZ,2016-08-23,False,True,2016-08-23,2026-05-21,2352.0,873281251.2
300541,100,2,先进数通,1640.0249996185305,SZ,创业板,300541.SZ,2016-09-13,False,True,2016-09-13,2026-05-21,2347.0,180201767.2
300542,100,2,新晨科技,2056.069999694824,SZ,创业板,300542.SZ,2016-09-20,False,True,2016-09-20,2026-05-21,2334.0,67992856.4
300543,100,2,朗科智能,552.0349998474121,SZ,创业板,300543.SZ,2016-09-08,False,True,2016-09-08,2026-05-21,2268.0,57752870.3
300545,100,2,联得装备,36.09999847412109,SZ,创业板,300545.SZ,2016-09-28,False,True,2016-09-28,2026-05-21,2338.0,344789901.6
300546,100,2,雄帝科技,22.18000030517578,SZ,创业板,300546.SZ,2016-09-28,False,True,2016-09-28,2026-05-21,2338.0,121594451.4
300547,100,2,川环科技,30.56999969482422,SZ,创业板,300547.SZ,2016-09-30,False,True,2016-09-30,2026-05-21,2336.0,705178588.8
300548,100,2,长芯博创,146.1300048828125,SZ,创业板,300548.SZ,2016-10-12,False,True,2016-10-12,2026-05-21,2329.0,4505007756.8
300549,100,2,优德精密,17.020000457763672,SZ,创业板,300549.SZ,2016-09-30,False,True,2016-09-30,2026-05-21,2336.0,44283231.8
300550,100,2,和仁科技,1144.0024995803833,SZ,创业板,300550.SZ,2016-10-18,False,True,2016-10-18,2026-05-21,2329.0,128611011.2
300551,100,2,古鳌科技,1784.0424995422363,SZ,创业板,300551.SZ,2016-10-18,False,True,2016-10-18,2026-05-21,2316.0,158487866.0
300552,100,2,万集科技,27.690000534057617,SZ,创业板,300552.SZ,2016-10-21,False,True,2016-10-21,2026-05-21,2326.0,207344569.2
300553,100,2,集智股份,100.15999984741212,SZ,创业板,300553.SZ,2016-10-21,False,True,2016-10-21,2026-05-21,2326.0,295070101.2
300554,100,2,三超新材,22.68000030517578,SZ,创业板,300554.SZ,2017-04-21,False,True,2017-04-21,2026-05-21,2201.0,133648971.0
300556,100,2,丝路视觉,17.899999618530273,SZ,创业板,300556.SZ,2016-11-04,False,True,2016-11-04,2026-05-21,2316.0,146219799.2
300557,100,2,理工光科,80.04999923706055,SZ,创业板,300557.SZ,2016-11-01,False,True,2016-11-01,2026-05-21,2319.0,197034027.2
300558,100,2,贝达药业,200.0999984741211,SZ,创业板,300558.SZ,2016-11-07,False,True,2016-11-07,2026-05-21,2315.0,715789482.4
300559,100,2,佳发教育,1176.027500152588,SZ,创业板,300559.SZ,2016-11-01,False,True,2016-11-01,2026-05-21,2319.0,295811426.0
300560,100,2,中富通,1736.0,SZ,创业板,300560.SZ,2016-11-01,False,True,2016-11-01,2026-05-21,2319.0,193546119.6
300562,100,2,乐心医疗,1304.0375003814695,SZ,创业板,300562.SZ,2016-11-16,False,True,2016-11-16,2026-05-21,2305.0,119090658.8
300563,100,2,神宇股份,30.86000061035156,SZ,创业板,300563.SZ,2016-11-14,False,True,2016-11-14,2026-05-21,2310.0,124956441.2
300564,100,2,筑博设计,1672.0600004196167,SZ,创业板,300564.SZ,2019-11-08,False,True,2019-11-08,2026-05-21,1582.0,74386368.0
300565,100,2,科信技术,1544.0299997329712,SZ,创业板,300565.SZ,2016-11-22,False,True,2016-11-22,2026-05-21,2304.0,359663938.8
300566,100,2,激智科技,19.15999984741211,SZ,创业板,300566.SZ,2016-11-15,False,True,2016-11-15,2026-05-21,2299.0,191930613.2
300567,100,2,精测电子,129.44000244140625,SZ,创业板,300567.SZ,2016-11-22,False,True,2016-11-22,2026-05-21,2304.0,2068161680.0
300568,100,2,星源材质,1704.0550003051758,SZ,创业板,300568.SZ,2016-12-01,False,True,2016-12-01,2026-05-21,2297.0,1737715520.0
300569,100,2,天能重工,7.460000038146973,SZ,创业板,300569.SZ,2016-11-25,False,True,2016-11-25,2026-05-21,2296.0,207954184.4
300570,100,2,太辰光,119.16000366210938,SZ,创业板,300570.SZ,2016-12-06,False,True,2016-12-06,2026-05-21,2294.0,4687169881.6
300571,100,2,平治信息,44.13999938964844,SZ,创业板,300571.SZ,2016-12-13,False,True,2016-12-13,2026-05-21,2284.0,1368927059.2
300572,100,2,安车检测,24.280000686645508,SZ,创业板,300572.SZ,2016-12-06,False,True,2016-12-06,2026-05-21,2289.0,284016549.2
300573,100,2,兴齐眼药,67.83000183105469,SZ,创业板,300573.SZ,2016-12-08,False,True,2016-12-08,2026-05-21,2292.0,421833467.2
300575,100,2,中旗股份,6.199999809265137,SZ,创业板,300575.SZ,2016-12-20,False,True,2016-12-20,2026-05-21,2284.0,116615950.0
300576,100,2,容大感光,84.15999984741211,SZ,创业板,300576.SZ,2016-12-20,False,True,2016-12-20,2026-05-21,2274.0,898131297.6
300577,100,2,开润股份,18.71999931335449,SZ,创业板,300577.SZ,2016-12-21,False,True,2016-12-21,2026-05-21,2283.0,60335787.0
300578,100,2,会畅科技,20.670000076293945,SZ,创业板,300578.SZ,2017-01-25,False,True,2017-01-25,2026-05-21,2185.0,174667442.8
300579,100,2,数字认证,28.8799991607666,SZ,创业板,300579.SZ,2016-12-23,False,True,2016-12-23,2026-05-21,2281.0,90573036.8
300580,100,2,贝斯特,21.670000076293945,SZ,创业板,300580.SZ,2017-01-11,False,True,2017-01-11,2026-05-21,2161.0,411160336.8
300581,100,2,晨曦航空,1256.005000114441,SZ,创业板,300581.SZ,2016-12-20,False,True,2016-12-20,2026-05-21,2284.0,148786495.6
300582,100,2,英飞特,1672.0100002288818,SZ,创业板,300582.SZ,2016-12-28,False,True,2016-12-28,2026-05-21,2236.0,354698792.4
300583,100,2,赛托生物,1528.0424995422363,SZ,创业板,300583.SZ,2017-01-06,False,True,2017-01-06,2026-05-21,2272.0,58551655.1
300584,100,2,海辰药业,164.1500015258789,SZ,创业板,300584.SZ,2017-01-12,False,True,2017-01-12,2026-05-21,2268.0,141166838.8
300585,100,2,奥联电子,1864.0500001907349,SZ,创业板,300585.SZ,2016-12-29,False,True,2016-12-29,2026-05-21,2266.0,221401558.8
300586,100,2,美联新材,312.0325002670288,SZ,创业板,300586.SZ,2017-01-04,False,True,2017-01-04,2026-05-21,2182.0,400612596.0
300587,100,2,天铁科技,5.940000057220459,SZ,创业板,300587.SZ,2017-01-05,False,True,2017-01-05,2026-05-21,2273.0,189689024.0
300588,100,2,熙菱信息,24.459999084472656,SZ,创业板,300588.SZ,2017-01-05,False,True,2017-01-05,2026-05-21,2268.0,117549668.6
300589,100,2,江龙船艇,1976.0024995803835,SZ,创业板,300589.SZ,2017-01-13,False,True,2017-01-13,2026-05-21,2267.0,350622828.8
300590,100,2,移为通信,856.0474996566772,SZ,创业板,300590.SZ,2017-01-11,False,True,2017-01-11,2026-05-21,2165.0,533056861.0
300591,100,2,万里马,7.079999923706055,SZ,创业板,300591.SZ,2017-01-10,False,True,2017-01-10,2026-05-21,2270.0,187320940.6
300592,100,2,华凯易佰,1016.0325002670288,SZ,创业板,300592.SZ,2017-01-20,False,True,2017-01-20,2026-05-21,2241.0,171790086.8
300593,100,2,新雷能,24.450000762939453,SZ,创业板,300593.SZ,2017-01-13,False,True,2017-01-13,2026-05-21,2226.0,835768804.8
300594,100,2,朗进科技,27.61000061035156,SZ,创业板,300594.SZ,2019-06-21,False,True,2019-06-21,2026-05-21,1675.0,122144536.6
300595,100,2,欧普康视,1736.0200004577637,SZ,创业板,300595.SZ,2017-01-17,False,True,2017-01-17,2026-05-21,2265.0,149754527.2
300596,100,2,利安隆,192.0999984741211,SZ,创业板,300596.SZ,2017-01-19,False,True,2017-01-19,2026-05-21,2253.0,297880746.4
300597,100,2,吉大通信,312.0024995803833,SZ,创业板,300597.SZ,2017-01-23,False,True,2017-01-23,2026-05-21,2256.0,61435468.8
300598,100,2,诚迈科技,148.06000137329102,SZ,创业板,300598.SZ,2017-01-20,False,True,2017-01-20,2026-05-21,2257.0,284357011.2
300599,100,2,雄塑科技,328.05000019073486,SZ,创业板,300599.SZ,2017-01-23,False,True,2017-01-23,2026-05-21,2251.0,228483577.6
300600,100,2,国瑞科技,1096.0500001907349,SZ,创业板,300600.SZ,2017-01-25,False,True,2017-01-25,2026-05-21,2257.0,132197967.2
300601,100,2,康泰生物,1560.0375003814695,SZ,创业板,300601.SZ,2017-02-07,False,True,2017-02-07,2026-05-21,2255.0,284319900.8
300602,100,2,飞荣达,36.06999969482422,SZ,创业板,300602.SZ,2017-01-26,False,True,2017-01-26,2026-05-21,2258.0,1112241987.2
300603,100,2,立昂技术,712.0,SZ,创业板,300603.SZ,2017-01-26,False,True,2017-01-26,2026-05-21,2097.0,417584634.4
300604,100,2,长川科技,123.62000274658205,SZ,创业板,300604.SZ,2017-04-17,False,True,2017-04-17,2026-05-21,2197.0,6406363904.0
300605,100,2,恒锋信息,1544.0100002288818,SZ,创业板,300605.SZ,2017-02-08,False,True,2017-02-08,2026-05-21,2254.0,87198205.4
300606,100,2,金太阳,100.06000137329102,SZ,创业板,300606.SZ,2017-02-08,False,True,2017-02-08,2026-05-21,2254.0,502681404.8
300607,100,2,拓斯达,24.989999771118164,SZ,创业板,300607.SZ,2017-02-09,False,True,2017-02-09,2026-05-21,2241.0,966425544.0
300608,100,2,思特奇,904.039999961853,SZ,创业板,300608.SZ,2017-02-13,False,True,2017-02-13,2026-05-21,2251.0,495112556.0
300609,100,2,汇纳科技,84.1500015258789,SZ,创业板,300609.SZ,2017-02-15,False,True,2017-02-15,2026-05-21,2246.0,201100139.2
300610,100,2,晨化股份,856.0474996566772,SZ,创业板,300610.SZ,2017-02-13,False,True,2017-02-13,2026-05-21,2251.0,59439264.4
300611,100,2,美力科技,28.71999931335449,SZ,创业板,300611.SZ,2017-02-20,False,True,2017-02-20,2026-05-21,2246.0,166273764.4
300612,100,2,宣亚国际,1768.045000076294,SZ,创业板,300612.SZ,2017-02-15,False,True,2017-02-15,2026-05-21,2078.0,106557360.4
300613,100,2,富瀚微,184.0099983215332,SZ,创业板,300613.SZ,2017-02-20,False,True,2017-02-20,2026-05-21,2236.0,1396700761.6
300614,100,2,百川畅银,1480.0299997329712,SZ,创业板,300614.SZ,2021-05-25,False,True,2021-05-25,2026-05-21,1209.0,49383427.4
300615,100,2,欣天科技,1704.034999847412,SZ,创业板,300615.SZ,2017-02-15,False,True,2017-02-15,2026-05-21,2249.0,110964640.4
300616,100,2,尚品宅配,1128.0249996185305,SZ,创业板,300616.SZ,2017-03-07,False,True,2017-03-07,2026-05-21,2235.0,218979811.4
300617,100,2,安靠智电,436.2200012207031,SZ,创业板,300617.SZ,2017-02-28,False,True,2017-02-28,2026-05-21,2240.0,724437419.2
300618,100,2,寒锐钴业,196.0,SZ,创业板,300618.SZ,2017-03-06,False,True,2017-03-06,2026-05-21,2234.0,617936661.6
300619,100,2,金银河,148.20999908447266,SZ,创业板,300619.SZ,2017-03-01,False,True,2017-03-01,2026-05-21,2239.0,499300608.0
300620,100,2,光库科技,163.8000030517578,SZ,创业板,300620.SZ,2017-03-10,False,True,2017-03-10,2026-05-21,2222.0,4680896166.4
300621,100,2,维业股份,40.00500011444092,SZ,创业板,300621.SZ,2017-03-16,False,True,2017-03-16,2026-05-21,2228.0,43218075.2
300622,100,2,博士眼镜,24.670000076293945,SZ,创业板,300622.SZ,2017-03-15,False,True,2017-03-15,2026-05-21,2229.0,229891570.4
300623,100,2,捷捷微电,28.600000381469727,SZ,创业板,300623.SZ,2017-03-14,False,True,2017-03-14,2026-05-21,2230.0,967023795.2
300624,100,2,万兴科技,70.55000305175781,SZ,创业板,300624.SZ,2018-01-18,False,True,2018-01-18,2026-05-21,2009.0,646780924.8
300625,100,2,三雄极光,1064.034999847412,SZ,创业板,300625.SZ,2017-03-17,False,True,2017-03-17,2026-05-21,2227.0,33532780.35
300626,100,2,华瑞股份,19.84000015258789,SZ,创业板,300626.SZ,2017-03-20,False,True,2017-03-20,2026-05-21,2226.0,305234400.0
300627,100,2,华测导航,44.220001220703125,SZ,创业板,300627.SZ,2017-03-21,False,True,2017-03-21,2026-05-21,2225.0,424035896.0
300628,100,2,亿联网络,68.22000122070312,SZ,创业板,300628.SZ,2017-03-17,False,True,2017-03-17,2026-05-21,2227.0,405227400.8
300629,100,2,新劲刚,23.64999961853028,SZ,创业板,300629.SZ,2017-03-24,False,True,2017-03-24,2026-05-21,2179.0,328992773.6
300631,100,2,久吾高科,25.920000076293945,SZ,创业板,300631.SZ,2017-03-23,False,True,2017-03-23,2026-05-21,2223.0,151621129.2
300632,100,2,光莆股份,1688.0375003814695,SZ,创业板,300632.SZ,2017-04-06,False,True,2017-04-06,2026-05-21,2215.0,1513779395.2
300633,100,2,开立医疗,24.89999961853028,SZ,创业板,300633.SZ,2017-04-06,False,True,2017-04-06,2026-05-21,2215.0,140356129.0
300634,100,2,彩讯股份,24.65999984741211,SZ,创业板,300634.SZ,2018-03-23,False,True,2018-03-23,2026-05-21,1978.0,543833064.8
300635,100,2,中达安,1176.017499923706,SZ,创业板,300635.SZ,2017-03-31,False,True,2017-03-31,2026-05-21,2209.0,81944821.6
300636,100,2,同和药业,7.829999923706055,SZ,创业板,300636.SZ,2017-03-31,False,True,2017-03-31,2026-05-21,2216.0,51784951.2
300637,100,2,扬帆新材,792.0574998855591,SZ,创业板,300637.SZ,2017-04-12,False,True,2017-04-12,2026-05-21,2211.0,99193537.2
300638,100,2,广和通,26.46999931335449,SZ,创业板,300638.SZ,2017-04-13,False,True,2017-04-13,2026-05-21,2203.0,499161512.0
300639,100,2,凯普生物,6.369999885559082,SZ,创业板,300639.SZ,2017-04-12,False,True,2017-04-12,2026-05-21,2211.0,193532443.6
300640,100,2,德艺文创,7.159999847412109,SZ,创业板,300640.SZ,2017-04-17,False,True,2017-04-17,2026-05-21,2189.0,109336007.8
300641,100,2,正丹股份,21.64999961853028,SZ,创业板,300641.SZ,2017-04-18,False,True,2017-04-18,2026-05-21,2202.0,225971352.0
300642,100,2,透景生命,16.420000076293945,SZ,创业板,300642.SZ,2017-04-21,False,True,2017-04-21,2026-05-21,2204.0,54186932.8
300643,100,2,万通智控,17.920000076293945,SZ,创业板,300643.SZ,2017-05-05,False,True,2017-05-05,2026-05-21,2195.0,94516001.0
300644,100,2,南京聚隆,28.71999931335449,SZ,创业板,300644.SZ,2018-02-06,False,True,2018-02-06,2026-05-21,2003.0,89926415.8
300645,100,2,正元智慧,17.489999771118164,SZ,创业板,300645.SZ,2017-04-21,False,True,2017-04-21,2026-05-21,2194.0,72506110.2
300647,100,2,超频三,6.369999885559082,SZ,创业板,300647.SZ,2017-05-03,False,True,2017-05-03,2026-05-21,2155.0,110814069.6
300648,100,2,星云股份,384.0099983215332,SZ,创业板,300648.SZ,2017-04-25,False,True,2017-04-25,2026-05-21,2202.0,163942718.4
300649,100,2,杭州园林,1512.045000076294,SZ,创业板,300649.SZ,2017-05-05,False,True,2017-05-05,2026-05-21,2190.0,181064522.0
300650,100,2,太龙股份,16.329999923706055,SZ,创业板,300650.SZ,2017-05-03,False,True,2017-05-03,2026-05-21,2197.0,125440788.0
300651,100,2,金陵体育,29.190000534057617,SZ,创业板,300651.SZ,2017-05-09,False,True,2017-05-09,2026-05-21,2193.0,593697123.2
300652,100,2,雷迪克,200.0499992370605,SZ,创业板,300652.SZ,2017-05-16,False,True,2017-05-16,2026-05-21,2188.0,238229868.0
300653,100,2,正海生物,19.290000915527344,SZ,创业板,300653.SZ,2017-05-16,False,True,2017-05-16,2026-05-21,2188.0,35731310.2
300654,100,2,世纪天鸿,824.0424995422363,SZ,创业板,300654.SZ,2017-09-26,False,True,2017-09-26,2026-05-21,2095.0,162786542.8
300655,100,2,晶瑞电材,1736.0600004196167,SZ,创业板,300655.SZ,2017-05-23,False,True,2017-05-23,2026-05-21,2176.0,969192323.2
300656,100,2,民德电子,21.6299991607666,SZ,创业板,300656.SZ,2017-05-19,False,True,2017-05-19,2026-05-21,2117.0,205764292.4
300657,100,2,弘信电子,30.200000762939453,SZ,创业板,300657.SZ,2017-05-23,False,True,2017-05-23,2026-05-21,2141.0,2518391286.4
300658,100,2,延江股份,23.56999969482422,SZ,创业板,300658.SZ,2017-06-02,False,True,2017-06-02,2026-05-21,2167.0,442338075.7
300659,100,2,中孚信息,1560.017499923706,SZ,创业板,300659.SZ,2017-05-26,False,True,2017-05-26,2026-05-21,2072.0,75492544.6
300660,100,2,江苏雷利,204.0999984741211,SZ,创业板,300660.SZ,2017-06-02,False,True,2017-06-02,2026-05-21,2167.0,429083292.0
300661,100,2,圣邦股份,71.30000305175781,SZ,创业板,300661.SZ,2017-06-06,False,True,2017-06-06,2026-05-21,2165.0,3572961875.2
300662,100,2,科锐国际,24.39999961853028,SZ,创业板,300662.SZ,2017-06-08,False,True,2017-06-08,2026-05-21,2125.0,113647240.4
300663,100,2,科蓝软件,1592.0424995422363,SZ,创业板,300663.SZ,2017-06-08,False,True,2017-06-08,2026-05-21,2173.0,252733028.4
300664,100,2,鹏鹞环保,6.0,SZ,创业板,300664.SZ,2018-01-05,False,True,2018-01-05,2026-05-21,2028.0,102212424.6
300665,100,2,飞鹿股份,7.380000114440918,SZ,创业板,300665.SZ,2017-06-13,False,True,2017-06-13,2026-05-21,2158.0,115231149.5
300666,100,2,江丰电子,133.13999938964844,SZ,创业板,300666.SZ,2017-06-15,False,True,2017-06-15,2026-05-21,2147.0,2868901196.8
300667,100,2,必创科技,2008.0375003814693,SZ,创业板,300667.SZ,2017-06-19,False,True,2017-06-19,2026-05-21,2150.0,335075630.4
300668,100,2,杰恩设计,28.6200008392334,SZ,创业板,300668.SZ,2017-06-19,False,True,2017-06-19,2026-05-21,2166.0,360657043.2
300669,100,2,沪宁股份,36.06999969482422,SZ,创业板,300669.SZ,2017-06-29,False,True,2017-06-29,2026-05-21,2158.0,65268671.9
300670,100,2,大烨智能,6.460000038146973,SZ,创业板,300670.SZ,2017-07-03,False,True,2017-07-03,2026-05-21,2060.0,73159320.0
300671,100,2,富满微,144.11000061035156,SZ,创业板,300671.SZ,2017-07-05,False,True,2017-07-05,2026-05-21,2154.0,900850758.4
300672,100,2,国科微,195.1000061035156,SZ,创业板,300672.SZ,2017-07-12,False,True,2017-07-12,2026-05-21,2126.0,2911446956.8
300673,100,2,佩蒂股份,1896.005000114441,SZ,创业板,300673.SZ,2017-07-11,False,True,2017-07-11,2026-05-21,2150.0,63609160.4
300674,100,2,宇信科技,20.350000381469727,SZ,创业板,300674.SZ,2018-11-07,False,True,2018-11-07,2026-05-21,1826.0,230364937.6
300675,100,2,建科院,1816.0474996566768,SZ,创业板,300675.SZ,2017-07-19,False,True,2017-07-19,2026-05-21,2144.0,52087431.6
300676,100,2,华大基因,192.1500015258789,SZ,创业板,300676.SZ,2017-07-14,False,True,2017-07-14,2026-05-21,2137.0,328868234.4
300677,100,2,英科医疗,416.1300010681152,SZ,创业板,300677.SZ,2017-07-21,False,True,2017-07-21,2026-05-21,2142.0,852075756.8
300678,100,2,中科信息,29.57999992370605,SZ,创业板,300678.SZ,2017-07-28,False,True,2017-07-28,2026-05-21,2112.0,188235364.4
300679,100,2,电连技术,64.20999908447266,SZ,创业板,300679.SZ,2017-07-31,False,True,2017-07-31,2026-05-21,2126.0,1393203980.8
300680,100,2,隆盛科技,144.06000137329102,SZ,创业板,300680.SZ,2017-07-25,False,True,2017-07-25,2026-05-21,2056.0,404040238.4
300681,100,2,英搏尔,21.63999938964844,SZ,创业板,300681.SZ,2017-07-25,False,True,2017-07-25,2026-05-21,2140.0,471025198.4
300682,100,2,朗新科技,17.440000534057617,SZ,创业板,300682.SZ,2017-08-01,False,True,2017-08-01,2026-05-21,2084.0,354837636.0
300683,100,2,海特生物,40.220001220703125,SZ,创业板,300683.SZ,2017-08-08,False,True,2017-08-08,2026-05-21,2072.0,305239668.8
300684,100,2,中石科技,316.20000076293945,SZ,创业板,300684.SZ,2017-12-27,False,True,2017-12-27,2026-05-21,2034.0,888042812.8
300685,100,2,艾德生物,22.1299991607666,SZ,创业板,300685.SZ,2017-08-02,False,True,2017-08-02,2026-05-21,2134.0,173333652.4
300686,100,2,智动力,1640.0150003433228,SZ,创业板,300686.SZ,2017-08-04,False,True,2017-08-04,2026-05-21,2132.0,264937355.2
300687,100,2,赛意信息,19.89999961853028,SZ,创业板,300687.SZ,2017-08-03,False,True,2017-08-03,2026-05-21,2123.0,904738385.6
300688,100,2,创业黑马,27.100000381469727,SZ,创业板,300688.SZ,2017-08-10,False,True,2017-08-10,2026-05-21,2107.0,164419266.8
300689,100,2,澄天伟业,244.20000076293945,SZ,创业板,300689.SZ,2017-08-09,False,True,2017-08-09,2026-05-21,2129.0,170520208.4
300690,100,2,双一科技,104.15999984741212,SZ,创业板,300690.SZ,2017-08-08,False,True,2017-08-08,2026-05-21,2130.0,176527528.8
300691,100,2,联合光电,16.920000076293945,SZ,创业板,300691.SZ,2017-08-11,False,True,2017-08-11,2026-05-21,2117.0,154519149.6
300692,100,2,中赋科技,8.010000228881836,SZ,创业板,300692.SZ,2017-08-21,False,True,2017-08-21,2026-05-21,2113.0,191782050.8
300693,100,2,盛弘股份,264.0,SZ,创业板,300693.SZ,2017-08-22,False,True,2017-08-22,2026-05-21,2115.0,1288828478.4
300694,100,2,蠡湖股份,984.017499923706,SZ,创业板,300694.SZ,2018-10-15,False,True,2018-10-15,2026-05-21,1843.0,89421095.6
300695,100,2,兆丰股份,68.98999786376953,SZ,创业板,300695.SZ,2017-09-08,False,True,2017-09-08,2026-05-21,2107.0,161230242.2
300696,100,2,爱乐达,28.26000022888184,SZ,创业板,300696.SZ,2017-08-22,False,True,2017-08-22,2026-05-21,2120.0,372646631.2
300697,100,2,电工合金,1736.0,SZ,创业板,300697.SZ,2017-09-07,False,True,2017-09-07,2026-05-21,2104.0,134155889.6
300698,100,2,万马科技,80.0099983215332,SZ,创业板,300698.SZ,2017-08-31,False,True,2017-08-31,2026-05-21,2113.0,235304631.6
300699,100,2,光威复材,56.209999084472656,SZ,创业板,300699.SZ,2017-09-01,False,True,2017-09-01,2026-05-21,2112.0,891415737.6
300700,100,2,岱勒新材,1384.0550003051758,SZ,创业板,300700.SZ,2017-09-12,False,True,2017-09-12,2026-05-21,2095.0,223124803.2
300701,100,2,森霸传感,904.0,SZ,创业板,300701.SZ,2017-09-15,False,True,2017-09-15,2026-05-21,2102.0,66606078.4
300702,100,2,天宇股份,21.64999961853028,SZ,创业板,300702.SZ,2017-09-19,False,True,2017-09-19,2026-05-21,2100.0,63454559.8
300703,100,2,创源股份,19.56999969482422,SZ,创业板,300703.SZ,2017-09-19,False,True,2017-09-19,2026-05-21,2096.0,148620870.0
300705,100,2,九典制药,1576.0249996185305,SZ,创业板,300705.SZ,2017-10-10,False,True,2017-10-10,2026-05-21,2090.0,68138085.2
300706,100,2,阿石创,56.06999969482422,SZ,创业板,300706.SZ,2017-09-26,False,True,2017-09-26,2026-05-21,2095.0,907249900.8
300707,100,2,威唐工业,1992.0,SZ,创业板,300707.SZ,2017-10-10,False,True,2017-10-10,2026-05-21,2090.0,94039163.8
300708,100,2,聚灿光电,584.0100002288818,SZ,创业板,300708.SZ,2017-10-16,False,True,2017-10-16,2026-05-21,2086.0,371293322.4
300709,100,2,精研科技,140.2400016784668,SZ,创业板,300709.SZ,2017-10-19,False,True,2017-10-19,2026-05-21,2083.0,439721116.8
300710,100,2,万隆光电,29.040000915527344,SZ,创业板,300710.SZ,2017-10-19,False,True,2017-10-19,2026-05-21,2068.0,186492778.4
300711,100,2,广哈通信,25.350000381469727,SZ,创业板,300711.SZ,2017-11-01,False,True,2017-11-01,2026-05-21,2074.0,120852862.0
300712,100,2,永福股份,30.25,SZ,创业板,300712.SZ,2017-10-31,False,True,2017-10-31,2026-05-21,2075.0,86550524.4
300713,100,2,英可瑞,16.559999465942383,SZ,创业板,300713.SZ,2017-11-01,False,True,2017-11-01,2026-05-21,2074.0,68152830.0
300715,100,2,凯伦股份,1368.0474996566772,SZ,创业板,300715.SZ,2017-10-26,False,True,2017-10-26,2026-05-21,2072.0,315974280.8
300717,100,2,华信新材,20.530000686645508,SZ,创业板,300717.SZ,2017-11-06,False,True,2017-11-06,2026-05-21,2063.0,44959018.0
300718,100,2,长盛轴承,68.69999694824219,SZ,创业板,300718.SZ,2017-11-06,False,True,2017-11-06,2026-05-21,2071.0,612016337.6
300719,100,2,安达维尔,16.510000228881836,SZ,创业板,300719.SZ,2017-11-09,False,True,2017-11-09,2026-05-21,2068.0,74419146.8
300720,100,2,海川智能,444.0800018310547,SZ,创业板,300720.SZ,2017-11-06,False,True,2017-11-06,2026-05-21,2061.0,1055610716.8
300721,100,2,怡达股份,1480.0200004577637,SZ,创业板,300721.SZ,2017-11-15,False,True,2017-11-15,2026-05-21,2064.0,741172119.4
300722,100,2,新余国科,28.670000076293945,SZ,创业板,300722.SZ,2017-11-10,False,True,2017-11-10,2026-05-21,2065.0,95239199.6
300723,100,2,一品红,31.309999465942383,SZ,创业板,300723.SZ,2017-11-16,False,True,2017-11-16,2026-05-21,2063.0,796882366.4
300724,100,2,捷佳伟创,129.10000610351562,SZ,创业板,300724.SZ,2018-08-10,False,True,2018-08-10,2026-05-21,1883.0,1652322124.8
300725,100,2,药石科技,84.15999984741211,SZ,创业板,300725.SZ,2017-11-10,False,True,2017-11-10,2026-05-21,2062.0,372483775.2
300726,100,2,宏达电子,232.02000045776367,SZ,创业板,300726.SZ,2017-11-21,False,True,2017-11-21,2026-05-21,2060.0,728332362.4
300727,100,2,润禾材料,36.04999923706055,SZ,创业板,300727.SZ,2017-11-27,False,True,2017-11-27,2026-05-21,2056.0,151377658.8
300729,100,2,乐歌股份,1208.0325002670288,SZ,创业板,300729.SZ,2017-12-01,False,True,2017-12-01,2026-05-21,2052.0,51025872.9
300730,100,2,科创信息,1256.0249996185305,SZ,创业板,300730.SZ,2017-12-05,False,True,2017-12-05,2026-05-21,2045.0,248506261.8
300731,100,2,科创新源,70.9000015258789,SZ,创业板,300731.SZ,2017-12-08,False,True,2017-12-08,2026-05-21,2032.0,694253190.4
300732,100,2,设研院,7.090000152587891,SZ,创业板,300732.SZ,2017-12-12,False,True,2017-12-12,2026-05-21,2001.0,79161038.4
300733,100,2,西菱动力,17.31999969482422,SZ,创业板,300733.SZ,2018-01-16,False,True,2018-01-16,2026-05-21,2021.0,220660916.4
300735,100,2,光弘科技,21.709999084472656,SZ,创业板,300735.SZ,2017-12-29,False,True,2017-12-29,2026-05-21,2032.0,272578666.4
300736,100,2,百邦科技,19.81999969482422,SZ,创业板,300736.SZ,2018-01-09,False,True,2018-01-09,2026-05-21,2024.0,603446851.2
300737,100,2,科顺股份,5.949999809265137,SZ,创业板,300737.SZ,2018-01-25,False,True,2018-01-25,2026-05-21,2004.0,245960498.0
300738,100,2,奥飞数据,22.299999237060547,SZ,创业板,300738.SZ,2018-01-19,False,True,2018-01-19,2026-05-21,2018.0,2573491539.2
300739,100,2,明阳电路,25.450000762939453,SZ,创业板,300739.SZ,2018-02-01,False,True,2018-02-01,2026-05-21,2009.0,718899062.4
300740,100,2,水羊股份,20.290000915527344,SZ,创业板,300740.SZ,2018-02-08,False,True,2018-02-08,2026-05-21,1904.0,370766780.0
300741,100,2,华宝股份,16.649999618530273,SZ,创业板,300741.SZ,2018-03-01,False,True,2018-03-01,2026-05-21,1994.0,44748295.6
300743,100,2,天地数码,18.100000381469727,SZ,创业板,300743.SZ,2018-04-27,False,True,2018-04-27,2026-05-21,1955.0,66115808.2
300745,100,2,欣锐科技,24.32999992370605,SZ,创业板,300745.SZ,2018-05-23,False,True,2018-05-23,2026-05-21,1939.0,474798680.4
300746,100,2,汉嘉数智,1080.0424995422363,SZ,创业板,300746.SZ,2018-05-25,False,True,2018-05-25,2026-05-21,1919.0,87250481.5
300747,100,2,锐科激光,28.440000534057617,SZ,创业板,300747.SZ,2018-06-25,False,True,2018-06-25,2026-05-21,1917.0,1153908736.0
300748,100,2,金力永磁,30.739999771118164,SZ,创业板,300748.SZ,2018-09-21,False,True,2018-09-21,2026-05-21,1853.0,1460893382.4
300749,100,2,顶固集创,31.549999237060547,SZ,创业板,300749.SZ,2018-09-25,False,True,2018-09-25,2026-05-21,1837.0,240998869.6
300750,100,2,宁德时代,413.0,SZ,创业板,300750.SZ,2018-06-11,False,True,2018-06-11,2026-05-21,1926.0,15671906150.4
300751,100,2,迈为股份,273.6000061035156,SZ,创业板,300751.SZ,2018-11-09,False,True,2018-11-09,2026-05-21,1824.0,3027723603.2
300752,100,2,隆利科技,17.799999237060547,SZ,创业板,300752.SZ,2018-11-30,False,True,2018-11-30,2026-05-21,1809.0,105789374.4
300753,100,2,爱朋医疗,29.229999542236328,SZ,创业板,300753.SZ,2018-12-13,False,True,2018-12-13,2026-05-21,1800.0,120507907.4
300755,100,2,华致酒行,1336.0124998092651,SZ,创业板,300755.SZ,2019-01-29,False,True,2019-01-29,2026-05-21,1769.0,139771985.0
300756,100,2,金马游乐,140.0099983215332,SZ,创业板,300756.SZ,2018-12-28,False,True,2018-12-28,2026-05-21,1789.0,198938552.0
300757,100,2,罗博特科,362.5,SZ,创业板,300757.SZ,2019-01-08,False,True,2019-01-08,2026-05-21,1764.0,4106723712.0
300758,100,2,七彩化学,1464.0424995422363,SZ,创业板,300758.SZ,2019-02-22,False,True,2019-02-22,2026-05-21,1756.0,387002146.4
300759,100,2,康龙化成,26.26000022888184,SZ,创业板,300759.SZ,2019-01-28,False,True,2019-01-28,2026-05-21,1770.0,924160118.4
300760,100,2,迈瑞医疗,169.52000427246094,SZ,创业板,300760.SZ,2018-10-16,False,True,2018-10-16,2026-05-21,1842.0,1613369328.0
300761,100,2,立华股份,21.200000762939453,SZ,创业板,300761.SZ,2019-02-18,False,True,2019-02-18,2026-05-21,1760.0,241198764.0
300762,100,2,上海瀚讯,80.04999923706055,SZ,创业板,300762.SZ,2019-03-14,False,True,2019-03-14,2026-05-21,1742.0,1965503049.6
300763,100,2,锦浪科技,119.5,SZ,创业板,300763.SZ,2019-03-19,False,True,2019-03-19,2026-05-21,1739.0,1918517017.6
300765,100,2,新诺威,30.15999984741211,SZ,创业板,300765.SZ,2019-03-22,False,True,2019-03-22,2026-05-21,1716.0,300480791.2
300766,100,2,每日互动,68.16999816894531,SZ,创业板,300766.SZ,2019-03-25,False,True,2019-03-25,2026-05-21,1735.0,1082400616.0
300767,100,2,震安科技,19.90999984741211,SZ,创业板,300767.SZ,2019-03-29,False,True,2019-03-29,2026-05-21,1731.0,283241341.6
300768,100,2,迪普科技,16.450000762939453,SZ,创业板,300768.SZ,2019-04-12,False,True,2019-04-12,2026-05-21,1722.0,98828718.0
300769,100,2,德方纳米,236.0800018310547,SZ,创业板,300769.SZ,2019-04-15,False,True,2019-04-15,2026-05-21,1721.0,2651474067.2
300770,100,2,新媒股份,164.0800018310547,SZ,创业板,300770.SZ,2019-04-19,False,True,2019-04-19,2026-05-21,1717.0,94560262.2
300771,100,2,智莱科技,1464.0024995803833,SZ,创业板,300771.SZ,2019-04-22,False,True,2019-04-22,2026-05-21,1716.0,90017022.0
300772,100,2,运达股份,19.440000534057617,SZ,创业板,300772.SZ,2019-04-26,False,True,2019-04-26,2026-05-21,1706.0,378124492.0
300773,100,2,拉卡拉,24.46999931335449,SZ,创业板,300773.SZ,2019-04-25,False,True,2019-04-25,2026-05-21,1713.0,1138360048.0
300774,100,2,倍杰特,18.010000228881836,SZ,创业板,300774.SZ,2021-08-04,False,True,2021-08-04,2026-05-21,1159.0,181117712.8
300775,100,2,三角防务,88.18999862670898,SZ,创业板,300775.SZ,2019-05-21,False,True,2019-05-21,2026-05-21,1698.0,806315273.6
300776,100,2,帝尔激光,75.0999984741211,SZ,创业板,300776.SZ,2019-05-17,False,True,2019-05-17,2026-05-21,1700.0,1891431180.8
300777,100,2,中简科技,104.04000091552734,SZ,创业板,300777.SZ,2019-05-16,False,True,2019-05-16,2026-05-21,1701.0,699173824.0
300778,100,2,新城市,1208.022500038147,SZ,创业板,300778.SZ,2019-05-10,False,True,2019-05-10,2026-05-21,1705.0,103167621.3
300779,100,2,惠城环保,90.2300033569336,SZ,创业板,300779.SZ,2019-05-22,False,True,2019-05-22,2026-05-21,1697.0,492971126.4
300780,100,2,德恩精工,20.51000022888184,SZ,创业板,300780.SZ,2019-05-31,False,True,2019-05-31,2026-05-21,1690.0,388476534.4
300781,100,2,因赛集团,100.13999938964844,SZ,创业板,300781.SZ,2019-06-06,False,True,2019-06-06,2026-05-21,1682.0,194755306.4
300782,100,2,卓胜微,90.3000030517578,SZ,创业板,300782.SZ,2019-06-18,False,True,2019-06-18,2026-05-21,1679.0,3729970112.0
300783,100,2,三只松鼠,18.32999992370605,SZ,创业板,300783.SZ,2019-07-12,False,True,2019-07-12,2026-05-21,1661.0,178481768.4
300784,100,2,利安科技,304.060001373291,SZ,创业板,300784.SZ,2024-06-07,False,True,2024-06-07,2026-05-21,472.0,46749420.5
300785,100,2,值得买,292.04999923706055,SZ,创业板,300785.SZ,2019-07-15,False,True,2019-07-15,2026-05-21,1660.0,725751958.4
300786,100,2,国林科技,1720.0024995803833,SZ,创业板,300786.SZ,2019-07-23,False,True,2019-07-23,2026-05-21,1654.0,205176971.4
300787,100,2,海能实业,1048.0474996566772,SZ,创业板,300787.SZ,2019-08-15,False,True,2019-08-15,2026-05-21,1637.0,67766687.6
300788,100,2,中信出版,31.809999465942383,SZ,创业板,300788.SZ,2019-07-05,False,True,2019-07-05,2026-05-21,1666.0,264323804.8
300789,100,2,唐源电气,22.76000022888184,SZ,创业板,300789.SZ,2019-08-28,False,True,2019-08-28,2026-05-21,1628.0,51279733.2
300790,100,2,宇瞳光学,24.18000030517578,SZ,创业板,300790.SZ,2019-09-20,False,True,2019-09-20,2026-05-21,1612.0,898797294.4
300791,100,2,仙乐健康,19.8799991607666,SZ,创业板,300791.SZ,2019-09-25,False,True,2019-09-25,2026-05-21,1609.0,35283815.4
300792,100,2,壹网壹创,88.11000061035156,SZ,创业板,300792.SZ,2019-09-27,False,True,2019-09-27,2026-05-21,1607.0,271611154.0
300793,100,2,佳禾智能,1752.057499885559,SZ,创业板,300793.SZ,2019-10-18,False,True,2019-10-18,2026-05-21,1597.0,102463245.2
300795,100,2,米奥会展,1064.0550003051758,SZ,创业板,300795.SZ,2019-10-22,False,True,2019-10-22,2026-05-21,1593.0,42868550.3
300796,100,2,贝斯美,264.0,SZ,创业板,300796.SZ,2019-11-15,False,True,2019-11-15,2026-05-21,1577.0,57657277.2
300797,100,2,钢研纳克,1736.0500001907349,SZ,创业板,300797.SZ,2019-11-01,False,True,2019-11-01,2026-05-21,1587.0,48974163.8
300798,100,2,锦鸡股份,408.0474996566773,SZ,创业板,300798.SZ,2019-11-22,False,True,2019-11-22,2026-05-21,1572.0,417380444.8
300800,100,2,力合科技,984.0074996948242,SZ,创业板,300800.SZ,2019-11-06,False,True,2019-11-06,2026-05-21,1584.0,51815275.4
300801,100,2,泰和科技,25.239999771118164,SZ,创业板,300801.SZ,2019-11-28,False,True,2019-11-28,2026-05-21,1568.0,344499425.6
300802,100,2,矩子科技,19.34000015258789,SZ,创业板,300802.SZ,2019-11-14,False,True,2019-11-14,2026-05-21,1577.0,175696755.4
300803,100,2,指南针,101.4000015258789,SZ,创业板,300803.SZ,2019-11-18,False,True,2019-11-18,2026-05-21,1576.0,2117989267.2
300804,100,2,广康生化,264.0,SZ,创业板,300804.SZ,2023-06-27,False,True,2023-06-27,2026-05-21,702.0,161880991.2
300805,100,2,电声股份,792.0574998855591,SZ,创业板,300805.SZ,2019-11-21,False,True,2019-11-21,2026-05-21,1573.0,88482799.6
300806,100,2,斯迪克,268.20999908447266,SZ,创业板,300806.SZ,2019-11-25,False,True,2019-11-25,2026-05-21,1571.0,1705404236.8
300807,100,2,天迈科技,320.1199989318848,SZ,创业板,300807.SZ,2019-12-19,False,True,2019-12-19,2026-05-21,1538.0,167214257.6
300808,100,2,久量股份,27.350000381469727,SZ,创业板,300808.SZ,2019-11-29,False,True,2019-11-29,2026-05-21,1567.0,84591166.4
300809,100,2,华辰装备,36.20000076293945,SZ,创业板,300809.SZ,2019-12-04,False,True,2019-12-04,2026-05-21,1559.0,326655205.2
300810,100,2,中科海讯,48.18999862670898,SZ,创业板,300810.SZ,2019-12-06,False,True,2019-12-06,2026-05-21,1562.0,102320657.6
300811,100,2,铂科新材,78.22000122070312,SZ,创业板,300811.SZ,2019-12-30,False,True,2019-12-30,2026-05-21,1546.0,912844704.0
300812,100,2,易天股份,72.08000183105469,SZ,创业板,300812.SZ,2020-01-09,False,True,2020-01-09,2026-05-21,1539.0,466865684.0
300813,100,2,泰林生物,28.209999084472656,SZ,创业板,300813.SZ,2020-01-14,False,True,2020-01-14,2026-05-21,1536.0,64536529.6
300814,100,2,中富电路,83.26000213623047,SZ,创业板,300814.SZ,2021-08-12,False,True,2021-08-12,2026-05-21,1153.0,1024452939.2
300815,100,2,玉禾田,21.239999771118164,SZ,创业板,300815.SZ,2020-01-23,False,True,2020-01-23,2026-05-21,1529.0,125189500.6
300816,100,2,艾可蓝,532.2400016784668,SZ,创业板,300816.SZ,2020-02-10,False,True,2020-02-10,2026-05-21,1523.0,300847050.0
300817,100,2,双飞集团,18.1200008392334,SZ,创业板,300817.SZ,2020-02-18,False,True,2020-02-18,2026-05-21,1517.0,69035291.4
300818,100,2,耐普矿机,108.0099983215332,SZ,创业板,300818.SZ,2020-02-12,False,True,2020-02-12,2026-05-21,1521.0,132854726.0
300819,100,2,聚杰微纤,204.0400009155273,SZ,创业板,300819.SZ,2020-03-12,False,True,2020-03-12,2026-05-21,1500.0,723204726.4
300820,100,2,英杰电气,288.0200004577637,SZ,创业板,300820.SZ,2020-02-13,False,True,2020-02-13,2026-05-21,1520.0,540437962.4
300821,100,2,东岳硅材,952.0325002670288,SZ,创业板,300821.SZ,2020-03-12,False,True,2020-03-12,2026-05-21,1500.0,1122343728.0
300822,100,2,贝仕达克,1720.0124998092651,SZ,创业板,300822.SZ,2020-03-13,False,True,2020-03-13,2026-05-21,1499.0,57329593.1
300823,100,2,建科智能,16.139999389648438,SZ,创业板,300823.SZ,2020-03-19,False,True,2020-03-19,2026-05-21,1495.0,104531045.1
300824,100,2,北鼎股份,584.039999961853,SZ,创业板,300824.SZ,2020-06-19,False,True,2020-06-19,2026-05-21,1433.0,40495569.8
300825,100,2,阿尔特,184.02250003814697,SZ,创业板,300825.SZ,2020-03-27,False,True,2020-03-27,2026-05-21,1489.0,280522208.4
300826,100,2,测绘股份,16.469999313354492,SZ,创业板,300826.SZ,2020-04-03,False,True,2020-04-03,2026-05-21,1484.0,64946640.7
300827,100,2,上能电气,236.18000030517572,SZ,创业板,300827.SZ,2020-04-10,False,True,2020-04-10,2026-05-21,1465.0,1306786960.0
300828,100,2,锐新科技,19.89999961853028,SZ,创业板,300828.SZ,2020-04-21,False,True,2020-04-21,2026-05-21,1463.0,254649134.8
300829,100,2,金丹科技,19.950000762939453,SZ,创业板,300829.SZ,2020-04-22,False,True,2020-04-22,2026-05-21,1472.0,144602364.8
300830,100,2,金现代,776.0600004196167,SZ,创业板,300830.SZ,2020-05-06,False,True,2020-05-06,2026-05-21,1465.0,180940884.4
300831,100,2,派瑞股份,16.950000762939453,SZ,创业板,300831.SZ,2020-05-07,False,True,2020-05-07,2026-05-21,1464.0,565592657.6
300832,100,2,新产业,316.1100006103516,SZ,创业板,300832.SZ,2020-05-12,False,True,2020-05-12,2026-05-21,1461.0,345667137.6
300833,100,2,浩洋股份,72.18999862670898,SZ,创业板,300833.SZ,2020-05-20,False,True,2020-05-20,2026-05-21,1455.0,77782925.4
300834,100,2,星辉环材,23.65999984741211,SZ,创业板,300834.SZ,2022-01-13,False,True,2022-01-13,2026-05-21,1051.0,294887315.2
300835,100,2,龙磁科技,76.0999984741211,SZ,创业板,300835.SZ,2020-05-25,False,True,2020-05-25,2026-05-21,1452.0,548070193.6
300836,100,2,佰奥智能,460.2400016784668,SZ,创业板,300836.SZ,2020-05-28,False,True,2020-05-28,2026-05-21,1449.0,204253419.6
300837,100,2,浙矿股份,92.15999984741212,SZ,创业板,300837.SZ,2020-06-05,False,True,2020-06-05,2026-05-21,1443.0,70284301.6
300838,100,2,浙江力诺,1832.0150003433228,SZ,创业板,300838.SZ,2020-06-08,False,True,2020-06-08,2026-05-21,1442.0,128058801.2
300839,100,2,博汇股份,1192.0550003051758,SZ,创业板,300839.SZ,2020-06-30,False,True,2020-06-30,2026-05-21,1423.0,243105212.8
300840,100,2,酷特智能,17.510000228881836,SZ,创业板,300840.SZ,2020-07-08,False,True,2020-07-08,2026-05-21,1422.0,385256938.0
300841,100,2,康华生物,456.0,SZ,创业板,300841.SZ,2020-06-16,False,True,2020-06-16,2026-05-21,1431.0,129606049.6
300842,100,2,帝科股份,94.06999969482422,SZ,创业板,300842.SZ,2020-06-18,False,True,2020-06-18,2026-05-21,1424.0,764455756.8
300843,100,2,胜蓝股份,360.0200004577637,SZ,创业板,300843.SZ,2020-07-02,False,True,2020-07-02,2026-05-21,1426.0,778618644.8
300844,100,2,山水比德,76.13999938964844,SZ,创业板,300844.SZ,2021-08-13,False,True,2021-08-13,2026-05-21,1152.0,35993067.3
300845,100,2,捷安高科,920.0375003814696,SZ,创业板,300845.SZ,2020-07-03,False,True,2020-07-03,2026-05-21,1425.0,165912166.8
300846,100,2,首都在线,30.11000061035156,SZ,创业板,300846.SZ,2020-07-01,False,True,2020-07-01,2026-05-21,1427.0,1373516864.0
300847,100,2,中船汉光,2056.020000457764,SZ,创业板,300847.SZ,2020-07-09,False,True,2020-07-09,2026-05-21,1421.0,59905859.6
300848,100,2,美瑞新材,1784.0424995422363,SZ,创业板,300848.SZ,2020-07-20,False,True,2020-07-20,2026-05-21,1414.0,179561076.8
300849,100,2,锦盛新材,19.86000061035156,SZ,创业板,300849.SZ,2020-07-10,False,True,2020-07-10,2026-05-21,1420.0,90700939.8
300850,100,2,新强联,300.13000106811523,SZ,创业板,300850.SZ,2020-07-13,False,True,2020-07-13,2026-05-21,1413.0,657386120.0
300851,100,2,交大思诺,29.57999992370605,SZ,创业板,300851.SZ,2020-07-17,False,True,2020-07-17,2026-05-11,1407.0,37352155.7
300852,100,2,四会富仕,248.0400009155273,SZ,创业板,300852.SZ,2020-07-13,False,True,2020-07-13,2026-05-21,1419.0,548417433.6
300853,100,2,申昊科技,19.809999465942383,SZ,创业板,300853.SZ,2020-07-24,False,True,2020-07-24,2026-05-21,1410.0,311005208.0
300854,100,2,中兰环保,25.989999771118164,SZ,创业板,300854.SZ,2021-09-16,False,True,2021-09-16,2026-05-21,1128.0,205269364.8
300855,100,2,图南股份,84.04999923706055,SZ,创业板,300855.SZ,2020-07-23,False,True,2020-07-23,2026-05-21,1411.0,301852711.2
300856,100,2,科思股份,1320.034999847412,SZ,创业板,300856.SZ,2020-07-22,False,True,2020-07-22,2026-05-21,1412.0,104247907.2
300857,100,2,协创数据,219.25,SZ,创业板,300857.SZ,2020-07-27,False,True,2020-07-27,2026-05-21,1409.0,7975026022.4
300858,100,2,科拓生物,1896.055000305176,SZ,创业板,300858.SZ,2020-07-27,False,True,2020-07-27,2026-05-21,1409.0,408434001.2
300859,100,2,西域旅游,68.18000030517578,SZ,创业板,300859.SZ,2020-08-06,False,True,2020-08-06,2026-05-21,1397.0,110123866.0
300860,100,2,锋尚文化,25.68000030517578,SZ,创业板,300860.SZ,2020-08-24,False,True,2020-08-24,2026-05-21,1389.0,67311373.6
300861,100,2,美畅股份,16.969999313354492,SZ,创业板,300861.SZ,2020-08-24,False,True,2020-08-24,2026-05-21,1389.0,409082300.8
300862,100,2,蓝盾光电,22.18000030517578,SZ,创业板,300862.SZ,2020-08-24,False,True,2020-08-24,2026-05-21,1389.0,221098016.8
300863,100,2,卡倍亿,324.0800018310547,SZ,创业板,300863.SZ,2020-08-24,False,True,2020-08-24,2026-05-21,1389.0,568832237.6
300864,100,2,南大环境,20.850000381469727,SZ,创业板,300864.SZ,2020-08-24,False,True,2020-08-24,2026-05-21,1389.0,76077138.9
300865,100,2,大宏立,26.1200008392334,SZ,创业板,300865.SZ,2020-08-24,False,True,2020-08-24,2026-05-21,1389.0,126624365.8
300866,100,2,安克创新,106.58000183105467,SZ,创业板,300866.SZ,2020-08-24,False,True,2020-08-24,2026-05-21,1389.0,859482515.2
300867,100,2,圣元环保,22.670000076293945,SZ,创业板,300867.SZ,2020-08-24,False,True,2020-08-24,2026-05-21,1389.0,223966871.2
300868,100,2,杰美特,136.11000061035156,SZ,创业板,300868.SZ,2020-08-24,False,True,2020-08-24,2026-05-21,1389.0,359236840.8
300869,100,2,康泰医学,1448.0249996185305,SZ,创业板,300869.SZ,2020-08-24,False,True,2020-08-24,2026-05-21,1389.0,48105656.3
300870,100,2,欧陆通,253.6100006103516,SZ,创业板,300870.SZ,2020-08-24,False,True,2020-08-24,2026-05-21,1389.0,1972556550.4
300871,100,2,回盛生物,24.049999237060547,SZ,创业板,300871.SZ,2020-08-24,False,True,2020-08-24,2026-05-21,1389.0,196671167.6
300872,100,2,天阳科技,16.860000610351562,SZ,创业板,300872.SZ,2020-08-24,False,True,2020-08-24,2026-05-21,1389.0,501687496.8
300873,100,2,海晨股份,23.1200008392334,SZ,创业板,300873.SZ,2020-08-24,False,True,2020-08-24,2026-05-21,1389.0,81419273.8
300875,100,2,捷强装备,208.0,SZ,创业板,300875.SZ,2020-08-24,False,True,2020-08-24,2026-05-21,1369.0,158463447.6
300876,100,2,蒙泰高新,26.280000686645508,SZ,创业板,300876.SZ,2020-08-24,False,True,2020-08-24,2026-05-21,1389.0,85265709.4
300877,100,2,金春股份,25.989999771118164,SZ,创业板,300877.SZ,2020-08-24,False,True,2020-08-24,2026-05-21,1389.0,101061336.6
300878,100,2,维康药业,26.940000534057617,SZ,创业板,300878.SZ,2020-08-24,False,True,2020-08-24,2026-05-21,1389.0,127895811.2
300879,100,2,大叶股份,26.030000686645508,SZ,创业板,300879.SZ,2020-09-01,False,True,2020-09-01,2026-05-21,1383.0,88908069.4
300880,100,2,迦南智能,24.729999542236328,SZ,创业板,300880.SZ,2020-09-01,False,True,2020-09-01,2026-05-21,1383.0,245385100.0
300881,100,2,盛德鑫泰,220.13000106811523,SZ,创业板,300881.SZ,2020-09-01,False,True,2020-09-01,2026-05-21,1383.0,127163895.2
300882,100,2,万胜智能,21.700000762939453,SZ,创业板,300882.SZ,2020-09-10,False,True,2020-09-10,2026-05-21,1376.0,95916108.2
300883,100,2,龙利得,6.489999771118164,SZ,创业板,300883.SZ,2020-09-10,False,True,2020-09-10,2026-05-21,1376.0,184050746.4
300884,100,2,狄耐克,1544.0500001907349,SZ,创业板,300884.SZ,2020-11-12,False,True,2020-11-12,2026-05-21,1337.0,70659634.8
300885,100,2,海昌新材,21.86000061035156,SZ,创业板,300885.SZ,2020-09-10,False,True,2020-09-10,2026-05-21,1376.0,569441641.2
300886,100,2,华业香料,27.61000061035156,SZ,创业板,300886.SZ,2020-09-16,False,True,2020-09-16,2026-05-21,1362.0,49857725.8
300887,100,2,谱尼测试,664.0275001525879,SZ,创业板,300887.SZ,2020-09-16,False,True,2020-09-16,2026-05-21,1372.0,114193836.0
300888,100,2,稳健医疗,52.08000183105469,SZ,创业板,300888.SZ,2020-09-17,False,True,2020-09-17,2026-05-21,1371.0,123082184.0
300889,100,2,爱克股份,25.09000015258789,SZ,创业板,300889.SZ,2020-09-16,False,True,2020-09-16,2026-05-21,1362.0,174220610.4
300890,100,2,翔丰华,30.86000061035156,SZ,创业板,300890.SZ,2020-09-17,False,True,2020-09-17,2026-05-21,1371.0,868330588.8
300891,100,2,惠云钛业,296.0050001144409,SZ,创业板,300891.SZ,2020-09-17,False,True,2020-09-17,2026-05-21,1371.0,56298997.6
300892,100,2,品渥食品,27.170000076293945,SZ,创业板,300892.SZ,2020-09-24,False,True,2020-09-24,2026-05-21,1366.0,46474172.8
300893,100,2,松原安全,21.89999961853028,SZ,创业板,300893.SZ,2020-09-24,False,True,2020-09-24,2026-05-21,1366.0,80199589.2
300894,100,2,火星人,648.0200004577637,SZ,创业板,300894.SZ,2020-12-31,False,True,2020-12-31,2026-05-21,1302.0,49920864.6
300895,100,2,铜牛信息,72.36000061035156,SZ,创业板,300895.SZ,2020-09-24,False,True,2020-09-24,2026-05-21,1366.0,1125538451.2
300896,100,2,爱美客,128.8800048828125,SZ,创业板,300896.SZ,2020-09-28,False,True,2020-09-28,2026-05-21,1364.0,368845793.6
300897,100,2,山科智能,25.979999542236328,SZ,创业板,300897.SZ,2020-09-28,False,True,2020-09-28,2026-05-21,1359.0,54083186.1
300898,100,2,熊猫乳品,23.40999984741211,SZ,创业板,300898.SZ,2020-10-16,False,True,2020-10-16,2026-05-21,1356.0,96317908.4
300900,100,2,广联航空,144.0099983215332,SZ,创业板,300900.SZ,2020-10-29,False,True,2020-10-29,2026-05-21,1347.0,1723553785.6
300901,100,2,中胤时尚,16.15999984741211,SZ,创业板,300901.SZ,2020-10-29,False,True,2020-10-29,2026-05-21,1347.0,135093541.0
300902,100,2,国安达,18.100000381469727,SZ,创业板,300902.SZ,2020-10-29,False,True,2020-10-29,2026-05-21,1347.0,85473318.8
300903,100,2,科翔股份,100.09000015258788,SZ,创业板,300903.SZ,2020-11-05,False,True,2020-11-05,2026-05-21,1342.0,2320812995.2
300904,100,2,威力传动,64.9000015258789,SZ,创业板,300904.SZ,2023-08-09,False,True,2023-08-09,2026-05-21,671.0,58769963.6
300905,100,2,宝丽迪,30.549999237060547,SZ,创业板,300905.SZ,2020-11-05,False,True,2020-11-05,2026-05-21,1332.0,1181550414.4
300906,100,2,日月明,31.65999984741211,SZ,创业板,300906.SZ,2020-11-05,False,True,2020-11-05,2026-05-21,1342.0,69463760.6
300907,100,2,康平科技,27.0,SZ,创业板,300907.SZ,2020-11-18,False,True,2020-11-18,2026-05-21,1333.0,117838855.0
300908,100,2,仲景食品,26.51000022888184,SZ,创业板,300908.SZ,2020-11-23,False,True,2020-11-23,2026-05-21,1330.0,39400467.6
300909,100,2,汇创达,132.2400016784668,SZ,创业板,300909.SZ,2020-11-18,False,True,2020-11-18,2026-05-21,1324.0,180259020.4
300910,100,2,瑞丰新材,296.20999908447266,SZ,创业板,300910.SZ,2020-11-27,False,True,2020-11-27,2026-05-21,1326.0,253572584.4
300911,100,2,亿田智能,30.6299991607666,SZ,创业板,300911.SZ,2020-12-03,False,True,2020-12-03,2026-05-21,1322.0,381671820.0
300912,100,2,凯龙高科,25.049999237060547,SZ,创业板,300912.SZ,2020-12-07,False,True,2020-12-07,2026-05-21,1310.0,320445329.6
300913,100,2,兆龙互连,292.189998626709,SZ,创业板,300913.SZ,2020-12-07,False,True,2020-12-07,2026-05-21,1320.0,440338041.6
300915,100,2,海融科技,23.96999931335449,SZ,创业板,300915.SZ,2020-12-02,False,True,2020-12-02,2026-05-21,1323.0,34994469.65
300916,100,2,朗特智能,28.90999984741211,SZ,创业板,300916.SZ,2020-12-02,False,True,2020-12-02,2026-05-21,1323.0,216705426.0
300917,100,2,特发服务,48.209999084472656,SZ,创业板,300917.SZ,2020-12-21,False,True,2020-12-21,2026-05-21,1310.0,166841768.0
300918,100,2,南山智尚,1592.0325002670288,SZ,创业板,300918.SZ,2020-12-22,False,True,2020-12-22,2026-05-21,1309.0,144507194.8
300919,100,2,中伟新材,288.1500015258789,SZ,创业板,300919.SZ,2020-12-23,False,True,2020-12-23,2026-05-21,1308.0,1421892070.4
300920,100,2,润阳科技,104.02000045776369,SZ,创业板,300920.SZ,2020-12-25,False,True,2020-12-25,2026-05-21,1306.0,72565595.4
300921,100,2,南凌科技,25.88999938964844,SZ,创业板,300921.SZ,2020-12-22,False,True,2020-12-22,2026-05-21,1309.0,330083771.2
300922,100,2,天秦装备,19.11000061035156,SZ,创业板,300922.SZ,2020-12-25,False,True,2020-12-25,2026-05-21,1306.0,97000694.4
300923,100,2,研奥股份,26.530000686645508,SZ,创业板,300923.SZ,2020-12-24,False,True,2020-12-24,2026-05-21,1307.0,49375657.7
300925,100,2,法本信息,18.530000686645508,SZ,创业板,300925.SZ,2020-12-30,False,True,2020-12-30,2026-05-21,1303.0,264707670.4
300926,100,2,博俊科技,28.670000076293945,SZ,创业板,300926.SZ,2021-01-07,False,True,2021-01-07,2026-05-21,1298.0,130476664.4
300927,100,2,江天化学,29.299999237060547,SZ,创业板,300927.SZ,2021-01-07,False,True,2021-01-07,2026-05-21,1298.0,253290040.8
300928,100,2,华安鑫创,30.229999542236328,SZ,创业板,300928.SZ,2021-01-06,False,True,2021-01-06,2026-05-21,1299.0,93474085.9
300929,100,2,华骐环保,984.017499923706,SZ,创业板,300929.SZ,2021-01-20,False,True,2021-01-20,2026-05-21,1289.0,58687324.8
300930,100,2,屹通新材,28.989999771118164,SZ,创业板,300930.SZ,2021-01-21,False,True,2021-01-21,2026-05-21,1288.0,56839305.6
300931,100,2,通用电梯,1064.0249996185305,SZ,创业板,300931.SZ,2021-01-21,False,True,2021-01-21,2026-05-21,1288.0,160724430.4
300932,100,2,三友联众,1544.0,SZ,创业板,300932.SZ,2021-01-22,False,True,2021-01-22,2026-05-21,1287.0,186971545.2
300933,100,2,中辰股份,40.03499984741211,SZ,创业板,300933.SZ,2021-01-22,False,True,2021-01-22,2026-05-21,1287.0,147170922.4
300935,100,2,盈建科,30.309999465942383,SZ,创业板,300935.SZ,2021-01-20,False,True,2021-01-20,2026-05-21,1289.0,102610944.0
300936,100,2,中英科技,508.1100006103516,SZ,创业板,300936.SZ,2021-01-26,False,True,2021-01-26,2026-05-21,1285.0,291626792.8
300937,100,2,药易购,29.600000381469727,SZ,创业板,300937.SZ,2021-01-27,False,True,2021-01-27,2026-05-21,1284.0,64468104.0
300938,100,2,信测标准,116.02000045776369,SZ,创业板,300938.SZ,2021-01-27,False,True,2021-01-27,2026-05-21,1284.0,1221306659.2
300939,100,2,秋田微,176.0099983215332,SZ,创业板,300939.SZ,2021-01-28,False,True,2021-01-28,2026-05-21,1283.0,305409380.8
300940,100,2,南极光,23.0,SZ,创业板,300940.SZ,2021-02-03,False,True,2021-02-03,2026-05-21,1279.0,148947799.2
300941,100,2,创识科技,20.6200008392334,SZ,创业板,300941.SZ,2021-02-09,False,True,2021-02-09,2026-05-21,1275.0,70904544.0
300942,100,2,易瑞生物,200.03999996185303,SZ,创业板,300942.SZ,2021-02-09,False,True,2021-02-09,2026-05-21,1275.0,49699195.6
300943,100,2,春晖智控,29.31999969482422,SZ,创业板,300943.SZ,2021-02-10,False,True,2021-02-10,2026-05-21,1264.0,459797373.6
300945,100,2,曼卡龙,1928.0,SZ,创业板,300945.SZ,2021-02-10,False,True,2021-02-10,2026-05-21,1274.0,138536802.8
300946,100,2,恒而达,232.0099983215332,SZ,创业板,300946.SZ,2021-02-08,False,True,2021-02-08,2026-05-21,1276.0,108471575.2
300947,100,2,德必集团,16.93000030517578,SZ,创业板,300947.SZ,2021-02-10,False,True,2021-02-10,2026-05-21,1274.0,76299597.4
300948,100,2,冠中生态,20.549999237060547,SZ,创业板,300948.SZ,2021-02-25,False,True,2021-02-25,2026-05-21,1263.0,124620033.0
300949,100,2,奥雅股份,172.1500015258789,SZ,创业板,300949.SZ,2021-02-26,False,True,2021-02-26,2026-05-21,1267.0,37421456.0
300950,100,2,德固特,21.239999771118164,SZ,创业板,300950.SZ,2021-03-03,False,True,2021-03-03,2026-05-21,1254.0,63045540.2
300951,100,2,博硕科技,96.06999969482422,SZ,创业板,300951.SZ,2021-02-26,False,True,2021-02-26,2026-05-21,1267.0,131128549.2
300952,100,2,恒辉安防,100.22000122070312,SZ,创业板,300952.SZ,2021-03-11,False,True,2021-03-11,2026-05-21,1258.0,209164030.8
300953,100,2,震裕科技,157.0800018310547,SZ,创业板,300953.SZ,2021-03-18,False,True,2021-03-18,2026-05-21,1253.0,1647273760.0
300955,100,2,嘉亨家化,56.09999847412109,SZ,创业板,300955.SZ,2021-03-24,False,True,2021-03-24,2026-05-21,1244.0,183249456.2
300956,100,2,英力股份,1848.0424995422363,SZ,创业板,300956.SZ,2021-03-26,False,True,2021-03-26,2026-05-21,1237.0,74814241.8
300957,100,2,贝泰妮,160.02000045776367,SZ,创业板,300957.SZ,2021-03-25,False,True,2021-03-25,2026-05-21,1248.0,330022624.0
300958,100,2,建工修复,1384.005000114441,SZ,创业板,300958.SZ,2021-03-29,False,True,2021-03-29,2026-05-21,1246.0,51206824.0
300959,100,2,线上线下,80.01000213623047,SZ,创业板,300959.SZ,2021-03-22,False,True,2021-03-22,2026-05-21,1246.0,783985260.8
300960,100,2,通业科技,23.520000457763672,SZ,创业板,300960.SZ,2021-03-29,False,True,2021-03-29,2026-05-21,1246.0,35481494.7
300961,100,2,深水海纳,1432.057499885559,SZ,创业板,300961.SZ,2021-03-30,False,True,2021-03-30,2026-05-21,1245.0,111758975.8
300962,100,2,中金辐照,16.559999465942383,SZ,创业板,300962.SZ,2021-04-09,False,True,2021-04-09,2026-05-21,1238.0,57642223.8
300963,100,2,中洲特材,17.799999237060547,SZ,创业板,300963.SZ,2021-04-09,False,True,2021-04-09,2026-05-21,1238.0,189698750.8
300964,100,2,本川智能,66.77999877929688,SZ,创业板,300964.SZ,2021-08-05,False,True,2021-08-05,2026-05-21,1158.0,451380040.0
300965,100,2,恒宇信通,352.0,SZ,创业板,300965.SZ,2021-04-02,False,True,2021-04-02,2026-05-21,1221.0,188341123.0
300966,100,2,共同药业,19.989999771118164,SZ,创业板,300966.SZ,2021-04-09,False,True,2021-04-09,2026-05-21,1238.0,173217290.8
300967,100,2,晓鸣股份,18.450000762939453,SZ,创业板,300967.SZ,2021-04-13,False,True,2021-04-13,2026-05-21,1236.0,92248159.8
300968,100,2,格林精密,1080.022500038147,SZ,创业板,300968.SZ,2021-04-15,False,True,2021-04-15,2026-05-21,1234.0,82515558.4
300969,100,2,恒帅股份,129.99000549316406,SZ,创业板,300969.SZ,2021-04-12,False,True,2021-04-12,2026-05-21,1237.0,467478275.2
300970,100,2,华绿生物,23.489999771118164,SZ,创业板,300970.SZ,2021-04-12,False,True,2021-04-12,2026-05-21,1237.0,446260910.8
300971,100,2,博亚精工,22.40999984741211,SZ,创业板,300971.SZ,2021-04-15,False,True,2021-04-15,2026-05-21,1234.0,115478063.6
300972,100,2,万辰集团,191.5,SZ,创业板,300972.SZ,2021-04-19,False,True,2021-04-19,2026-05-21,1232.0,440923554.4
300973,100,2,立高食品,60.0099983215332,SZ,创业板,300973.SZ,2021-04-15,False,True,2021-04-15,2026-05-21,1234.0,84519297.6
300975,100,2,商络电子,18.020000457763672,SZ,创业板,300975.SZ,2021-04-21,False,True,2021-04-21,2026-05-21,1230.0,1340085475.2
300976,100,2,达瑞电子,420.189998626709,SZ,创业板,300976.SZ,2021-04-19,False,True,2021-04-19,2026-05-21,1232.0,269921829.2
300977,100,2,深圳瑞捷,18.739999771118164,SZ,创业板,300977.SZ,2021-04-20,False,True,2021-04-20,2026-05-21,1231.0,54506377.0
300978,100,2,东箭科技,872.0550003051758,SZ,创业板,300978.SZ,2021-04-26,False,True,2021-04-26,2026-05-21,1227.0,53917268.1
300979,100,2,华利集团,240.06999969482425,SZ,创业板,300979.SZ,2021-04-26,False,True,2021-04-26,2026-05-21,1227.0,96595572.4
300980,100,2,祥源新材,40.150001525878906,SZ,创业板,300980.SZ,2021-04-21,False,True,2021-04-21,2026-05-21,1230.0,171021327.6
300981,100,2,中红医疗,1736.0500001907349,SZ,创业板,300981.SZ,2021-04-27,False,True,2021-04-27,2026-05-21,1226.0,173478094.4
300982,100,2,苏文电能,25.09000015258789,SZ,创业板,300982.SZ,2021-04-27,False,True,2021-04-27,2026-05-21,1226.0,207040588.4
300983,100,2,尤安设计,30.020000457763672,SZ,创业板,300983.SZ,2021-04-20,False,True,2021-04-20,2026-05-21,1231.0,149250881.2
300984,100,2,金沃股份,396.2400016784668,SZ,创业板,300984.SZ,2021-06-18,False,True,2021-06-18,2026-05-21,1192.0,236227370.4
300985,100,2,致远新能,21.68000030517578,SZ,创业板,300985.SZ,2021-04-29,False,True,2021-04-29,2026-05-21,1224.0,80263504.2
300986,100,2,志特新材,24.34000015258789,SZ,创业板,300986.SZ,2021-04-30,False,True,2021-04-30,2026-05-21,1220.0,567850483.2
300987,100,2,川网传媒,17.489999771118164,SZ,创业板,300987.SZ,2021-05-11,False,True,2021-05-11,2026-05-21,1219.0,77648654.2
300988,100,2,津荣天宇,26.89999961853028,SZ,创业板,300988.SZ,2021-05-12,False,True,2021-05-12,2026-05-21,1218.0,146140539.6
300989,100,2,蕾奥规划,1736.039999961853,SZ,创业板,300989.SZ,2021-05-07,False,True,2021-05-07,2026-05-21,1221.0,74358125.2
300990,100,2,同飞股份,84.0,SZ,创业板,300990.SZ,2021-05-12,False,True,2021-05-12,2026-05-21,1218.0,561996171.2
300991,100,2,创益通,376.2400016784668,SZ,创业板,300991.SZ,2021-05-20,False,True,2021-05-20,2026-05-21,1212.0,193303892.4
300992,100,2,泰福泵业,44.119998931884766,SZ,创业板,300992.SZ,2021-05-25,False,True,2021-05-25,2026-05-21,1204.0,113806222.0
300993,100,2,玉马科技,1128.0249996185305,SZ,创业板,300993.SZ,2021-05-24,False,True,2021-05-24,2026-05-21,1210.0,44131587.0
300994,100,2,久祺股份,1672.0600004196167,SZ,创业板,300994.SZ,2021-08-12,False,True,2021-08-12,2026-05-21,1153.0,49918805.1
300995,100,2,奇德新材,52.15999984741211,SZ,创业板,300995.SZ,2021-05-26,False,True,2021-05-26,2026-05-21,1208.0,92075085.0
300996,100,2,普联软件,16.389999389648438,SZ,创业板,300996.SZ,2021-06-03,False,True,2021-06-03,2026-05-21,1202.0,152426359.6
300997,100,2,欢乐家,19.530000686645508,SZ,创业板,300997.SZ,2021-06-02,False,True,2021-06-02,2026-05-21,1203.0,179995136.4
300998,100,2,宁波方正,22.600000381469727,SZ,创业板,300998.SZ,2021-06-02,False,True,2021-06-02,2026-05-21,1203.0,91129954.4
300999,100,2,金龙鱼,29.809999465942383,SZ,创业板,300999.SZ,2020-10-15,False,True,2020-10-15,2026-05-21,1357.0,277702546.4
301000,100,2,肇民科技,29.950000762939453,SZ,创业板,301000.SZ,2021-05-28,False,True,2021-05-28,2026-05-21,1206.0,422950866.8
301001,100,2,凯淳股份,28.850000381469727,SZ,创业板,301001.SZ,2021-05-28,False,True,2021-05-28,2026-05-21,1206.0,45481037.4
301002,100,2,崧盛股份,72.18999862670898,SZ,创业板,301002.SZ,2021-06-07,False,True,2021-06-07,2026-05-21,1200.0,512928964.8
301003,100,2,江苏博云,292.1100006103516,SZ,创业板,301003.SZ,2021-06-01,False,True,2021-06-01,2026-05-21,1204.0,402044353.6
301004,100,2,嘉益股份,304.0299987792969,SZ,创业板,301004.SZ,2021-06-25,False,True,2021-06-25,2026-05-21,1187.0,33936857.4
301005,100,2,超捷股份,144.5,SZ,创业板,301005.SZ,2021-06-01,False,True,2021-06-01,2026-05-21,1204.0,1602760611.2
301006,100,2,迈拓股份,16.969999313354492,SZ,创业板,301006.SZ,2021-06-07,False,True,2021-06-07,2026-05-21,1200.0,47443933.4
301007,100,2,德迈仕,48.09999847412109,SZ,创业板,301007.SZ,2021-06-16,False,True,2021-06-16,2026-05-21,1192.0,226082763.2
301008,100,2,宏昌科技,29.350000381469727,SZ,创业板,301008.SZ,2021-06-11,False,True,2021-06-11,2026-05-21,1196.0,225019431.6
301009,100,2,可靠股份,888.0524997711182,SZ,创业板,301009.SZ,2021-06-17,False,True,2021-06-17,2026-05-21,1193.0,34677066.9
301010,100,2,晶雪节能,22.5,SZ,创业板,301010.SZ,2021-06-18,False,True,2021-06-18,2026-05-21,1192.0,60065283.7
301011,100,2,华立科技,22.780000686645508,SZ,创业板,301011.SZ,2021-06-17,False,True,2021-06-17,2026-05-21,1193.0,48224448.7
301012,100,2,扬电科技,31.01000022888184,SZ,创业板,301012.SZ,2021-06-22,False,True,2021-06-22,2026-05-21,1188.0,717276275.2
301013,100,2,利和兴,22.209999084472656,SZ,创业板,301013.SZ,2021-06-29,False,True,2021-06-29,2026-05-21,1185.0,649840492.0
301015,100,2,百洋医药,21.299999237060547,SZ,创业板,301015.SZ,2021-06-30,False,True,2021-06-30,2026-05-21,1184.0,192430015.6
301016,100,2,雷尔伟,22.5,SZ,创业板,301016.SZ,2021-06-30,False,True,2021-06-30,2026-05-21,1174.0,113747358.4
301017,100,2,漱玉平民,1496.0074996948242,SZ,创业板,301017.SZ,2021-07-05,False,True,2021-07-05,2026-05-21,1181.0,130718136.4
301018,100,2,申菱环境,92.08999633789062,SZ,创业板,301018.SZ,2021-07-07,False,True,2021-07-07,2026-05-21,1179.0,1792863091.2
301019,100,2,宁波色母,20.68000030517578,SZ,创业板,301019.SZ,2021-06-28,False,True,2021-06-28,2026-05-21,1186.0,50464717.5
301020,100,2,密封科技,20.76000022888184,SZ,创业板,301020.SZ,2021-07-06,False,True,2021-07-06,2026-05-21,1180.0,106321600.8
301021,100,2,英诺激光,332.1500015258789,SZ,创业板,301021.SZ,2021-07-06,False,True,2021-07-06,2026-05-21,1180.0,671628068.8
301022,100,2,海泰科,30.020000457763672,SZ,创业板,301022.SZ,2021-07-02,False,True,2021-07-02,2026-05-21,1172.0,153877303.6
301023,100,2,奕帆传动,156.20999908447266,SZ,创业板,301023.SZ,2021-07-07,False,True,2021-07-07,2026-05-21,1179.0,116573419.0
301024,100,2,霍普股份,88.1500015258789,SZ,创业板,301024.SZ,2021-07-28,False,True,2021-07-28,2026-05-21,1164.0,73396437.3
301025,100,2,读客文化,680.0550003051758,SZ,创业板,301025.SZ,2021-07-19,False,True,2021-07-19,2026-05-21,1166.0,81108712.6
301026,100,2,浩通科技,27.34000015258789,SZ,创业板,301026.SZ,2021-07-16,False,True,2021-07-16,2026-05-21,1172.0,210015449.6
301027,100,2,华蓝集团,22.09000015258789,SZ,创业板,301027.SZ,2021-07-15,False,True,2021-07-15,2026-05-21,1170.0,193794185.2
301028,100,2,鼎熔岩,1512.045000076294,SZ,创业板,301028.SZ,2021-07-20,False,True,2021-07-20,2026-05-21,1170.0,264672351.4
301029,100,2,怡合达,24.489999771118164,SZ,创业板,301029.SZ,2021-07-23,False,True,2021-07-23,2026-05-21,1167.0,426861615.2
301030,100,2,仕净科技,1048.027500152588,SZ,创业板,301030.SZ,2021-07-22,False,True,2021-07-22,2026-05-21,1167.0,180103450.4
301031,100,2,中熔电气,142.52999877929688,SZ,创业板,301031.SZ,2021-07-15,False,True,2021-07-15,2026-05-21,1173.0,705821056.0
301032,100,2,新柴股份,1176.0074996948242,SZ,创业板,301032.SZ,2021-07-22,False,True,2021-07-22,2026-05-21,1168.0,63287978.8
301033,100,2,迈普医学,488.2099990844727,SZ,创业板,301033.SZ,2021-07-26,False,True,2021-07-26,2026-05-21,1156.0,80816071.7
301035,100,2,润丰股份,73.69999694824219,SZ,创业板,301035.SZ,2021-07-28,False,True,2021-07-28,2026-05-21,1164.0,120909502.6
301036,100,2,双乐股份,28.350000381469727,SZ,创业板,301036.SZ,2021-07-29,False,True,2021-07-29,2026-05-21,1163.0,45641525.6
301037,100,2,保立佳,1704.045000076294,SZ,创业板,301037.SZ,2021-07-30,False,True,2021-07-30,2026-05-21,1162.0,44028605.6
301038,100,2,深水规院,20.950000762939453,SZ,创业板,301038.SZ,2021-08-04,False,True,2021-08-04,2026-05-21,1159.0,95696831.6
301039,100,2,中集车辆,104.04500007629396,SZ,创业板,301039.SZ,2021-07-08,False,True,2021-07-08,2026-05-21,1176.0,103366302.2
301040,100,2,中环海陆,176.0,SZ,创业板,301040.SZ,2021-08-03,False,True,2021-08-03,2026-05-21,1155.0,198444834.4
301041,100,2,金百泽,28.1200008392334,SZ,创业板,301041.SZ,2021-08-11,False,True,2021-08-11,2026-05-21,1154.0,218406436.0
301042,100,2,安联锐视,91.08000183105467,SZ,创业板,301042.SZ,2021-08-05,False,True,2021-08-05,2026-05-21,1158.0,179000188.0
301043,100,2,绿岛风,432.0099983215332,SZ,创业板,301043.SZ,2021-08-11,False,True,2021-08-11,2026-05-21,1154.0,69785879.4
301045,100,2,天禄科技,224.0400009155273,SZ,创业板,301045.SZ,2021-08-13,False,True,2021-08-13,2026-05-21,1152.0,254657034.8
301046,100,2,能辉科技,26.200000762939453,SZ,创业板,301046.SZ,2021-08-17,False,True,2021-08-17,2026-05-21,1150.0,129189955.0
301047,100,2,义翘神州,70.4000015258789,SZ,创业板,301047.SZ,2021-08-16,False,True,2021-08-16,2026-05-21,1151.0,72203029.4
301048,100,2,金鹰重工,584.0600004196167,SZ,创业板,301048.SZ,2021-08-18,False,True,2021-08-18,2026-05-21,1149.0,68942455.4
301049,100,2,超越科技,22.479999542236328,SZ,创业板,301049.SZ,2021-08-24,False,True,2021-08-24,2026-05-21,1145.0,64847426.0
301050,100,2,雷电微力,268.13000106811523,SZ,创业板,301050.SZ,2021-08-24,False,True,2021-08-24,2026-05-21,1145.0,280905825.6
301051,100,2,信濠光电,21.700000762939453,SZ,创业板,301051.SZ,2021-08-27,False,True,2021-08-27,2026-05-21,1142.0,121294283.8
301052,100,2,果麦文化,84.0999984741211,SZ,创业板,301052.SZ,2021-08-30,False,True,2021-08-30,2026-05-21,1141.0,139114918.8
301053,100,2,远信工业,56.09999847412109,SZ,创业板,301053.SZ,2021-09-01,False,True,2021-09-01,2026-05-21,1139.0,348297932.0
301055,100,2,张小泉,19.209999084472656,SZ,创业板,301055.SZ,2021-09-06,False,True,2021-09-06,2026-05-21,1136.0,326991076.8
301056,100,2,森赫股份,1624.017499923706,SZ,创业板,301056.SZ,2021-09-07,False,True,2021-09-07,2026-05-21,1135.0,66074359.6
301057,100,2,汇隆新材,104.0999984741211,SZ,创业板,301057.SZ,2021-09-09,False,True,2021-09-09,2026-05-21,1128.0,90289557.8
301058,100,2,中粮科工,520.0,SZ,创业板,301058.SZ,2021-09-09,False,True,2021-09-09,2026-05-21,1133.0,62243867.9
301059,100,2,金三江,1432.057499885559,SZ,创业板,301059.SZ,2021-09-13,False,True,2021-09-13,2026-05-21,1131.0,81222034.3
301060,100,2,兰卫医学,520.0600004196167,SZ,创业板,301060.SZ,2021-09-13,False,True,2021-09-13,2026-05-21,1131.0,99833474.3
301061,100,2,匠心家居,77.54000091552734,SZ,创业板,301061.SZ,2021-09-13,False,True,2021-09-13,2026-05-21,1131.0,141174051.4
301062,100,2,上海艾录,40.015000343322754,SZ,创业板,301062.SZ,2021-09-14,False,True,2021-09-14,2026-05-21,1130.0,75215506.8
301063,100,2,海锅股份,25.049999237060547,SZ,创业板,301063.SZ,2021-09-24,False,True,2021-09-24,2026-05-21,1124.0,54452313.1
301065,100,2,本立科技,23.0,SZ,创业板,301065.SZ,2021-09-14,False,True,2021-09-14,2026-05-21,1130.0,45477986.1
301066,100,2,万事利,1544.0200004577637,SZ,创业板,301066.SZ,2021-09-22,False,True,2021-09-22,2026-05-21,1126.0,126703445.2
301067,100,2,显盈科技,30.040000915527344,SZ,创业板,301067.SZ,2021-09-22,False,True,2021-09-22,2026-05-21,1126.0,79021943.6
301068,100,2,大地海洋,60.0099983215332,SZ,创业板,301068.SZ,2021-09-28,False,True,2021-09-28,2026-05-21,1112.0,66471764.6
301069,100,2,凯盛新材,20.739999771118164,SZ,创业板,301069.SZ,2021-09-27,False,True,2021-09-27,2026-05-21,1123.0,272200758.4
301070,100,2,开勒股份,65.0,SZ,创业板,301070.SZ,2021-09-23,False,True,2021-09-23,2026-05-21,1125.0,557844042.4
301071,100,2,力量钻石,196.1500015258789,SZ,创业板,301071.SZ,2021-09-24,False,True,2021-09-24,2026-05-21,1124.0,887797216.0
301072,100,2,中捷精工,21.989999771118164,SZ,创业板,301072.SZ,2021-09-29,False,True,2021-09-29,2026-05-21,1121.0,39713436.7
301073,100,2,君亭酒店,27.51000022888184,SZ,创业板,301073.SZ,2021-09-30,False,True,2021-09-30,2026-05-21,1115.0,107814769.0
301075,100,2,多瑞医药,78.20999908447266,SZ,创业板,301075.SZ,2021-09-29,False,True,2021-09-29,2026-05-21,1114.0,237257131.2
301076,100,2,新瀚新材,104.20000076293944,SZ,创业板,301076.SZ,2021-10-11,False,True,2021-10-11,2026-05-21,1118.0,212891460.0
301077,100,2,星华新材,27.100000381469727,SZ,创业板,301077.SZ,2021-09-30,False,True,2021-09-30,2026-05-21,1120.0,294207008.4
301078,100,2,孩子王,104.02499961853027,SZ,创业板,301078.SZ,2021-10-14,False,True,2021-10-14,2026-05-21,1115.0,281421783.2
301079,100,2,邵阳液压,100.18999862670898,SZ,创业板,301079.SZ,2021-10-19,False,True,2021-10-19,2026-05-21,1102.0,472368586.4
301080,100,2,百普赛斯,184.0499992370605,SZ,创业板,301080.SZ,2021-10-18,False,True,2021-10-18,2026-05-21,1113.0,166004540.4
301081,100,2,严牌股份,1240.017499923706,SZ,创业板,301081.SZ,2021-10-20,False,True,2021-10-20,2026-05-21,1111.0,162930048.8
301082,100,2,久盛电气,17.790000915527344,SZ,创业板,301082.SZ,2021-10-27,False,True,2021-10-27,2026-05-21,1106.0,83289563.8
301083,100,2,百胜智能,18.32999992370605,SZ,创业板,301083.SZ,2021-10-21,False,True,2021-10-21,2026-05-21,1110.0,42208181.2
301085,100,2,亚康股份,532.1300010681152,SZ,创业板,301085.SZ,2021-10-18,False,True,2021-10-18,2026-05-21,1113.0,364584795.2
301086,100,2,鸿富瀚,121.9000015258789,SZ,创业板,301086.SZ,2021-10-20,False,True,2021-10-20,2026-05-21,1111.0,433818502.4
301087,100,2,可孚医疗,404.2299995422363,SZ,创业板,301087.SZ,2021-10-25,False,True,2021-10-25,2026-05-21,1108.0,161676920.8
301088,100,2,戎美股份,1592.0124998092651,SZ,创业板,301088.SZ,2021-10-28,False,True,2021-10-28,2026-05-21,1105.0,55509677.1
301089,100,2,拓新药业,27.64999961853028,SZ,创业板,301089.SZ,2021-10-27,False,True,2021-10-27,2026-05-21,1101.0,105833319.6
301090,100,2,华润材料,7.940000057220459,SZ,创业板,301090.SZ,2021-10-26,False,True,2021-10-26,2026-05-21,1107.0,164240288.0
301091,100,2,深城交,22.520000457763672,SZ,创业板,301091.SZ,2021-10-29,False,True,2021-10-29,2026-05-21,1104.0,145476294.8
301092,100,2,争光股份,52.09999847412109,SZ,创业板,301092.SZ,2021-11-02,False,True,2021-11-02,2026-05-21,1102.0,195901824.4
301093,100,2,华兰股份,87.69999694824219,SZ,创业板,301093.SZ,2021-11-01,False,True,2021-11-01,2026-05-21,1103.0,454526197.6
301095,100,2,广立微,68.70999908447266,SZ,创业板,301095.SZ,2022-08-05,False,True,2022-08-05,2026-05-21,916.0,1038752464.0
301096,100,2,百诚医药,344.0,SZ,创业板,301096.SZ,2021-12-20,False,True,2021-12-20,2026-05-21,1068.0,189398610.8
301097,100,2,天益医疗,340.1500015258789,SZ,创业板,301097.SZ,2022-04-07,False,True,2022-04-07,2026-05-21,998.0,47731465.5
301098,100,2,金埔园林,120.0024995803833,SZ,创业板,301098.SZ,2021-11-12,False,True,2021-11-12,2026-05-21,1094.0,98383081.6
301099,100,2,雅创电子,300.20000076293945,SZ,创业板,301099.SZ,2021-11-22,False,True,2021-11-22,2026-05-21,1088.0,612223424.0
301100,100,2,风光股份,18.799999237060547,SZ,创业板,301100.SZ,2021-12-17,False,True,2021-12-17,2026-05-21,1069.0,37639345.4
301101,100,2,明月镜片,60.06999969482422,SZ,创业板,301101.SZ,2021-12-16,False,True,2021-12-16,2026-05-21,1070.0,109815973.6
301102,100,2,兆讯传媒,808.045000076294,SZ,创业板,301102.SZ,2022-03-28,False,True,2022-03-28,2026-05-21,1004.0,34319874.1
301103,100,2,何氏眼科,19.90999984741211,SZ,创业板,301103.SZ,2022-03-22,False,True,2022-03-22,2026-05-21,1008.0,44169722.7
301105,100,2,鸿铭股份,396.0299987792969,SZ,创业板,301105.SZ,2022-12-30,False,True,2022-12-30,2026-05-21,817.0,52399308.0
301106,100,2,骏成科技,30.540000915527344,SZ,创业板,301106.SZ,2022-01-28,False,True,2022-01-28,2026-05-21,1030.0,134330244.8
301107,100,2,瑜欣电子,27.920000076293945,SZ,创业板,301107.SZ,2022-05-24,False,True,2022-05-24,2026-05-21,968.0,48988895.5
301108,100,2,洁雅股份,29.280000686645508,SZ,创业板,301108.SZ,2021-12-03,False,True,2021-12-03,2026-05-21,1079.0,43926264.4
301109,100,2,军信股份,16.6299991607666,SZ,创业板,301109.SZ,2022-04-13,False,True,2022-04-13,2026-05-21,984.0,128825913.4
301110,100,2,青木科技,420.2400016784668,SZ,创业板,301110.SZ,2022-03-11,False,True,2022-03-11,2026-05-21,1015.0,375848604.8
301111,100,2,粤万年青,18.81999969482422,SZ,创业板,301111.SZ,2021-12-07,False,True,2021-12-07,2026-05-21,1077.0,153015750.8
301112,100,2,信邦智能,44.20000076293945,SZ,创业板,301112.SZ,2022-06-29,False,True,2022-06-29,2026-05-21,933.0,72243988.4
301113,100,2,雅艺科技,24.799999237060547,SZ,创业板,301113.SZ,2021-12-22,False,True,2021-12-22,2026-05-21,1066.0,37912568.1
301115,100,2,联检科技,20.90999984741211,SZ,创业板,301115.SZ,2022-08-31,False,True,2022-08-31,2026-05-21,898.0,137491569.0
301116,100,2,益客食品,552.0050001144409,SZ,创业板,301116.SZ,2022-01-18,False,True,2022-01-18,2026-05-21,1048.0,46563869.0
301117,100,2,佳缘科技,212.0999984741211,SZ,创业板,301117.SZ,2022-01-17,False,True,2022-01-17,2026-05-21,1049.0,213472913.6
301118,100,2,恒光股份,23.959999084472656,SZ,创业板,301118.SZ,2021-11-18,False,True,2021-11-18,2026-05-21,1090.0,249117259.6
301119,100,2,正强股份,224.22000122070312,SZ,创业板,301119.SZ,2021-11-22,False,True,2021-11-22,2026-05-21,1088.0,70820736.8
301120,100,2,新特电气,22.290000915527344,SZ,创业板,301120.SZ,2022-04-19,False,True,2022-04-19,2026-05-21,990.0,445556942.4
301121,100,2,紫建电子,112.20000076293944,SZ,创业板,301121.SZ,2022-08-08,False,True,2022-08-08,2026-05-21,915.0,66993167.4
301122,100,2,采纳股份,30.790000915527344,SZ,创业板,301122.SZ,2022-01-26,False,True,2022-01-26,2026-05-21,1042.0,82965241.1
301123,100,2,奕东电子,376.0,SZ,创业板,301123.SZ,2022-01-25,False,True,2022-01-25,2026-05-21,1043.0,952821222.4
301125,100,2,腾亚精工,20.13999938964844,SZ,创业板,301125.SZ,2022-06-08,False,True,2022-06-08,2026-05-21,958.0,106323162.8
301126,100,2,达嘉维康,840.0,SZ,创业板,301126.SZ,2021-12-07,False,True,2021-12-07,2026-05-21,1077.0,42820628.4
301127,100,2,武汉天源,16.809999465942383,SZ,创业板,301127.SZ,2021-12-30,False,True,2021-12-30,2026-05-21,1060.0,184166911.2
301128,100,2,强瑞技术,132.60000610351562,SZ,创业板,301128.SZ,2021-11-10,False,True,2021-11-10,2026-05-21,1096.0,1376565779.2
301129,100,2,瑞纳智能,25.1299991607666,SZ,创业板,301129.SZ,2021-11-02,False,True,2021-11-02,2026-05-21,1102.0,94992118.4
301130,100,2,西点药业,29.420000076293945,SZ,创业板,301130.SZ,2022-02-23,False,True,2022-02-23,2026-05-21,1027.0,48347312.7
301131,100,2,聚赛龙,176.20000076293945,SZ,创业板,301131.SZ,2022-03-14,False,True,2022-03-14,2026-05-21,1014.0,62999194.0
301132,100,2,满坤科技,152.0,SZ,创业板,301132.SZ,2022-08-10,False,True,2022-08-10,2026-05-21,913.0,216870351.6
301133,100,2,金钟股份,140.22999954223633,SZ,创业板,301133.SZ,2021-11-26,False,True,2021-11-26,2026-05-21,1084.0,141473197.6
301135,100,2,瑞德智能,28.31999969482422,SZ,创业板,301135.SZ,2022-04-12,False,True,2022-04-12,2026-05-21,995.0,57876480.1
301136,100,2,招标股份,1912.022500038147,SZ,创业板,301136.SZ,2022-01-11,False,True,2022-01-11,2026-05-21,1053.0,92000779.0
301137,100,2,哈焊华通,256.2200012207031,SZ,创业板,301137.SZ,2022-03-22,False,True,2022-03-22,2026-05-21,1008.0,321360185.6
301138,100,2,华研精机,80.11999893188477,SZ,创业板,301138.SZ,2021-12-15,False,True,2021-12-15,2026-05-21,1071.0,59042423.0
301139,100,2,元道通信,17.549999237060547,SZ,创业板,301139.SZ,2022-07-08,False,True,2022-07-08,2026-05-21,935.0,67181268.15
301141,100,2,中科磁业,300.04999923706055,SZ,创业板,301141.SZ,2023-04-03,False,True,2023-04-03,2026-05-21,757.0,218770363.6
301148,100,2,嘉戎技术,324.20000076293945,SZ,创业板,301148.SZ,2022-04-21,False,True,2022-04-21,2026-05-21,978.0,208910004.0
301149,100,2,隆华新材,968.0500001907347,SZ,创业板,301149.SZ,2021-11-10,False,True,2021-11-10,2026-05-21,1096.0,207240078.8
301150,100,2,中一科技,276.20000076293945,SZ,创业板,301150.SZ,2022-04-21,False,True,2022-04-21,2026-05-21,988.0,1103107616.0
301151,100,2,冠龙节能,18.39999961853028,SZ,创业板,301151.SZ,2022-04-11,False,True,2022-04-11,2026-05-21,996.0,39370646.05
301152,100,2,天力锂能,27.270000457763672,SZ,创业板,301152.SZ,2022-08-29,False,True,2022-08-29,2026-05-21,900.0,230064486.8
301153,100,2,中科江南,20.799999237060547,SZ,创业板,301153.SZ,2022-05-18,False,True,2022-05-18,2026-05-21,972.0,128239702.8
301155,100,2,海力风电,85.41999816894531,SZ,创业板,301155.SZ,2021-11-24,False,True,2021-11-24,2026-05-21,1086.0,408370769.6
301156,100,2,美农生物,19.299999237060547,SZ,创业板,301156.SZ,2022-06-17,False,True,2022-06-17,2026-05-21,951.0,49398150.0
301157,100,2,华塑科技,464.04000091552734,SZ,创业板,301157.SZ,2023-03-09,False,True,2023-03-09,2026-05-21,774.0,302669432.8
301158,100,2,德石股份,24.979999542236328,SZ,创业板,301158.SZ,2022-01-17,False,True,2022-01-17,2026-05-21,1049.0,195606932.0
301159,100,2,三维天地,244.13999938964844,SZ,创业板,301159.SZ,2022-01-07,False,True,2022-01-07,2026-05-21,1055.0,87197872.2
301160,100,2,翔楼新材,460.04999923706055,SZ,创业板,301160.SZ,2022-06-06,False,True,2022-06-06,2026-05-21,960.0,139367069.2
301161,100,2,唯万密封,30.43000030517578,SZ,创业板,301161.SZ,2022-09-14,False,True,2022-09-14,2026-05-21,889.0,127442041.2
301162,100,2,国能日新,71.19999694824219,SZ,创业板,301162.SZ,2022-04-29,False,True,2022-04-29,2026-05-21,982.0,200631914.8
301163,100,2,宏德股份,29.520000457763672,SZ,创业板,301163.SZ,2022-04-19,False,True,2022-04-19,2026-05-21,990.0,76063654.0
301165,100,2,锐捷网络,85.5999984741211,SZ,创业板,301165.SZ,2022-11-21,False,True,2022-11-21,2026-05-21,846.0,1217481014.4
301166,100,2,优宁维,32.11000061035156,SZ,创业板,301166.SZ,2021-12-28,False,True,2021-12-28,2026-05-21,1062.0,41814253.1
301167,100,2,建研设计,16.56999969482422,SZ,创业板,301167.SZ,2021-12-06,False,True,2021-12-06,2026-05-21,1078.0,45957347.1
301168,100,2,通灵股份,160.02999877929688,SZ,创业板,301168.SZ,2021-12-10,False,True,2021-12-10,2026-05-21,1074.0,110786425.8
301169,100,2,零点有数,360.0999984741211,SZ,创业板,301169.SZ,2021-11-03,False,True,2021-11-03,2026-05-21,1101.0,195094606.8
301170,100,2,锡南科技,28.440000534057617,SZ,创业板,301170.SZ,2023-06-27,False,True,2023-06-27,2026-05-21,702.0,42113453.2
301171,100,2,易点天下,244.20999908447263,SZ,创业板,301171.SZ,2022-08-19,False,True,2022-08-19,2026-05-21,903.0,2986692966.4
301172,100,2,君逸数码,25.89999961853028,SZ,创业板,301172.SZ,2023-07-26,False,True,2023-07-26,2026-05-21,681.0,292601388.8
301173,100,2,毓恬冠佳,208.0,SZ,创业板,301173.SZ,2025-03-03,False,True,2025-03-03,2026-05-21,296.0,33194933.5
301175,100,2,中科环保,6.639999866485596,SZ,创业板,301175.SZ,2022-07-08,False,True,2022-07-08,2026-05-21,936.0,174173123.6
301176,100,2,逸豪新材,27.26000022888184,SZ,创业板,301176.SZ,2022-09-28,False,True,2022-09-28,2026-05-21,879.0,429163340.0
301177,100,2,迪阿股份,28.43000030517578,SZ,创业板,301177.SZ,2021-12-15,False,True,2021-12-15,2026-05-21,1071.0,65369813.0
301178,100,2,天亿马,292.0200004577637,SZ,创业板,301178.SZ,2021-11-12,False,True,2021-11-12,2026-05-21,1084.0,140165783.6
301179,100,2,泽宇智能,23.65999984741211,SZ,创业板,301179.SZ,2021-12-08,False,True,2021-12-08,2026-05-21,1076.0,421075301.6
301180,100,2,万祥科技,21.600000381469727,SZ,创业板,301180.SZ,2021-11-16,False,True,2021-11-16,2026-05-21,1092.0,99144757.4
301181,100,2,标榜股份,240.0999984741211,SZ,创业板,301181.SZ,2022-02-21,False,True,2022-02-21,2026-05-21,1024.0,146354719.6
301182,100,2,凯旺科技,396.1100006103516,SZ,创业板,301182.SZ,2021-12-23,False,True,2021-12-23,2026-05-21,1065.0,309184316.0
301183,100,2,东田微,146.74000549316406,SZ,创业板,301183.SZ,2022-05-24,False,True,2022-05-24,2026-05-21,968.0,2079084761.6
301185,100,2,鸥玛软件,18.959999084472656,SZ,创业板,301185.SZ,2021-11-19,False,True,2021-11-19,2026-05-21,1089.0,47788791.2
301186,100,2,超达装备,328.13999938964844,SZ,创业板,301186.SZ,2021-12-23,False,True,2021-12-23,2026-05-21,1063.0,206283810.4
301187,100,2,欧圣电气,20.6299991607666,SZ,创业板,301187.SZ,2022-04-22,False,True,2022-04-22,2026-05-21,987.0,57766443.0
301188,100,2,力诺药包,1896.055000305176,SZ,创业板,301188.SZ,2021-11-11,False,True,2021-11-11,2026-05-21,1095.0,904914633.6
301189,100,2,奥尼电子,236.1699981689453,SZ,创业板,301189.SZ,2021-12-28,False,True,2021-12-28,2026-05-21,1062.0,760865329.6
301190,100,2,善水科技,22.549999237060547,SZ,创业板,301190.SZ,2021-12-24,False,True,2021-12-24,2026-05-21,1064.0,99656448.0
301191,100,2,菲菱科思,122.73999786376952,SZ,创业板,301191.SZ,2022-05-26,False,True,2022-05-26,2026-05-21,966.0,878614080.0
301192,100,2,泰祥股份,26.799999237060547,SZ,创业板,301192.SZ,2022-08-11,False,True,2022-08-11,2026-05-21,912.0,49584057.8
301193,100,2,家联科技,22.57999992370605,SZ,创业板,301193.SZ,2021-12-09,False,True,2021-12-09,2026-05-21,1075.0,299806361.6
301195,100,2,北路智控,64.09000015258789,SZ,创业板,301195.SZ,2022-08-01,False,True,2022-08-01,2026-05-21,920.0,33958843.3
301196,100,2,唯科科技,92.4800033569336,SZ,创业板,301196.SZ,2022-01-11,False,True,2022-01-11,2026-05-21,1053.0,842729385.6
301197,100,2,工大科雅,22.299999237060547,SZ,创业板,301197.SZ,2022-08-08,False,True,2022-08-08,2026-05-21,915.0,255384056.0
301198,100,2,喜悦智行,1768.0249996185305,SZ,创业板,301198.SZ,2021-12-02,False,True,2021-12-02,2026-05-21,1080.0,123966009.4
301199,100,2,迈赫股份,22.5,SZ,创业板,301199.SZ,2021-12-07,False,True,2021-12-07,2026-05-21,1077.0,64531496.9
301200,100,2,大族数控,159.14999389648438,SZ,创业板,301200.SZ,2022-02-28,False,True,2022-02-28,2026-05-21,1024.0,1261606451.2
301201,100,2,诚达药业,168.22999954223633,SZ,创业板,301201.SZ,2022-01-20,False,True,2022-01-20,2026-05-21,1046.0,244944104.0
301202,100,2,朗威股份,124.04999923706056,SZ,创业板,301202.SZ,2023-07-05,False,True,2023-07-05,2026-05-21,696.0,100063576.8
301203,100,2,国泰环保,196.2299995422364,SZ,创业板,301203.SZ,2023-04-04,False,True,2023-04-04,2026-05-21,756.0,71247687.6
301205,100,2,联特科技,219.9900054931641,SZ,创业板,301205.SZ,2022-09-13,False,True,2022-09-13,2026-05-21,890.0,2581685350.4
301206,100,2,三元生物,25.950000762939453,SZ,创业板,301206.SZ,2022-02-10,False,True,2022-02-10,2026-05-21,1036.0,35392493.9
301207,100,2,华兰疫苗,19.1200008392334,SZ,创业板,301207.SZ,2022-02-18,False,True,2022-02-18,2026-05-21,1030.0,222392052.2
301208,100,2,中亦科技,72.20000076293945,SZ,创业板,301208.SZ,2022-07-07,False,True,2022-07-07,2026-05-21,937.0,43998921.2
301209,100,2,联合化学,89.05000305175781,SZ,创业板,301209.SZ,2022-08-25,False,True,2022-08-25,2026-05-21,902.0,113452482.0
301210,100,2,金杨精密,120.02000045776369,SZ,创业板,301210.SZ,2023-06-30,False,True,2023-06-30,2026-05-21,699.0,156697677.8
301211,100,2,亨迪药业,968.0,SZ,创业板,301211.SZ,2021-12-22,False,True,2021-12-22,2026-05-21,1066.0,43218949.4
301212,100,2,联盛化学,27.030000686645508,SZ,创业板,301212.SZ,2022-04-19,False,True,2022-04-19,2026-05-21,990.0,81219881.6
301213,100,2,观想科技,67.54000091552734,SZ,创业板,301213.SZ,2021-12-06,False,True,2021-12-06,2026-05-21,1068.0,134052130.0
301215,100,2,中汽股份,6.25,SZ,创业板,301215.SZ,2022-03-08,False,True,2022-03-08,2026-05-21,1018.0,77182576.8
301216,100,2,万凯新材,25.600000381469727,SZ,创业板,301216.SZ,2022-03-29,False,True,2022-03-29,2026-05-21,1003.0,441166103.2
301217,100,2,铜冠铜箔,124.08000183105467,SZ,创业板,301217.SZ,2022-01-27,False,True,2022-01-27,2026-05-21,1041.0,3687024371.2
301218,100,2,华是科技,64.0,SZ,创业板,301218.SZ,2022-03-07,False,True,2022-03-07,2026-05-21,1014.0,144214665.6
301219,100,2,腾远钴业,496.2299995422363,SZ,创业板,301219.SZ,2022-03-17,False,True,2022-03-17,2026-05-21,1011.0,1249578691.2
301220,100,2,亚香股份,188.1500015258789,SZ,创业板,301220.SZ,2022-06-22,False,True,2022-06-22,2026-05-21,948.0,96391597.0
301221,100,2,光庭信息,324.04999923706055,SZ,创业板,301221.SZ,2021-12-22,False,True,2021-12-22,2026-05-21,1066.0,129863156.0
301222,100,2,浙江恒威,40.15999984741211,SZ,创业板,301222.SZ,2022-03-09,False,True,2022-03-09,2026-05-21,1017.0,233079416.0
301223,100,2,中荣股份,19.790000915527344,SZ,创业板,301223.SZ,2022-10-26,False,True,2022-10-26,2026-05-21,864.0,32635624.7
301225,100,2,恒勃股份,98.3000030517578,SZ,创业板,301225.SZ,2023-06-16,False,True,2023-06-16,2026-05-21,707.0,316345796.0
301226,100,2,祥明智能,92.02999877929688,SZ,创业板,301226.SZ,2022-03-25,False,True,2022-03-25,2026-05-21,1005.0,211596489.6
301227,100,2,森鹰窗业,160.13999938964844,SZ,创业板,301227.SZ,2022-09-26,False,True,2022-09-26,2026-05-21,881.0,70536632.8
301228,100,2,实朴检测,176.13999938964844,SZ,创业板,301228.SZ,2022-01-28,False,True,2022-01-28,2026-05-21,1040.0,249153577.6
301229,100,2,纽泰格,17.81999969482422,SZ,创业板,301229.SZ,2022-02-22,False,True,2022-02-22,2026-05-21,1028.0,52912553.2
301230,100,2,泓博医药,96.11000061035156,SZ,创业板,301230.SZ,2022-11-01,False,True,2022-11-01,2026-05-21,860.0,357143343.2
301231,100,2,荣信文化,40.09000015258789,SZ,创业板,301231.SZ,2022-09-08,False,True,2022-09-08,2026-05-21,892.0,127823576.0
301232,100,2,飞沃科技,163.91000366210938,SZ,创业板,301232.SZ,2023-06-15,False,True,2023-06-15,2026-05-21,708.0,1401456582.4
301233,100,2,盛帮股份,320.1100006103516,SZ,创业板,301233.SZ,2022-07-06,False,True,2022-07-06,2026-05-21,938.0,82208669.6
301234,100,2,五洲医疗,116.02999877929688,SZ,创业板,301234.SZ,2022-07-05,False,True,2022-07-05,2026-05-21,939.0,60881501.2
301235,100,2,华康洁净,320.0999984741211,SZ,创业板,301235.SZ,2022-01-28,False,True,2022-01-28,2026-05-21,1040.0,449286595.2
301236,100,2,软通动力,152.06999969482422,SZ,创业板,301236.SZ,2022-03-15,False,True,2022-03-15,2026-05-21,1013.0,1031732768.0
301237,100,2,和顺科技,412.2200012207031,SZ,创业板,301237.SZ,2022-03-23,False,True,2022-03-23,2026-05-21,1007.0,203776879.2
301238,100,2,瑞泰新材,19.51000022888184,SZ,创业板,301238.SZ,2022-06-17,False,True,2022-06-17,2026-05-21,951.0,297374336.8
301239,100,2,普瑞眼科,68.18000030517578,SZ,创业板,301239.SZ,2022-07-05,False,True,2022-07-05,2026-05-21,939.0,173342795.6
301246,100,2,宏源药业,20.100000381469727,SZ,创业板,301246.SZ,2023-03-20,False,True,2023-03-20,2026-05-21,767.0,784048865.6
301248,100,2,杰创智能,424.1599998474121,SZ,创业板,301248.SZ,2022-04-20,False,True,2022-04-20,2026-05-21,989.0,861567369.6
301251,100,2,威尔高,468.20000076293945,SZ,创业板,301251.SZ,2023-09-06,False,True,2023-09-06,2026-05-21,651.0,349756839.2
301252,100,2,同星科技,104.22999954223631,SZ,创业板,301252.SZ,2023-05-25,False,True,2023-05-25,2026-05-21,723.0,193206012.8
301255,100,2,通力科技,24.96999931335449,SZ,创业板,301255.SZ,2022-12-27,False,True,2022-12-27,2026-05-21,820.0,112236169.4
301256,100,2,华融化学,1320.005000114441,SZ,创业板,301256.SZ,2022-03-22,False,True,2022-03-22,2026-05-21,1008.0,166944765.2
301257,100,2,普蕊斯,344.0999984741211,SZ,创业板,301257.SZ,2022-05-17,False,True,2022-05-17,2026-05-21,973.0,98329324.8
301258,100,2,富士莱,36.02999877929688,SZ,创业板,301258.SZ,2022-03-29,False,True,2022-03-29,2026-05-21,1003.0,37477305.2
301259,100,2,艾布鲁,32.02000045776367,SZ,创业板,301259.SZ,2022-04-26,False,True,2022-04-26,2026-05-21,985.0,199692034.4
301260,100,2,格力博,1848.0024995803835,SZ,创业板,301260.SZ,2023-02-08,False,True,2023-02-08,2026-05-21,795.0,104757954.1
301261,100,2,恒工精密,78.38999938964844,SZ,创业板,301261.SZ,2023-07-10,False,True,2023-07-10,2026-05-21,693.0,476430169.2
301262,100,2,海看股份,23.809999465942383,SZ,创业板,301262.SZ,2023-06-20,False,True,2023-06-20,2026-05-21,705.0,99663899.6
301263,100,2,泰恩康,26.350000381469727,SZ,创业板,301263.SZ,2022-03-29,False,True,2022-03-29,2026-05-21,1003.0,116900210.8
301265,100,2,华新环保,21.239999771118164,SZ,创业板,301265.SZ,2022-12-16,False,True,2022-12-16,2026-05-21,827.0,279897152.8
301266,100,2,宇邦新材,384.1100006103516,SZ,创业板,301266.SZ,2022-06-08,False,True,2022-06-08,2026-05-21,958.0,129704759.2
301267,100,2,华厦眼科,16.93000030517578,SZ,创业板,301267.SZ,2022-11-07,False,True,2022-11-07,2026-05-21,856.0,98052787.8
301268,100,2,铭利达,23.15999984741211,SZ,创业板,301268.SZ,2022-04-07,False,True,2022-04-07,2026-05-21,998.0,110365383.6
301269,100,2,华大九天,86.0,SZ,创业板,301269.SZ,2022-07-29,False,True,2022-07-29,2026-05-21,911.0,976417256.0
301270,100,2,汉仪股份,48.16999816894531,SZ,创业板,301270.SZ,2022-08-31,False,True,2022-08-31,2026-05-21,898.0,93369782.0
301272,100,2,英华特,152.22999954223633,SZ,创业板,301272.SZ,2023-07-13,False,True,2023-07-13,2026-05-21,690.0,59134010.1
301273,100,2,瑞晨环保,29.81999969482422,SZ,创业板,301273.SZ,2022-10-25,False,True,2022-10-25,2026-05-21,865.0,84876328.6
301275,100,2,汉朔科技,152.1500015258789,SZ,创业板,301275.SZ,2025-03-11,False,True,2025-03-11,2026-05-21,290.0,450970083.2
301276,100,2,嘉曼服饰,23.25,SZ,创业板,301276.SZ,2022-09-09,False,True,2022-09-09,2026-05-21,891.0,80102641.0
301277,100,2,新天地,968.0500001907347,SZ,创业板,301277.SZ,2022-11-16,False,True,2022-11-16,2026-05-21,849.0,26758731.0
301278,100,2,快可电子,204.02000045776367,SZ,创业板,301278.SZ,2022-08-04,False,True,2022-08-04,2026-05-21,917.0,151387799.8
301279,100,2,金道科技,27.06999969482422,SZ,创业板,301279.SZ,2022-04-13,False,True,2022-04-13,2026-05-21,994.0,78102378.0
301280,100,2,珠城科技,376.060001373291,SZ,创业板,301280.SZ,2022-12-26,False,True,2022-12-26,2026-05-21,821.0,121947432.8
301281,100,2,科源制药,300.20000076293945,SZ,创业板,301281.SZ,2023-04-04,False,True,2023-04-04,2026-05-21,746.0,145057309.2
301282,100,2,金禄电子,44.18000030517578,SZ,创业板,301282.SZ,2022-08-26,False,True,2022-08-26,2026-05-21,901.0,500411797.6
301283,100,2,聚胶股份,232.0,SZ,创业板,301283.SZ,2022-09-02,False,True,2022-09-02,2026-05-21,896.0,75305993.6
301285,100,2,鸿日达,77.98999786376953,SZ,创业板,301285.SZ,2022-09-28,False,True,2022-09-28,2026-05-21,879.0,466093590.4
301286,100,2,侨源股份,228.22000122070312,SZ,创业板,301286.SZ,2022-06-14,False,True,2022-06-14,2026-05-21,954.0,248543956.0
301287,100,2,康力源,176.1599998474121,SZ,创业板,301287.SZ,2023-06-14,False,True,2023-06-14,2026-05-21,709.0,43555306.0
301289,100,2,国缆检测,368.0900001525879,SZ,创业板,301289.SZ,2022-06-22,False,True,2022-06-22,2026-05-21,948.0,42621812.6
301290,100,2,东星医疗,26.8799991607666,SZ,创业板,301290.SZ,2022-11-30,False,True,2022-11-30,2026-05-21,839.0,136430887.8
301291,100,2,明阳电气,440.04999923706055,SZ,创业板,301291.SZ,2023-06-30,False,True,2023-06-30,2026-05-21,699.0,914377689.6
301292,100,2,海科新源,540.0099983215332,SZ,创业板,301292.SZ,2023-07-07,False,True,2023-07-07,2026-05-21,694.0,1451212550.4
301293,100,2,三博脑科,69.6500015258789,SZ,创业板,301293.SZ,2023-05-05,False,True,2023-05-05,2026-05-21,737.0,635319744.0
301295,100,2,美硕科技,31.88999938964844,SZ,创业板,301295.SZ,2023-06-28,False,True,2023-06-28,2026-05-21,701.0,139405197.6
301296,100,2,新巨丰,7.789999961853027,SZ,创业板,301296.SZ,2022-09-02,False,True,2022-09-02,2026-05-21,896.0,26101274.5
301297,100,2,富乐德,72.13000106811523,SZ,创业板,301297.SZ,2022-12-30,False,True,2022-12-30,2026-05-21,807.0,1204787491.2
301298,100,2,东利机械,1960.034999847412,SZ,创业板,301298.SZ,2022-06-06,False,True,2022-06-06,2026-05-21,960.0,39076406.6
301299,100,2,卓创资讯,65.95999908447266,SZ,创业板,301299.SZ,2022-10-19,False,True,2022-10-19,2026-05-21,869.0,126307456.4
301300,100,2,远翔新材,196.0,SZ,创业板,301300.SZ,2022-08-19,False,True,2022-08-19,2026-05-21,906.0,49153684.6
301301,100,2,川宁生物,760.0424995422363,SZ,创业板,301301.SZ,2022-12-27,False,True,2022-12-27,2026-05-21,820.0,103617184.0
301302,100,2,华如科技,28.63999938964844,SZ,创业板,301302.SZ,2022-06-23,False,True,2022-06-23,2026-05-21,947.0,250587856.8
301303,100,2,真兰仪表,1832.045000076294,SZ,创业板,301303.SZ,2023-02-20,False,True,2023-02-20,2026-05-21,787.0,59361478.7
301305,100,2,朗坤科技,24.68000030517578,SZ,创业板,301305.SZ,2023-05-23,False,True,2023-05-23,2026-05-21,725.0,139679964.8
301306,100,2,西测测试,131.77000427246094,SZ,创业板,301306.SZ,2022-07-26,False,True,2022-07-26,2026-05-21,924.0,861620577.6
301307,100,2,美利信,140.20999908447266,SZ,创业板,301307.SZ,2023-04-24,False,True,2023-04-24,2026-05-21,743.0,639266528.8
301308,100,2,江波龙,330.1000061035156,SZ,创业板,301308.SZ,2022-08-05,False,True,2022-08-05,2026-05-21,916.0,10446240985.6
301309,100,2,万得凯,44.0,SZ,创业板,301309.SZ,2022-09-19,False,True,2022-09-19,2026-05-21,876.0,82357509.6
301310,100,2,鑫宏业,88.22000122070312,SZ,创业板,301310.SZ,2023-06-02,False,True,2023-06-02,2026-05-21,717.0,366429064.8
301311,100,2,昆船智能,16.610000610351562,SZ,创业板,301311.SZ,2022-11-30,False,True,2022-11-30,2026-05-21,839.0,42580955.3
301312,100,2,智立方,84.33000183105469,SZ,创业板,301312.SZ,2022-07-11,False,True,2022-07-11,2026-05-21,935.0,772203169.6
301313,100,2,凡拓数创,30.979999542236328,SZ,创业板,301313.SZ,2022-09-30,False,True,2022-09-30,2026-05-21,877.0,269819694.4
301314,100,2,科瑞思,232.18000030517572,SZ,创业板,301314.SZ,2023-03-28,False,True,2023-03-28,2026-05-21,761.0,67871472.6
301315,100,2,威士顿,316.04000091552734,SZ,创业板,301315.SZ,2023-06-21,False,True,2023-06-21,2026-05-21,704.0,84398552.6
301316,100,2,慧博云通,204.20000076293945,SZ,创业板,301316.SZ,2022-10-13,False,True,2022-10-13,2026-05-21,863.0,1163125838.4
301317,100,2,鑫磊股份,324.04999923706055,SZ,创业板,301317.SZ,2023-01-19,False,True,2023-01-19,2026-05-21,804.0,483680474.4
301318,100,2,维海德,27.780000686645508,SZ,创业板,301318.SZ,2022-08-10,False,True,2022-08-10,2026-05-21,913.0,41846151.5
301319,100,2,唯特偶,184.0900001525879,SZ,创业板,301319.SZ,2022-09-29,False,True,2022-09-29,2026-05-21,878.0,899103244.8
301320,100,2,豪江智能,16.850000381469727,SZ,创业板,301320.SZ,2023-06-09,False,True,2023-06-09,2026-05-21,712.0,38773977.9
301321,100,2,翰博高新,19.3700008392334,SZ,创业板,301321.SZ,2022-08-18,False,True,2022-08-18,2026-05-21,907.0,201686604.4
301322,100,2,绿通科技,30.3799991607666,SZ,创业板,301322.SZ,2023-03-06,False,True,2023-03-06,2026-05-21,777.0,204055221.8
301323,100,2,新莱福,328.0,SZ,创业板,301323.SZ,2023-06-06,False,True,2023-06-06,2026-05-21,705.0,180958448.0
301325,100,2,曼恩斯特,252.1100006103516,SZ,创业板,301325.SZ,2023-05-12,False,True,2023-05-12,2026-05-21,732.0,102163221.6
301326,100,2,捷邦科技,126.4000015258789,SZ,创业板,301326.SZ,2022-09-21,False,True,2022-09-21,2026-05-21,884.0,420217756.8
301327,100,2,华宝新能,69.69000244140625,SZ,创业板,301327.SZ,2022-09-19,False,True,2022-09-19,2026-05-21,886.0,194671288.0
301328,100,2,维峰电子,292.1599998474121,SZ,创业板,301328.SZ,2022-09-08,False,True,2022-09-08,2026-05-21,892.0,223433106.4
301329,100,2,信音电子,22.14999961853028,SZ,创业板,301329.SZ,2023-07-17,False,True,2023-07-17,2026-05-21,688.0,105781694.2
301330,100,2,熵基科技,80.13000106811523,SZ,创业板,301330.SZ,2022-08-17,False,True,2022-08-17,2026-05-21,908.0,151150749.6
301331,100,2,恩威医药,26.36000061035156,SZ,创业板,301331.SZ,2022-09-21,False,True,2022-09-21,2026-05-21,884.0,30785430.6
301332,100,2,德尔玛,280.0375003814697,SZ,创业板,301332.SZ,2023-05-18,False,True,2023-05-18,2026-05-21,728.0,32543453.2
301333,100,2,诺思格,432.1500015258789,SZ,创业板,301333.SZ,2022-08-02,False,True,2022-08-02,2026-05-21,919.0,90234892.0
301335,100,2,天元宠物,25.3799991607666,SZ,创业板,301335.SZ,2022-11-18,False,True,2022-11-18,2026-05-21,837.0,41720815.2
301336,100,2,趣睡科技,332.04999923706055,SZ,创业板,301336.SZ,2022-08-12,False,True,2022-08-12,2026-05-21,911.0,62861016.0
301337,100,2,亚华电子,28.59000015258789,SZ,创业板,301337.SZ,2023-05-26,False,True,2023-05-26,2026-05-21,722.0,46388375.1
301338,100,2,凯格精机,172.0,SZ,创业板,301338.SZ,2022-08-16,False,True,2022-08-16,2026-05-21,909.0,910088864.0
301339,100,2,通行宝,1432.057499885559,SZ,创业板,301339.SZ,2022-09-09,False,True,2022-09-09,2026-05-21,891.0,52466108.0
301345,100,2,涛涛车业,200.0500030517578,SZ,创业板,301345.SZ,2023-03-21,False,True,2023-03-21,2026-05-21,766.0,424757572.0
301348,100,2,蓝箭电子,26.729999542236328,SZ,创业板,301348.SZ,2023-08-10,False,True,2023-08-10,2026-05-21,670.0,547521457.6
301349,100,2,信德新材,344.1800003051758,SZ,创业板,301349.SZ,2022-09-09,False,True,2022-09-09,2026-05-21,891.0,344317012.0
301353,100,2,普莱得,27.209999084472656,SZ,创业板,301353.SZ,2023-05-30,False,True,2023-05-30,2026-05-21,720.0,35279254.25
301355,100,2,南王科技,1064.034999847412,SZ,创业板,301355.SZ,2023-06-12,False,True,2023-06-12,2026-05-21,711.0,43880376.3
301356,100,2,天振股份,21.229999542236328,SZ,创业板,301356.SZ,2022-11-14,False,True,2022-11-14,2026-05-21,851.0,71573995.3
301357,100,2,北方长龙,111.08999633789062,SZ,创业板,301357.SZ,2023-04-18,False,True,2023-04-18,2026-05-21,737.0,276374331.6
301358,100,2,湖南裕能,78.69000244140625,SZ,创业板,301358.SZ,2023-02-09,False,True,2023-02-09,2026-05-21,794.0,3574539648.0
301359,100,2,东南电子,20.65999984741211,SZ,创业板,301359.SZ,2022-11-09,False,True,2022-11-09,2026-05-21,854.0,51630120.3
301360,100,2,荣旗科技,67.19999694824219,SZ,创业板,301360.SZ,2023-04-25,False,True,2023-04-25,2026-05-21,742.0,139394910.8
301361,100,2,众智科技,152.1699981689453,SZ,创业板,301361.SZ,2022-11-16,False,True,2022-11-16,2026-05-21,849.0,168586709.0
301362,100,2,民爆光电,95.06999969482422,SZ,创业板,301362.SZ,2023-08-04,False,True,2023-08-04,2026-05-21,664.0,541238459.2
301363,100,2,美好医疗,25.520000457763672,SZ,创业板,301363.SZ,2022-10-12,False,True,2022-10-12,2026-05-21,874.0,538503672.4
301365,100,2,矩阵股份,29.979999542236328,SZ,创业板,301365.SZ,2022-11-22,False,True,2022-11-22,2026-05-21,845.0,203573743.2
301366,100,2,一博科技,40.0,SZ,创业板,301366.SZ,2022-09-26,False,True,2022-09-26,2026-05-21,881.0,196510072.8
301367,100,2,瑞迈特,67.7699966430664,SZ,创业板,301367.SZ,2022-11-01,False,True,2022-11-01,2026-05-21,860.0,79296389.0
301368,100,2,丰立智能,360.1100006103516,SZ,创业板,301368.SZ,2022-12-15,False,True,2022-12-15,2026-05-21,828.0,176616477.2
301369,100,2,联动科技,137.27000427246094,SZ,创业板,301369.SZ,2022-09-22,False,True,2022-09-22,2026-05-21,883.0,429469346.4
301370,100,2,国科恒泰,664.0275001525879,SZ,创业板,301370.SZ,2023-07-12,False,True,2023-07-12,2026-05-21,691.0,34042102.2
301371,100,2,敷尔佳,23.200000762939453,SZ,创业板,301371.SZ,2023-08-01,False,True,2023-08-01,2026-05-21,677.0,189305465.2
301372,100,2,科净源,25.84000015258789,SZ,创业板,301372.SZ,2023-08-11,False,True,2023-08-11,2026-05-21,669.0,107041939.0
301373,100,2,凌玮科技,540.1199989318848,SZ,创业板,301373.SZ,2023-02-08,False,True,2023-02-08,2026-05-21,795.0,842777779.2
301376,100,2,致欧科技,16.709999084472656,SZ,创业板,301376.SZ,2023-06-21,False,True,2023-06-21,2026-05-21,704.0,100586766.8
301377,100,2,鼎泰高科,177.58999633789062,SZ,创业板,301377.SZ,2022-11-22,False,True,2022-11-22,2026-05-21,845.0,1066060211.2
301378,100,2,通达海,36.08000183105469,SZ,创业板,301378.SZ,2023-03-20,False,True,2023-03-20,2026-05-21,767.0,139228741.8
301379,100,2,天山电子,25.799999237060547,SZ,创业板,301379.SZ,2022-11-01,False,True,2022-11-01,2026-05-21,860.0,462790808.4
301380,100,2,挖金客,36.13999938964844,SZ,创业板,301380.SZ,2022-10-25,False,True,2022-10-25,2026-05-21,865.0,81542312.2
301381,100,2,赛维时代,19.790000915527344,SZ,创业板,301381.SZ,2023-07-12,False,True,2023-07-12,2026-05-21,691.0,138617870.2
301382,100,2,蜂助手,84.0999984741211,SZ,创业板,301382.SZ,2023-05-17,False,True,2023-05-17,2026-05-21,729.0,813494622.4
301383,100,2,天键股份,28.420000076293945,SZ,创业板,301383.SZ,2023-06-09,False,True,2023-06-09,2026-05-21,712.0,85022000.7
301386,100,2,未来电器,25.01000022888184,SZ,创业板,301386.SZ,2023-03-29,False,True,2023-03-29,2026-05-21,760.0,48295490.0
301387,100,2,光大同创,376.1100006103516,SZ,创业板,301387.SZ,2023-04-18,False,True,2023-04-18,2026-05-21,747.0,455778952.0
301388,100,2,欣灵电气,92.02000045776369,SZ,创业板,301388.SZ,2022-11-09,False,True,2022-11-09,2026-05-21,854.0,64596177.4
301389,100,2,隆扬电子,368.0900001525879,SZ,创业板,301389.SZ,2022-10-31,False,True,2022-10-31,2026-05-21,861.0,900219144.0
301390,100,2,经纬股份,124.22000122070312,SZ,创业板,301390.SZ,2023-05-08,False,True,2023-05-08,2026-05-21,736.0,44616721.2
301391,100,2,卡莱特,67.12999725341797,SZ,创业板,301391.SZ,2022-12-01,False,True,2022-12-01,2026-05-21,838.0,234747706.4
301392,100,2,汇成真空,115.16000366210938,SZ,创业板,301392.SZ,2024-06-05,False,True,2024-06-05,2026-05-21,474.0,1025060136.0
301393,100,2,昊帆生物,332.1699981689453,SZ,创业板,301393.SZ,2023-07-12,False,True,2023-07-12,2026-05-21,691.0,152042385.2
301395,100,2,仁信新材,1800.0100002288818,SZ,创业板,301395.SZ,2023-07-03,False,True,2023-07-03,2026-05-21,698.0,90908087.4
301396,100,2,宏景科技,157.11000061035156,SZ,创业板,301396.SZ,2022-11-11,False,True,2022-11-11,2026-05-21,852.0,3633927520.0
301397,100,2,溯联股份,29.209999084472656,SZ,创业板,301397.SZ,2023-06-28,False,True,2023-06-28,2026-05-21,701.0,284221847.2
301398,100,2,星源卓镁,280.0,SZ,创业板,301398.SZ,2022-12-15,False,True,2022-12-15,2026-05-21,828.0,81218418.0
301399,100,2,英特科技,21.489999771118164,SZ,创业板,301399.SZ,2023-05-23,False,True,2023-05-23,2026-05-21,725.0,107802772.0
301408,100,2,华人健康,17.149999618530273,SZ,创业板,301408.SZ,2023-03-01,False,True,2023-03-01,2026-05-21,780.0,586131420.0
301413,100,2,安培龙,114.0,SZ,创业板,301413.SZ,2023-12-18,False,True,2023-12-18,2026-05-21,584.0,656532062.4
301418,100,2,协昌科技,108.11999893188477,SZ,创业板,301418.SZ,2023-08-21,False,True,2023-08-21,2026-05-21,663.0,65015245.0
301419,100,2,阿莱德,120.0999984741211,SZ,创业板,301419.SZ,2023-02-09,False,True,2023-02-09,2026-05-21,794.0,210723190.8
301421,100,2,波长光电,86.12000274658203,SZ,创业板,301421.SZ,2023-08-23,False,True,2023-08-23,2026-05-21,661.0,813208441.6
301428,100,2,世纪恒通,104.20000076293944,SZ,创业板,301428.SZ,2023-05-19,False,True,2023-05-19,2026-05-21,727.0,169089394.0
301429,100,2,森泰股份,19.40999984741211,SZ,创业板,301429.SZ,2023-04-17,False,True,2023-04-17,2026-05-21,748.0,43003065.2
301439,100,2,泓淋电力,16.149999618530273,SZ,创业板,301439.SZ,2023-03-17,False,True,2023-03-17,2026-05-21,768.0,90715537.2
301446,100,2,福事特,124.04000091552734,SZ,创业板,301446.SZ,2023-07-25,False,True,2023-07-25,2026-05-21,682.0,70516730.2
301448,100,2,开创电气,128.13999938964844,SZ,创业板,301448.SZ,2023-06-19,False,True,2023-06-19,2026-05-21,706.0,33594587.7
301456,100,2,盘古智能,30.309999465942383,SZ,创业板,301456.SZ,2023-07-14,False,True,2023-07-14,2026-05-21,689.0,60418984.9
301458,100,2,钧崴电子,72.02999877929688,SZ,创业板,301458.SZ,2025-01-10,False,True,2025-01-10,2026-05-21,326.0,419772204.0
301459,100,2,丰茂股份,128.20000076293945,SZ,创业板,301459.SZ,2023-12-13,False,True,2023-12-13,2026-05-21,587.0,52229876.1
301468,100,2,博盈特焊,300.1599998474121,SZ,创业板,301468.SZ,2023-07-24,False,True,2023-07-24,2026-05-21,683.0,374925892.8
301469,100,2,恒达新材,31.700000762939453,SZ,创业板,301469.SZ,2023-08-22,False,True,2023-08-22,2026-05-21,662.0,79784379.6
301479,100,2,弘景光电,97.5,SZ,创业板,301479.SZ,2025-03-18,False,True,2025-03-18,2026-05-21,285.0,457722206.4
301486,100,2,致尚科技,150.8300018310547,SZ,创业板,301486.SZ,2023-07-07,False,True,2023-07-07,2026-05-21,684.0,2614800467.2
301487,100,2,盟固利,21.56999969482422,SZ,创业板,301487.SZ,2023-08-09,False,True,2023-08-09,2026-05-21,671.0,417640820.8
301488,100,2,豪恩汽电,128.97000122070312,SZ,创业板,301488.SZ,2023-07-04,False,True,2023-07-04,2026-05-21,697.0,308728080.4
301489,100,2,思泉新材,176.22999572753906,SZ,创业板,301489.SZ,2023-10-24,False,True,2023-10-24,2026-05-21,623.0,1000869424.0
301491,100,2,汉桑科技,384.0,SZ,创业板,301491.SZ,2025-08-06,False,True,2025-08-06,2026-05-21,189.0,44222724.0
301498,100,2,乖宝宠物,380.0800018310547,SZ,创业板,301498.SZ,2023-08-16,False,True,2023-08-16,2026-05-21,666.0,385814099.2
301499,100,2,维科精密,31.729999542236328,SZ,创业板,301499.SZ,2023-07-21,False,True,2023-07-21,2026-05-21,684.0,141964388.0
301500,100,2,飞南资源,20.0,SZ,创业板,301500.SZ,2023-09-21,False,True,2023-09-21,2026-05-21,640.0,699537985.6
301501,100,2,恒鑫生活,124.0,SZ,创业板,301501.SZ,2025-03-19,False,True,2025-03-19,2026-05-21,284.0,37177689.4
301502,100,2,华阳智能,200.20000076293945,SZ,创业板,301502.SZ,2024-02-02,False,True,2024-02-02,2026-05-21,551.0,183668771.4
301503,100,2,智迪科技,92.08000183105467,SZ,创业板,301503.SZ,2023-07-17,False,True,2023-07-17,2026-05-21,688.0,36406643.6
301505,100,2,苏州规划,22.75,SZ,创业板,301505.SZ,2023-07-19,False,True,2023-07-19,2026-05-21,677.0,84322090.2
301507,100,2,民生健康,1576.0150003433228,SZ,创业板,301507.SZ,2023-09-05,False,True,2023-09-05,2026-05-21,652.0,46954146.4
301508,100,2,中机认检,29.89999961853028,SZ,创业板,301508.SZ,2023-12-01,False,True,2023-12-01,2026-05-21,595.0,44333024.5
301509,100,2,金凯生科,144.22999954223633,SZ,创业板,301509.SZ,2023-08-03,False,True,2023-08-03,2026-05-21,675.0,125721028.0
301510,100,2,固高科技,31.600000381469727,SZ,创业板,301510.SZ,2023-08-15,False,True,2023-08-15,2026-05-21,667.0,638600293.2
301511,100,2,德福科技,96.04000091552734,SZ,创业板,301511.SZ,2023-08-17,False,True,2023-08-17,2026-05-21,665.0,3751447526.4
301512,100,2,智信精密,252.02000045776367,SZ,创业板,301512.SZ,2023-07-20,False,True,2023-07-20,2026-05-21,685.0,93706032.4
301515,100,2,港通医疗,22.06999969482422,SZ,创业板,301515.SZ,2023-07-25,False,True,2023-07-25,2026-05-21,682.0,41141352.0
301516,100,2,中远通,18.200000762939453,SZ,创业板,301516.SZ,2023-12-08,False,True,2023-12-08,2026-05-21,590.0,197566352.8
301517,100,2,陕西华达,400.1100006103516,SZ,创业板,301517.SZ,2023-10-17,False,True,2023-10-17,2026-05-21,619.0,484194135.2
301518,100,2,长华化学,188.0800018310547,SZ,创业板,301518.SZ,2023-08-03,False,True,2023-08-03,2026-05-21,675.0,85770470.0
301519,100,2,舜禹股份,1560.027500152588,SZ,创业板,301519.SZ,2023-07-27,False,True,2023-07-27,2026-05-21,680.0,43902875.8
301520,100,2,万邦医药,164.11999893188477,SZ,创业板,301520.SZ,2023-09-25,False,True,2023-09-25,2026-05-21,638.0,33673081.3
301522,100,2,上大股份,31.530000686645508,SZ,创业板,301522.SZ,2024-10-16,False,True,2024-10-16,2026-05-21,387.0,182512541.6
301525,100,2,儒竞科技,77.7699966430664,SZ,创业板,301525.SZ,2023-08-30,False,True,2023-08-30,2026-05-21,656.0,150308272.0
301526,100,2,国际复材,760.0124998092651,SZ,创业板,301526.SZ,2023-12-26,False,True,2023-12-26,2026-05-21,578.0,3485471584.0
301528,100,2,多浦乐,464.2200012207031,SZ,创业板,301528.SZ,2023-08-28,False,True,2023-08-28,2026-05-21,658.0,83334266.4
301529,100,2,福赛科技,101.69000244140624,SZ,创业板,301529.SZ,2023-09-11,False,True,2023-09-11,2026-05-21,648.0,589115945.6
301533,100,2,威马农机,36.08000183105469,SZ,创业板,301533.SZ,2023-08-18,False,True,2023-08-18,2026-05-21,664.0,31694956.5
301535,100,2,浙江华远,21.950000762939453,SZ,创业板,301535.SZ,2025-03-27,False,True,2025-03-27,2026-05-21,278.0,57520254.8
301536,100,2,星宸科技,76.19000244140625,SZ,创业板,301536.SZ,2024-03-28,False,True,2024-03-28,2026-05-21,518.0,876352579.2
301538,100,2,骏鼎达,75.01000213623047,SZ,创业板,301538.SZ,2024-03-20,False,True,2024-03-20,2026-05-21,524.0,288975125.0
301539,100,2,宏鑫科技,19.14999961853028,SZ,创业板,301539.SZ,2024-04-15,False,True,2024-04-15,2026-05-21,508.0,38959415.4
301548,100,2,崇德科技,71.0999984741211,SZ,创业板,301548.SZ,2023-09-20,False,True,2023-09-20,2026-05-21,641.0,203382644.0
301550,100,2,斯菱智驱,136.16000366210938,SZ,创业板,301550.SZ,2023-09-15,False,True,2023-09-15,2026-05-21,644.0,1139524209.6
301551,100,2,无线传媒,29.8799991607666,SZ,创业板,301551.SZ,2024-09-26,False,True,2024-09-26,2026-05-21,396.0,128889225.6
301552,100,2,科力装备,116.2400016784668,SZ,创业板,301552.SZ,2024-07-22,False,True,2024-07-22,2026-05-21,442.0,66308389.4
301555,100,2,惠柏新材,100.04999923706056,SZ,创业板,301555.SZ,2023-10-31,False,True,2023-10-31,2026-05-21,618.0,145357634.0
301556,100,2,托普云农,86.16000366210938,SZ,创业板,301556.SZ,2024-10-17,False,True,2024-10-17,2026-05-21,386.0,163955688.4
301557,100,2,常友科技,101.47000122070312,SZ,创业板,301557.SZ,2025-03-04,False,True,2025-03-04,2026-05-21,295.0,118732183.4
301558,100,2,三态股份,88.01749992370605,SZ,创业板,301558.SZ,2023-09-28,False,True,2023-09-28,2026-05-21,635.0,71052664.8
301559,100,2,中集环科,16.739999771118164,SZ,创业板,301559.SZ,2023-10-11,False,True,2023-10-11,2026-05-21,632.0,37875388.7
301560,100,2,众捷汽车,96.04000091552734,SZ,创业板,301560.SZ,2025-04-25,False,True,2025-04-25,2026-05-21,258.0,217528686.8
301563,100,2,云汉芯城,155.9199981689453,SZ,创业板,301563.SZ,2025-09-30,False,True,2025-09-30,2026-05-21,150.0,332071853.6
301565,100,2,中仑新材,21.36000061035156,SZ,创业板,301565.SZ,2024-06-20,False,True,2024-06-20,2026-05-21,464.0,80853655.6
301566,100,2,达利凯普,22.020000457763672,SZ,创业板,301566.SZ,2023-12-29,False,True,2023-12-29,2026-05-21,575.0,499856200.0
301567,100,2,贝隆精密,216.0099983215332,SZ,创业板,301567.SZ,2024-01-16,False,True,2024-01-16,2026-05-21,564.0,58413190.9
301568,100,2,思泰克,336.1800003051758,SZ,创业板,301568.SZ,2023-11-28,False,True,2023-11-28,2026-05-21,598.0,259047056.0
301571,100,2,国科天成,456.04000091552734,SZ,创业板,301571.SZ,2024-08-21,False,True,2024-08-21,2026-05-21,420.0,279467180.8
301575,100,2,艾芬达,272.04999923706055,SZ,创业板,301575.SZ,2025-09-10,False,True,2025-09-10,2026-05-21,164.0,37800651.3
301577,100,2,美信科技,65.55000305175781,SZ,创业板,301577.SZ,2024-01-24,False,True,2024-01-24,2026-05-21,558.0,136412393.0
301578,100,2,辰奕智能,48.18999862670898,SZ,创业板,301578.SZ,2023-12-28,False,True,2023-12-28,2026-05-21,576.0,32629166.0
301580,100,2,爱迪特,72.26000213623047,SZ,创业板,301580.SZ,2024-06-26,False,True,2024-06-26,2026-05-21,460.0,351708805.6
301581,100,2,黄山谷捷,276.0,SZ,创业板,301581.SZ,2025-01-03,False,True,2025-01-03,2026-05-21,331.0,34379257.35
301584,100,2,建发致新,27.729999542236328,SZ,创业板,301584.SZ,2025-09-25,False,True,2025-09-25,2026-05-21,153.0,66243849.2
301585,100,2,蓝宇股份,29.020000457763672,SZ,创业板,301585.SZ,2024-12-20,False,True,2024-12-20,2026-05-21,340.0,51025515.2
301586,100,2,佳力奇,224.0999984741211,SZ,创业板,301586.SZ,2024-08-28,False,True,2024-08-28,2026-05-21,415.0,50939659.0
301587,100,2,中瑞股份,24.18000030517578,SZ,创业板,301587.SZ,2024-04-08,False,True,2024-04-08,2026-05-21,513.0,258261200.4
301588,100,2,美新科技,24.34000015258789,SZ,创业板,301588.SZ,2024-03-13,False,True,2024-03-13,2026-05-21,529.0,348365920.8
301589,100,2,诺瓦星云,169.88999938964844,SZ,创业板,301589.SZ,2024-02-08,False,True,2024-02-08,2026-05-21,547.0,161317126.8
301590,100,2,优优绿能,181.97000122070312,SZ,创业板,301590.SZ,2025-06-05,False,True,2025-06-05,2026-05-21,233.0,181190285.2
301591,100,2,肯特股份,172.0999984741211,SZ,创业板,301591.SZ,2024-02-28,False,True,2024-02-28,2026-05-21,539.0,95961741.0
301592,100,2,六九一二,112.5,SZ,创业板,301592.SZ,2024-10-24,False,True,2024-10-24,2026-05-21,381.0,204797220.8
301595,100,2,太力科技,468.1300010681152,SZ,创业板,301595.SZ,2025-05-19,False,True,2025-05-19,2026-05-21,245.0,111431380.4
301596,100,2,瑞迪智驱,66.0,SZ,创业板,301596.SZ,2024-05-13,False,True,2024-05-13,2026-05-21,491.0,154826381.4
301598,100,2,博科测试,480.2299995422363,SZ,创业板,301598.SZ,2024-12-20,False,True,2024-12-20,2026-05-21,340.0,47794936.2
301600,100,2,慧翰股份,104.06999969482422,SZ,创业板,301600.SZ,2024-09-11,False,True,2024-09-11,2026-05-21,405.0,143618168.4
301601,100,2,惠通科技,25.100000381469727,SZ,创业板,301601.SZ,2025-01-15,False,True,2025-01-15,2026-05-21,323.0,40814027.5
301602,100,2,超研股份,20.420000076293945,SZ,创业板,301602.SZ,2025-01-22,False,True,2025-01-22,2026-05-21,318.0,36664417.3
301603,100,2,乔锋智能,67.26000213623047,SZ,创业板,301603.SZ,2024-07-10,False,True,2024-07-10,2026-05-21,450.0,637617196.8
301606,100,2,绿联科技,68.04000091552734,SZ,创业板,301606.SZ,2024-07-26,False,True,2024-07-26,2026-05-21,438.0,414047460.0
301607,100,2,富特科技,232.13000106811523,SZ,创业板,301607.SZ,2024-09-04,False,True,2024-09-04,2026-05-21,410.0,441136484.0
301608,100,2,博实结,82.08000183105469,SZ,创业板,301608.SZ,2024-08-01,False,True,2024-08-01,2026-05-21,434.0,161165467.2
301609,100,2,山大电力,364.1800003051758,SZ,创业板,301609.SZ,2025-07-23,False,True,2025-07-23,2026-05-21,199.0,157256782.8
301611,100,2,珂玛科技,97.61000061035156,SZ,创业板,301611.SZ,2024-08-16,False,True,2024-08-16,2026-05-21,423.0,1944930016.0
301613,100,2,新铝时代,260.20000076293945,SZ,创业板,301613.SZ,2024-10-25,False,True,2024-10-25,2026-05-21,370.0,85056746.4
301616,100,2,浙江华业,284.04999923706055,SZ,创业板,301616.SZ,2025-03-27,False,True,2025-03-27,2026-05-21,278.0,40558516.8
301617,100,2,博苑股份,436.1399993896485,SZ,创业板,301617.SZ,2024-12-11,False,True,2024-12-11,2026-05-21,347.0,214274209.6
301618,100,2,长联科技,320.060001373291,SZ,创业板,301618.SZ,2024-09-30,False,True,2024-09-30,2026-05-21,394.0,48776332.1
301622,100,2,英思特,492.0,SZ,创业板,301622.SZ,2024-12-04,False,True,2024-12-04,2026-05-21,352.0,113100239.6
301626,100,2,苏州天脉,247.0,SZ,创业板,301626.SZ,2024-10-24,False,True,2024-10-24,2026-05-21,381.0,630543070.4
301628,100,2,强达电路,104.7300033569336,SZ,创业板,301628.SZ,2024-10-31,False,True,2024-10-31,2026-05-21,376.0,277273782.4
301629,100,2,矽电股份,289.8999938964844,SZ,创业板,301629.SZ,2025-03-24,False,True,2025-03-24,2026-05-21,281.0,1020389273.6
301630,100,2,同宇新材,178.66000366210938,SZ,创业板,301630.SZ,2025-07-10,False,True,2025-07-10,2026-05-21,208.0,412132041.6
301631,100,2,壹连科技,90.1999969482422,SZ,创业板,301631.SZ,2024-11-22,False,True,2024-11-22,2026-05-21,360.0,420710822.4
301632,100,2,广东建科,21.979999542236328,SZ,创业板,301632.SZ,2025-08-12,False,True,2025-08-12,2026-05-21,185.0,41486911.4
301633,100,2,港迪技术,64.9000015258789,SZ,创业板,301633.SZ,2024-11-07,False,True,2024-11-07,2026-05-21,371.0,29253008.45
301636,100,2,泽润新能,76.95999908447266,SZ,创业板,301636.SZ,2025-05-16,False,True,2025-05-16,2026-05-21,246.0,132782066.4
301638,100,2,南网数字,29.270000457763672,SZ,创业板,301638.SZ,2025-11-18,False,True,2025-11-18,2026-05-21,121.0,1092940681.6
301656,100,2,联合动力,24.59000015258789,SZ,创业板,301656.SZ,2025-09-25,False,True,2025-09-25,2026-05-21,153.0,190192578.8
301658,100,2,首航新能,484.0999984741211,SZ,创业板,301658.SZ,2025-04-02,False,True,2025-04-02,2026-05-21,274.0,432673883.2
301662,100,2,宏工科技,142.0,SZ,创业板,301662.SZ,2025-04-17,False,True,2025-04-17,2026-05-21,264.0,385990442.4
301665,100,2,泰禾股份,27.350000381469727,SZ,创业板,301665.SZ,2025-04-11,False,True,2025-04-11,2026-05-21,268.0,86800108.6
301668,100,2,昊创瑞通,392.0,SZ,创业板,301668.SZ,2025-09-26,False,True,2025-09-26,2026-05-21,152.0,67301737.0
301678,100,2,新恒汇,540.0699996948242,SZ,创业板,301678.SZ,2025-06-20,False,True,2025-06-20,2026-05-21,222.0,179155828.8
